Date,USSAttendance
2017-01-01,12682
2017-01-02,11298
2017-01-03,11077
2017-01-04,10945
2017-01-05,11176
2017-01-06,11165
2017-01-07,12800
2017-01-08,12876
2017-01-09,11234
2017-01-10,11206
2017-01-11,11218
2017-01-12,11140
2017-01-13,11019
2017-01-14,13447
2017-01-15,12544
2017-01-16,11167
2017-01-17,10948
2017-01-18,11141
2017-01-19,10990
2017-01-20,11123
2017-01-21,13078
2017-01-22,12742
2017-01-23,11020
2017-01-24,11230
2017-01-25,10978
2017-01-26,11173
2017-01-27,10996
2017-01-28,13093
2017-01-29,12698
2017-01-30,11078
2017-01-31,10940
2017-02-01,10966
2017-02-02,11103
2017-02-03,11102
2017-02-04,12260
2017-02-05,12681
2017-02-06,11000
2017-02-07,10859
2017-02-08,11014
2017-02-09,10974
2017-02-10,11149
2017-02-11,12893
2017-02-12,13174
2017-02-13,11039
2017-02-14,11063
2017-02-15,11186
2017-02-16,10914
2017-02-17,11071
2017-02-18,13353
2017-02-19,12625
2017-02-20,10862
2017-02-21,11408
2017-02-22,11040
2017-02-23,10886
2017-02-24,11255
2017-02-25,12660
2017-02-26,12393
2017-02-27,11309
2017-02-28,11229
2017-03-01,10893
2017-03-02,11268
2017-03-03,11232
2017-03-04,12976
2017-03-05,13119
2017-03-06,11150
2017-03-07,11112
2017-03-08,10900
2017-03-09,11152
2017-03-10,11166
2017-03-11,12416
2017-03-12,12946
2017-03-13,10941
2017-03-14,11154
2017-03-15,11195
2017-03-16,11205
2017-03-17,10921
2017-03-18,12777
2017-03-19,13059
2017-03-20,10820
2017-03-21,11129
2017-03-22,10897
2017-03-23,11028
2017-03-24,10914
2017-03-25,12780
2017-03-26,12473
2017-03-27,10857
2017-03-28,11009
2017-03-29,11453
2017-03-30,11014
2017-03-31,11066
2017-04-01,12913
2017-04-02,12194
2017-04-03,11044
2017-04-04,10869
2017-04-05,10960
2017-04-06,11256
2017-04-07,11267
2017-04-08,12426
2017-04-09,12425
2017-04-10,11219
2017-04-11,11032
2017-04-12,11123
2017-04-13,11192
2017-04-14,11152
2017-04-15,12757
2017-04-16,13286
2017-04-17,11229
2017-04-18,10732
2017-04-19,11108
2017-04-20,11296
2017-04-21,10644
2017-04-22,12787
2017-04-23,13260
2017-04-24,11337
2017-04-25,11008
2017-04-26,10935
2017-04-27,10705
2017-04-28,11187
2017-04-29,13255
2017-04-30,12381
2017-05-01,11308
2017-05-02,10727
2017-05-03,11025
2017-05-04,11272
2017-05-05,11154
2017-05-06,12399
2017-05-07,13100
2017-05-08,11280
2017-05-09,11029
2017-05-10,11096
2017-05-11,10775
2017-05-12,10508
2017-05-13,12218
2017-05-14,12199
2017-05-15,11175
2017-05-16,11011
2017-05-17,11206
2017-05-18,11127
2017-05-19,11196
2017-05-20,12321
2017-05-21,12627
2017-05-22,11203
2017-05-23,10833
2017-05-24,10784
2017-05-25,11233
2017-05-26,10990
2017-05-27,12120
2017-05-28,13235
2017-05-29,11146
2017-05-30,11115
2017-05-31,10838
2017-06-01,10848
2017-06-02,11283
2017-06-03,12305
2017-06-04,13301
2017-06-05,11103
2017-06-06,11042
2017-06-07,11312
2017-06-08,11065
2017-06-09,11020
2017-06-10,12765
2017-06-11,13140
2017-06-12,11199
2017-06-13,10997
2017-06-14,10994
2017-06-15,11055
2017-06-16,11181
2017-06-17,12692
2017-06-18,12150
2017-06-19,11163
2017-06-20,11004
2017-06-21,11063
2017-06-22,11272
2017-06-23,10953
2017-06-24,12543
2017-06-25,12779
2017-06-26,11205
2017-06-27,11024
2017-06-28,11150
2017-06-29,10896
2017-06-30,11080
2017-07-01,12950
2017-07-02,12558
2017-07-03,11299
2017-07-04,11044
2017-07-05,11180
2017-07-06,11036
2017-07-07,11211
2017-07-08,12360
2017-07-09,12359
2017-07-10,10790
2017-07-11,11272
2017-07-12,11159
2017-07-13,11239
2017-07-14,10646
2017-07-15,12636
2017-07-16,13044
2017-07-17,11579
2017-07-18,11106
2017-07-19,11121
2017-07-20,10948
2017-07-21,10993
2017-07-22,13034
2017-07-23,12755
2017-07-24,11471
2017-07-25,11348
2017-07-26,10757
2017-07-27,11311
2017-07-28,11146
2017-07-29,12269
2017-07-30,12229
2017-07-31,11357
2017-08-01,11184
2017-08-02,11087
2017-08-03,11583
2017-08-04,11408
2017-08-05,12675
2017-08-06,12287
2017-08-07,11313
2017-08-08,11031
2017-08-09,11235
2017-08-10,11104
2017-08-11,11066
2017-08-12,13304
2017-08-13,13383
2017-08-14,11569
2017-08-15,11002
2017-08-16,11050
2017-08-17,10961
2017-08-18,11105
2017-08-19,12520
2017-08-20,12656
2017-08-21,11110
2017-08-22,11070
2017-08-23,11137
2017-08-24,11328
2017-08-25,11025
2017-08-26,12424
2017-08-27,12067
2017-08-28,11021
2017-08-29,10800
2017-08-30,11274
2017-08-31,11343
2017-09-01,11137
2017-09-02,13035
2017-09-03,13169
2017-09-04,11277
2017-09-05,11063
2017-09-06,11009
2017-09-07,10995
2017-09-08,10995
2017-09-09,12884
2017-09-10,13226
2017-09-11,11323
2017-09-12,10871
2017-09-13,11177
2017-09-14,11236
2017-09-15,10884
2017-09-16,12119
2017-09-17,12832
2017-09-18,10704
2017-09-19,10938
2017-09-20,11166
2017-09-21,11217
2017-09-22,11161
2017-09-23,12945
2017-09-24,12858
2017-09-25,11126
2017-09-26,10849
2017-09-27,10953
2017-09-28,11129
2017-09-29,10650
2017-09-30,12159
2017-10-01,12603
2017-10-02,11348
2017-10-03,10964
2017-10-04,11306
2017-10-05,11092
2017-10-06,11091
2017-10-07,12203
2017-10-08,13365
2017-10-09,11067
2017-10-10,10981
2017-10-11,11005
2017-10-12,11155
2017-10-13,11131
2017-10-14,13258
2017-10-15,12538
2017-10-16,11263
2017-10-17,11244
2017-10-18,11147
2017-10-19,11476
2017-10-20,11191
2017-10-21,12251
2017-10-22,13226
2017-10-23,10944
2017-10-24,11206
2017-10-25,11114
2017-10-26,11177
2017-10-27,11336
2017-10-28,12901
2017-10-29,12540
2017-10-30,10958
2017-10-31,11096
2017-11-01,11075
2017-11-02,11233
2017-11-03,10950
2017-11-04,12671
2017-11-05,12388
2017-11-06,10895
2017-11-07,11057
2017-11-08,11016
2017-11-09,11021
2017-11-10,11064
2017-11-11,12486
2017-11-12,12566
2017-11-13,11153
2017-11-14,10580
2017-11-15,11101
2017-11-16,11204
2017-11-17,11433
2017-11-18,12300
2017-11-19,13067
2017-11-20,10996
2017-11-21,10831
2017-11-22,10817
2017-11-23,11332
2017-11-24,11055
2017-11-25,12344
2017-11-26,12149
2017-11-27,11251
2017-11-28,11193
2017-11-29,10819
2017-11-30,10608
2017-12-01,11119
2017-12-02,12409
2017-12-03,13173
2017-12-04,11144
2017-12-05,11196
2017-12-06,11206
2017-12-07,11057
2017-12-08,11155
2017-12-09,12720
2017-12-10,13003
2017-12-11,11424
2017-12-12,10724
2017-12-13,11160
2017-12-14,11080
2017-12-15,10914
2017-12-16,12622
2017-12-17,13102
2017-12-18,11215
2017-12-19,11155
2017-12-20,11322
2017-12-21,10945
2017-12-22,10755
2017-12-23,12810
2017-12-24,12956
2017-12-25,11121
2017-12-26,11234
2017-12-27,10992
2017-12-28,11272
2017-12-29,11241
2017-12-30,12744
2017-12-31,13255
2018-01-01,11474
2018-01-02,11378
2018-01-03,11776
2018-01-04,11507
2018-01-05,11595
2018-01-06,13614
2018-01-07,12890
2018-01-08,11324
2018-01-09,11198
2018-01-10,11657
2018-01-11,11567
2018-01-12,11436
2018-01-13,13501
2018-01-14,13497
2018-01-15,11594
2018-01-16,11615
2018-01-17,11445
2018-01-18,11672
2018-01-19,11562
2018-01-20,12826
2018-01-21,13421
2018-01-22,11758
2018-01-23,11380
2018-01-24,11322
2018-01-25,11454
2018-01-26,11441
2018-01-27,13137
2018-01-28,13422
2018-01-29,11763
2018-01-30,11592
2018-01-31,11375
2018-02-01,11595
2018-02-02,11565
2018-02-03,13430
2018-02-04,13129
2018-02-05,11525
2018-02-06,11693
2018-02-07,11570
2018-02-08,11655
2018-02-09,11457
2018-02-10,13370
2018-02-11,13639
2018-02-12,11626
2018-02-13,11661
2018-02-14,11588
2018-02-15,11774
2018-02-16,11765
2018-02-17,13827
2018-02-18,12987
2018-02-19,11725
2018-02-20,11619
2018-02-21,11663
2018-02-22,11525
2018-02-23,11370
2018-02-24,12774
2018-02-25,12832
2018-02-26,11628
2018-02-27,11698
2018-02-28,11675
2018-03-01,11604
2018-03-02,11722
2018-03-03,13692
2018-03-04,12942
2018-03-05,11578
2018-03-06,11742
2018-03-07,11519
2018-03-08,11535
2018-03-09,11665
2018-03-10,13131
2018-03-11,12955
2018-03-12,11779
2018-03-13,11380
2018-03-14,11774
2018-03-15,11544
2018-03-16,11701
2018-03-17,13196
2018-03-18,13546
2018-03-19,11756
2018-03-20,11540
2018-03-21,11615
2018-03-22,11850
2018-03-23,11783
2018-03-24,13238
2018-03-25,13737
2018-03-26,11371
2018-03-27,11383
2018-03-28,11814
2018-03-29,11602
2018-03-30,11689
2018-03-31,12560
2018-04-01,12985
2018-04-02,11283
2018-04-03,11605
2018-04-04,11642
2018-04-05,11712
2018-04-06,11759
2018-04-07,12777
2018-04-08,13807
2018-04-09,11429
2018-04-10,11597
2018-04-11,11807
2018-04-12,11541
2018-04-13,11773
2018-04-14,13214
2018-04-15,13239
2018-04-16,11582
2018-04-17,11078
2018-04-18,11679
2018-04-19,11611
2018-04-20,11090
2018-04-21,13887
2018-04-22,12865
2018-04-23,11553
2018-04-24,11687
2018-04-25,11769
2018-04-26,11901
2018-04-27,11326
2018-04-28,13497
2018-04-29,13271
2018-04-30,11622
2018-05-01,11308
2018-05-02,11565
2018-05-03,11554
2018-05-04,11600
2018-05-05,13198
2018-05-06,13537
2018-05-07,11686
2018-05-08,11554
2018-05-09,11416
2018-05-10,11683
2018-05-11,11598
2018-05-12,13297
2018-05-13,13561
2018-05-14,11431
2018-05-15,11640
2018-05-16,11726
2018-05-17,11687
2018-05-18,11706
2018-05-19,13529
2018-05-20,13455
2018-05-21,11497
2018-05-22,11690
2018-05-23,11554
2018-05-24,11717
2018-05-25,11561
2018-05-26,13005
2018-05-27,13240
2018-05-28,11841
2018-05-29,11870
2018-05-30,11537
2018-05-31,11458
2018-06-01,11134
2018-06-02,13234
2018-06-03,13216
2018-06-04,11445
2018-06-05,11799
2018-06-06,11759
2018-06-07,11387
2018-06-08,11216
2018-06-09,13784
2018-06-10,12979
2018-06-11,11558
2018-06-12,11400
2018-06-13,11985
2018-06-14,11548
2018-06-15,11322
2018-06-16,13926
2018-06-17,13235
2018-06-18,11737
2018-06-19,11560
2018-06-20,11179
2018-06-21,11505
2018-06-22,11681
2018-06-23,12903
2018-06-24,12742
2018-06-25,11536
2018-06-26,11465
2018-06-27,11619
2018-06-28,11649
2018-06-29,11909
2018-06-30,13303
2018-07-01,12802
2018-07-02,11594
2018-07-03,11748
2018-07-04,11653
2018-07-05,11532
2018-07-06,11615
2018-07-07,12719
2018-07-08,13873
2018-07-09,11517
2018-07-10,11636
2018-07-11,11714
2018-07-12,11652
2018-07-13,11820
2018-07-14,13407
2018-07-15,12875
2018-07-16,11529
2018-07-17,11416
2018-07-18,11312
2018-07-19,11438
2018-07-20,11439
2018-07-21,13170
2018-07-22,12930
2018-07-23,11679
2018-07-24,11628
2018-07-25,11693
2018-07-26,11641
2018-07-27,11740
2018-07-28,13582
2018-07-29,13780
2018-07-30,11556
2018-07-31,11665
2018-08-01,11766
2018-08-02,11712
2018-08-03,11684
2018-08-04,12548
2018-08-05,13659
2018-08-06,11345
2018-08-07,11646
2018-08-08,11576
2018-08-09,11523
2018-08-10,11642
2018-08-11,13267
2018-08-12,13239
2018-08-13,11562
2018-08-14,11658
2018-08-15,11757
2018-08-16,11340
2018-08-17,11517
2018-08-18,13354
2018-08-19,12615
2018-08-20,11553
2018-08-21,11659
2018-08-22,11413
2018-08-23,11657
2018-08-24,11197
2018-08-25,12763
2018-08-26,13406
2018-08-27,11619
2018-08-28,11602
2018-08-29,11549
2018-08-30,11615
2018-08-31,11090
2018-09-01,13775
2018-09-02,13422
2018-09-03,11863
2018-09-04,11271
2018-09-05,11836
2018-09-06,11600
2018-09-07,11479
2018-09-08,12829
2018-09-09,12779
2018-09-10,11654
2018-09-11,11495
2018-09-12,11320
2018-09-13,11637
2018-09-14,11323
2018-09-15,13440
2018-09-16,12802
2018-09-17,11829
2018-09-18,11643
2018-09-19,11392
2018-09-20,11528
2018-09-21,11717
2018-09-22,14068
2018-09-23,12853
2018-09-24,11668
2018-09-25,11821
2018-09-26,11708
2018-09-27,11560
2018-09-28,11747
2018-09-29,13389
2018-09-30,12830
2018-10-01,11788
2018-10-02,11548
2018-10-03,11664
2018-10-04,11607
2018-10-05,11704
2018-10-06,13868
2018-10-07,13458
2018-10-08,11528
2018-10-09,11272
2018-10-10,11453
2018-10-11,11142
2018-10-12,11746
2018-10-13,12667
2018-10-14,13627
2018-10-15,11695
2018-10-16,11523
2018-10-17,11653
2018-10-18,11637
2018-10-19,11615
2018-10-20,13084
2018-10-21,13115
2018-10-22,11653
2018-10-23,11702
2018-10-24,11552
2018-10-25,11644
2018-10-26,11440
2018-10-27,12767
2018-10-28,13137
2018-10-29,11656
2018-10-30,11276
2018-10-31,11525
2018-11-01,11604
2018-11-02,11881
2018-11-03,13749
2018-11-04,13914
2018-11-05,11733
2018-11-06,11732
2018-11-07,11267
2018-11-08,11305
2018-11-09,11338
2018-11-10,13484
2018-11-11,12739
2018-11-12,11534
2018-11-13,11370
2018-11-14,11319
2018-11-15,11449
2018-11-16,11620
2018-11-17,13358
2018-11-18,12958
2018-11-19,12021
2018-11-20,11514
2018-11-21,11303
2018-11-22,11018
2018-11-23,11440
2018-11-24,13705
2018-11-25,13318
2018-11-26,11256
2018-11-27,11287
2018-11-28,11289
2018-11-29,11536
2018-11-30,11586
2018-12-01,13237
2018-12-02,13534
2018-12-03,11516
2018-12-04,11529
2018-12-05,11568
2018-12-06,11442
2018-12-07,11657
2018-12-08,13341
2018-12-09,13198
2018-12-10,11751
2018-12-11,11838
2018-12-12,11376
2018-12-13,11962
2018-12-14,11433
2018-12-15,12777
2018-12-16,12791
2018-12-17,11782
2018-12-18,11418
2018-12-19,11628
2018-12-20,11732
2018-12-21,11543
2018-12-22,13605
2018-12-23,13751
2018-12-24,11587
2018-12-25,11589
2018-12-26,11629
2018-12-27,11781
2018-12-28,11616
2018-12-29,13736
2018-12-30,13394
2018-12-31,11214
2019-01-01,11913
2019-01-02,11918
2019-01-03,11999
2019-01-04,11769
2019-01-05,13006
2019-01-06,13836
2019-01-07,11701
2019-01-08,11734
2019-01-09,11642
2019-01-10,11857
2019-01-11,11969
2019-01-12,13461
2019-01-13,13210
2019-01-14,11945
2019-01-15,11559
2019-01-16,11841
2019-01-17,11860
2019-01-18,11498
2019-01-19,13181
2019-01-20,13427
2019-01-21,12054
2019-01-22,11887
2019-01-23,11864
2019-01-24,11833
2019-01-25,11788
2019-01-26,13990
2019-01-27,13439
2019-01-28,11975
2019-01-29,11830
2019-01-30,12240
2019-01-31,12119
2019-02-01,11845
2019-02-02,13157
2019-02-03,14039
2019-02-04,11419
2019-02-05,11902
2019-02-06,11845
2019-02-07,11845
2019-02-08,11794
2019-02-09,13852
2019-02-10,13227
2019-02-11,11871
2019-02-12,11681
2019-02-13,11913
2019-02-14,11979
2019-02-15,11893
2019-02-16,13738
2019-02-17,13135
2019-02-18,11534
2019-02-19,11740
2019-02-20,11884
2019-02-21,11921
2019-02-22,11787
2019-02-23,13989
2019-02-24,13904
2019-02-25,11668
2019-02-26,11858
2019-02-27,12037
2019-02-28,11905
2019-03-01,11730
2019-03-02,14512
2019-03-03,13509
2019-03-04,12000
2019-03-05,12005
2019-03-06,11937
2019-03-07,11834
2019-03-08,11632
2019-03-09,14134
2019-03-10,13500
2019-03-11,11710
2019-03-12,11975
2019-03-13,11885
2019-03-14,11905
2019-03-15,11697
2019-03-16,13332
2019-03-17,13692
2019-03-18,11965
2019-03-19,11493
2019-03-20,11974
2019-03-21,11593
2019-03-22,11893
2019-03-23,13586
2019-03-24,13897
2019-03-25,11993
2019-03-26,11797
2019-03-27,11816
2019-03-28,11863
2019-03-29,11693
2019-03-30,13391
2019-03-31,13132
2019-04-01,11376
2019-04-02,11736
2019-04-03,11636
2019-04-04,11676
2019-04-05,11810
2019-04-06,13667
2019-04-07,14354
2019-04-08,11704
2019-04-09,12000
2019-04-10,11481
2019-04-11,11586
2019-04-12,11551
2019-04-13,14151
2019-04-14,13486
2019-04-15,11916
2019-04-16,11871
2019-04-17,11967
2019-04-18,11796
2019-04-19,11945
2019-04-20,13778
2019-04-21,13923
2019-04-22,11688
2019-04-23,11458
2019-04-24,11925
2019-04-25,11771
2019-04-26,11464
2019-04-27,13234
2019-04-28,12938
2019-04-29,11805
2019-04-30,11819
2019-05-01,12110
2019-05-02,11910
2019-05-03,11828
2019-05-04,13271
2019-05-05,14150
2019-05-06,11982
2019-05-07,11754
2019-05-08,11700
2019-05-09,11874
2019-05-10,12028
2019-05-11,12954
2019-05-12,13445
2019-05-13,12012
2019-05-14,11998
2019-05-15,11796
2019-05-16,11667
2019-05-17,11604
2019-05-18,14148
2019-05-19,13197
2019-05-20,11919
2019-05-21,11820
2019-05-22,11777
2019-05-23,11922
2019-05-24,11660
2019-05-25,13370
2019-05-26,13300
2019-05-27,11975
2019-05-28,11714
2019-05-29,11972
2019-05-30,11700
2019-05-31,11766
2019-06-01,12909
2019-06-02,13483
2019-06-03,11605
2019-06-04,12160
2019-06-05,12046
2019-06-06,11646
2019-06-07,11561
2019-06-08,12975
2019-06-09,13815
2019-06-10,11860
2019-06-11,11930
2019-06-12,11786
2019-06-13,12158
2019-06-14,11817
2019-06-15,13774
2019-06-16,14002
2019-06-17,11885
2019-06-18,11912
2019-06-19,11904
2019-06-20,11855
2019-06-21,12076
2019-06-22,13268
2019-06-23,13722
2019-06-24,11541
2019-06-25,11932
2019-06-26,11814
2019-06-27,12091
2019-06-28,11728
2019-06-29,13592
2019-06-30,14236
2019-07-01,12018
2019-07-02,11917
2019-07-03,12016
2019-07-04,11602
2019-07-05,11803
2019-07-06,14113
2019-07-07,13291
2019-07-08,11479
2019-07-09,11819
2019-07-10,11645
2019-07-11,11907
2019-07-12,11829
2019-07-13,14054
2019-07-14,13910
2019-07-15,11663
2019-07-16,11918
2019-07-17,11930
2019-07-18,12077
2019-07-19,11864
2019-07-20,13903
2019-07-21,13795
2019-07-22,11575
2019-07-23,11795
2019-07-24,11442
2019-07-25,11964
2019-07-26,11728
2019-07-27,14405
2019-07-28,13095
2019-07-29,11855
2019-07-30,11862
2019-07-31,11879
2019-08-01,12066
2019-08-02,11907
2019-08-03,13721
2019-08-04,13609
2019-08-05,11919
2019-08-06,11934
2019-08-07,11972
2019-08-08,11850
2019-08-09,11662
2019-08-10,13522
2019-08-11,13731
2019-08-12,11929
2019-08-13,11823
2019-08-14,11858
2019-08-15,12018
2019-08-16,11736
2019-08-17,13130
2019-08-18,13457
2019-08-19,11699
2019-08-20,12007
2019-08-21,11882
2019-08-22,11972
2019-08-23,11889
2019-08-24,14285
2019-08-25,13344
2019-08-26,11717
2019-08-27,11924
2019-08-28,11993
2019-08-29,11828
2019-08-30,12107
2019-08-31,14115
2019-09-01,14067
2019-09-02,11759
2019-09-03,11980
2019-09-04,11611
2019-09-05,12000
2019-09-06,11755
2019-09-07,13620
2019-09-08,14087
2019-09-09,11756
2019-09-10,11806
2019-09-11,11635
2019-09-12,11795
2019-09-13,11872
2019-09-14,13425
2019-09-15,14062
2019-09-16,12069
2019-09-17,11921
2019-09-18,11671
2019-09-19,11900
2019-09-20,11807
2019-09-21,13969
2019-09-22,13622
2019-09-23,11843
2019-09-24,11893
2019-09-25,11400
2019-09-26,11794
2019-09-27,11883
2019-09-28,13691
2019-09-29,13211
2019-09-30,11648
2019-10-01,11717
2019-10-02,11898
2019-10-03,12000
2019-10-04,11905
2019-10-05,13189
2019-10-06,13546
2019-10-07,11775
2019-10-08,11647
2019-10-09,11820
2019-10-10,11922
2019-10-11,11990
2019-10-12,13708
2019-10-13,13405
2019-10-14,11688
2019-10-15,11887
2019-10-16,11588
2019-10-17,11883
2019-10-18,11865
2019-10-19,13191
2019-10-20,13848
2019-10-21,11807
2019-10-22,11558
2019-10-23,11451
2019-10-24,11858
2019-10-25,11266
2019-10-26,13363
2019-10-27,13488
2019-10-28,11883
2019-10-29,11809
2019-10-30,11813
2019-10-31,11895
2019-11-01,11696
2019-11-02,13312
2019-11-03,13336
2019-11-04,11884
2019-11-05,11956
2019-11-06,11858
2019-11-07,12038
2019-11-08,11860
2019-11-09,14041
2019-11-10,14121
2019-11-11,11827
2019-11-12,11984
2019-11-13,11435
2019-11-14,11724
2019-11-15,11733
2019-11-16,13647
2019-11-17,13446
2019-11-18,11753
2019-11-19,11792
2019-11-20,11444
2019-11-21,11719
2019-11-22,11821
2019-11-23,14024
2019-11-24,14034
2019-11-25,12048
2019-11-26,11945
2019-11-27,11793
2019-11-28,12130
2019-11-29,11718
2019-11-30,14191
2019-12-01,13635
2019-12-02,11550
2019-12-03,11849
2019-12-04,11728
2019-12-05,12048
2019-12-06,11950
2019-12-07,13531
2019-12-08,13868
2019-12-09,11561
2019-12-10,11980
2019-12-11,11892
2019-12-12,11904
2019-12-13,11562
2019-12-14,12986
2019-12-15,13295
2019-12-16,11699
2019-12-17,11849
2019-12-18,11762
2019-12-19,11409
2019-12-20,11697
2019-12-21,13225
2019-12-22,13526
2019-12-23,11668
2019-12-24,11603
2019-12-25,11812
2019-12-26,11613
2019-12-27,11852
2019-12-28,12891
2019-12-29,13470
2019-12-30,11713
2019-12-31,11885
2020-01-01,3707
2020-01-02,3698
2020-01-03,3641
2020-01-04,4436
2020-01-05,4243
2020-01-06,3754
2020-01-07,3757
2020-01-08,3765
2020-01-09,3738
2020-01-10,3759
2020-01-11,4169
2020-01-12,4316
2020-01-13,3749
2020-01-14,3758
2020-01-15,3731
2020-01-16,3789
2020-01-17,3680
2020-01-18,4249
2020-01-19,4315
2020-01-20,3709
2020-01-21,3703
2020-01-22,3785
2020-01-23,3706
2020-01-24,3711
2020-01-25,4510
2020-01-26,4308
2020-01-27,3772
2020-01-28,3681
2020-01-29,3661
2020-01-30,3739
2020-01-31,3817
2020-02-01,4290
2020-02-02,4166
2020-02-03,3797
2020-02-04,3820
2020-02-05,3751
2020-02-06,3715
2020-02-07,3863
2020-02-08,4287
2020-02-09,4208
2020-02-10,3773
2020-02-11,3742
2020-02-12,3792
2020-02-13,3791
2020-02-14,3849
2020-02-15,4362
2020-02-16,4320
2020-02-17,3732
2020-02-18,3784
2020-02-19,3756
2020-02-20,3770
2020-02-21,3798
2020-02-22,4264
2020-02-23,4457
2020-02-24,3801
2020-02-25,3808
2020-02-26,3742
2020-02-27,3801
2020-02-28,3821
2020-02-29,4377
2020-03-01,4295
2020-03-02,3750
2020-03-03,3902
2020-03-04,3784
2020-03-05,3782
2020-03-06,3801
2020-03-07,4116
2020-03-08,4356
2020-03-09,3829
2020-03-10,3799
2020-03-11,3745
2020-03-12,3657
2020-03-13,3773
2020-03-14,4443
2020-03-15,4456
2020-03-16,3799
2020-03-17,3817
2020-03-18,3737
2020-03-19,3755
2020-03-20,3670
2020-03-21,4236
2020-03-22,4306
2020-03-23,3866
2020-03-24,3785
2020-03-25,3761
2020-03-26,3777
2020-03-27,3768
2020-03-28,4245
2020-03-29,4531
2020-03-30,3777
2020-03-31,3785
2020-04-01,3742
2020-04-02,3763
2020-04-03,3722
2020-04-04,4234
2020-04-05,4281
2020-04-06,3583
2020-04-07,0
2020-04-08,0
2020-04-09,0
2020-04-10,0
2020-04-11,0
2020-04-12,0
2020-04-13,0
2020-04-14,0
2020-04-15,0
2020-04-16,0
2020-04-17,0
2020-04-18,0
2020-04-19,0
2020-04-20,0
2020-04-21,0
2020-04-22,0
2020-04-23,0
2020-04-24,0
2020-04-25,0
2020-04-26,0
2020-04-27,0
2020-04-28,0
2020-04-29,0
2020-04-30,0
2020-05-01,0
2020-05-02,0
2020-05-03,0
2020-05-04,0
2020-05-05,0
2020-05-06,0
2020-05-07,0
2020-05-08,0
2020-05-09,0
2020-05-10,0
2020-05-11,0
2020-05-12,0
2020-05-13,0
2020-05-14,0
2020-05-15,0
2020-05-16,0
2020-05-17,0
2020-05-18,0
2020-05-19,0
2020-05-20,0
2020-05-21,0
2020-05-22,0
2020-05-23,0
2020-05-24,0
2020-05-25,0
2020-05-26,0
2020-05-27,0
2020-05-28,0
2020-05-29,0
2020-05-30,0
2020-05-31,0
2020-06-01,0
2020-06-02,0
2020-06-03,0
2020-06-04,0
2020-06-05,0
2020-06-06,0
2020-06-07,0
2020-06-08,0
2020-06-09,0
2020-06-10,0
2020-06-11,0
2020-06-12,0
2020-06-13,0
2020-06-14,0
2020-06-15,0
2020-06-16,0
2020-06-17,0
2020-06-18,0
2020-06-19,0
2020-06-20,0
2020-06-21,0
2020-06-22,0
2020-06-23,0
2020-06-24,0
2020-06-25,0
2020-06-26,0
2020-06-27,0
2020-06-28,0
2020-06-29,0
2020-06-30,0
2020-07-01,3738
2020-07-02,3694
2020-07-03,3695
2020-07-04,4190
2020-07-05,4326
2020-07-06,3709
2020-07-07,3743
2020-07-08,3762
2020-07-09,3697
2020-07-10,3649
2020-07-11,4366
2020-07-12,4410
2020-07-13,3647
2020-07-14,3910
2020-07-15,3874
2020-07-16,3712
2020-07-17,3731
2020-07-18,4338
2020-07-19,4173
2020-07-20,3759
2020-07-21,3775
2020-07-22,3655
2020-07-23,3669
2020-07-24,3718
2020-07-25,4326
2020-07-26,4360
2020-07-27,3773
2020-07-28,3839
2020-07-29,3711
2020-07-30,3783
2020-07-31,3768
2020-08-01,4525
2020-08-02,4167
2020-08-03,3727
2020-08-04,3794
2020-08-05,3764
2020-08-06,3820
2020-08-07,3743
2020-08-08,4128
2020-08-09,4358
2020-08-10,3762
2020-08-11,3726
2020-08-12,3710
2020-08-13,3733
2020-08-14,3732
2020-08-15,4278
2020-08-16,4375
2020-08-17,3715
2020-08-18,3736
2020-08-19,3748
2020-08-20,3884
2020-08-21,3736
2020-08-22,4246
2020-08-23,4097
2020-08-24,3801
2020-08-25,3779
2020-08-26,3838
2020-08-27,3760
2020-08-28,3770
2020-08-29,4528
2020-08-30,4359
2020-08-31,3753
2020-09-01,3805
2020-09-02,3742
2020-09-03,3696
2020-09-04,3601
2020-09-05,4058
2020-09-06,4177
2020-09-07,3850
2020-09-08,3782
2020-09-09,3805
2020-09-10,3837
2020-09-11,3659
2020-09-12,4502
2020-09-13,4041
2020-09-14,3729
2020-09-15,3767
2020-09-16,3750
2020-09-17,3796
2020-09-18,3715
2020-09-19,4293
2020-09-20,4349
2020-09-21,3644
2020-09-22,3743
2020-09-23,3743
2020-09-24,3766
2020-09-25,3836
2020-09-26,4285
2020-09-27,4449
2020-09-28,3783
2020-09-29,3737
2020-09-30,3734
2020-10-01,3837
2020-10-02,3684
2020-10-03,4296
2020-10-04,4365
2020-10-05,3719
2020-10-06,3736
2020-10-07,3772
2020-10-08,3668
2020-10-09,3835
2020-10-10,4428
2020-10-11,4288
2020-10-12,3844
2020-10-13,3787
2020-10-14,3946
2020-10-15,3778
2020-10-16,3793
2020-10-17,4165
2020-10-18,4281
2020-10-19,3814
2020-10-20,3771
2020-10-21,3761
2020-10-22,3763
2020-10-23,3806
2020-10-24,4478
2020-10-25,4441
2020-10-26,3565
2020-10-27,3747
2020-10-28,3762
2020-10-29,3821
2020-10-30,3789
2020-10-31,4247
2020-11-01,4456
2020-11-02,3726
2020-11-03,3762
2020-11-04,3669
2020-11-05,3782
2020-11-06,3752
2020-11-07,4143
2020-11-08,4326
2020-11-09,3808
2020-11-10,3756
2020-11-11,3787
2020-11-12,3804
2020-11-13,3769
2020-11-14,4140
2020-11-15,4275
2020-11-16,3756
2020-11-17,3778
2020-11-18,3739
2020-11-19,3791
2020-11-20,3653
2020-11-21,4099
2020-11-22,4132
2020-11-23,3670
2020-11-24,3841
2020-11-25,3817
2020-11-26,3784
2020-11-27,3812
2020-11-28,4289
2020-11-29,4152
2020-11-30,3636
2020-12-01,3759
2020-12-02,3627
2020-12-03,3728
2020-12-04,3717
2020-12-05,4229
2020-12-06,4280
2020-12-07,3583
2020-12-08,3784
2020-12-09,3740
2020-12-10,3861
2020-12-11,3750
2020-12-12,4346
2020-12-13,4364
2020-12-14,3650
2020-12-15,3725
2020-12-16,3710
2020-12-17,3676
2020-12-18,3761
2020-12-19,4325
2020-12-20,4125
2020-12-21,3769
2020-12-22,3629
2020-12-23,3713
2020-12-24,3783
2020-12-25,3677
2020-12-26,4252
2020-12-27,4242
2020-12-28,3784
2020-12-29,3703
2020-12-30,3679
2020-12-31,3644
2021-01-01,2968
2021-01-02,3421
2021-01-03,3759
2021-01-04,3158
2021-01-05,3192
2021-01-06,3113
2021-01-07,3148
2021-01-08,3158
2021-01-09,3781
2021-01-10,3478
2021-01-11,3160
2021-01-12,3191
2021-01-13,3145
2021-01-14,3151
2021-01-15,3200
2021-01-16,3488
2021-01-17,3502
2021-01-18,3195
2021-01-19,3151
2021-01-20,3209
2021-01-21,3207
2021-01-22,3175
2021-01-23,3632
2021-01-24,3544
2021-01-25,3204
2021-01-26,3078
2021-01-27,3172
2021-01-28,3151
2021-01-29,3187
2021-01-30,3511
2021-01-31,3690
2021-02-01,3160
2021-02-02,3159
2021-02-03,3229
2021-02-04,3202
2021-02-05,3186
2021-02-06,3686
2021-02-07,3820
2021-02-08,3245
2021-02-09,3196
2021-02-10,3124
2021-02-11,3078
2021-02-12,3187
2021-02-13,3591
2021-02-14,3603
2021-02-15,3131
2021-02-16,3259
2021-02-17,3126
2021-02-18,3154
2021-02-19,3158
2021-02-20,3551
2021-02-21,3520
2021-02-22,3179
2021-02-23,3112
2021-02-24,3176
2021-02-25,3125
2021-02-26,3189
2021-02-27,3754
2021-02-28,3638
2021-03-01,3160
2021-03-02,3174
2021-03-03,3174
2021-03-04,3162
2021-03-05,3155
2021-03-06,3693
2021-03-07,3597
2021-03-08,3192
2021-03-09,3198
2021-03-10,3167
2021-03-11,3111
2021-03-12,3162
2021-03-13,3573
2021-03-14,3664
2021-03-15,3168
2021-03-16,3188
2021-03-17,3211
2021-03-18,3073
2021-03-19,3203
2021-03-20,3625
2021-03-21,3800
2021-03-22,3221
2021-03-23,3046
2021-03-24,3156
2021-03-25,3210
2021-03-26,3129
2021-03-27,3409
2021-03-28,3541
2021-03-29,3058
2021-03-30,3179
2021-03-31,3096
2021-04-01,3138
2021-04-02,3153
2021-04-03,3780
2021-04-04,3699
2021-04-05,3050
2021-04-06,3089
2021-04-07,3155
2021-04-08,3230
2021-04-09,3080
2021-04-10,3732
2021-04-11,3619
2021-04-12,3221
2021-04-13,3169
2021-04-14,3174
2021-04-15,3145
2021-04-16,3210
2021-04-17,3480
2021-04-18,3635
2021-04-19,3155
2021-04-20,3174
2021-04-21,3170
2021-04-22,3201
2021-04-23,3096
2021-04-24,3700
2021-04-25,3636
2021-04-26,3030
2021-04-27,3179
2021-04-28,3185
2021-04-29,3240
2021-04-30,3164
2021-05-01,3714
2021-05-02,3754
2021-05-03,3175
2021-05-04,3134
2021-05-05,3169
2021-05-06,3152
2021-05-07,3152
2021-05-08,3472
2021-05-09,3473
2021-05-10,3253
2021-05-11,3261
2021-05-12,3197
2021-05-13,3157
2021-05-14,3107
2021-05-15,3454
2021-05-16,3682
2021-05-17,3191
2021-05-18,3090
2021-05-19,3150
2021-05-20,3143
2021-05-21,3146
2021-05-22,3747
2021-05-23,3600
2021-05-24,3242
2021-05-25,3156
2021-05-26,3198
2021-05-27,3203
2021-05-28,3164
2021-05-29,3813
2021-05-30,3662
2021-05-31,3127
2021-06-01,3159
2021-06-02,3163
2021-06-03,3160
2021-06-04,3172
2021-06-05,3815
2021-06-06,3724
2021-06-07,3051
2021-06-08,3129
2021-06-09,3129
2021-06-10,3108
2021-06-11,3188
2021-06-12,3679
2021-06-13,3674
2021-06-14,3188
2021-06-15,3167
2021-06-16,3209
2021-06-17,3174
2021-06-18,3107
2021-06-19,3487
2021-06-20,3546
2021-06-21,3206
2021-06-22,3098
2021-06-23,3179
2021-06-24,3114
2021-06-25,3124
2021-06-26,3695
2021-06-27,3674
2021-06-28,3120
2021-06-29,3103
2021-06-30,3163
2021-07-01,3225
2021-07-02,3147
2021-07-03,3493
2021-07-04,3499
2021-07-05,3172
2021-07-06,3229
2021-07-07,3187
2021-07-08,3144
2021-07-09,3128
2021-07-10,3571
2021-07-11,3443
2021-07-12,3122
2021-07-13,3151
2021-07-14,3171
2021-07-15,3172
2021-07-16,3162
2021-07-17,3533
2021-07-18,3540
2021-07-19,3102
2021-07-20,3226
2021-07-21,3174
2021-07-22,3210
2021-07-23,3141
2021-07-24,3665
2021-07-25,3525
2021-07-26,3123
2021-07-27,3139
2021-07-28,3147
2021-07-29,3153
2021-07-30,3199
2021-07-31,3747
2021-08-01,3681
2021-08-02,3160
2021-08-03,3123
2021-08-04,3164
2021-08-05,3164
2021-08-06,3187
2021-08-07,3598
2021-08-08,3492
2021-08-09,3186
2021-08-10,3200
2021-08-11,3208
2021-08-12,3221
2021-08-13,3165
2021-08-14,3666
2021-08-15,3758
2021-08-16,3168
2021-08-17,3195
2021-08-18,3153
2021-08-19,3134
2021-08-20,3199
2021-08-21,3818
2021-08-22,3459
2021-08-23,3153
2021-08-24,3084
2021-08-25,3172
2021-08-26,3169
2021-08-27,3172
2021-08-28,3830
2021-08-29,3727
2021-08-30,3074
2021-08-31,3120
2021-09-01,3081
2021-09-02,3113
2021-09-03,3152
2021-09-04,3479
2021-09-05,3737
2021-09-06,3161
2021-09-07,3191
2021-09-08,3146
2021-09-09,3185
2021-09-10,3114
2021-09-11,3632
2021-09-12,3639
2021-09-13,3191
2021-09-14,3183
2021-09-15,3235
2021-09-16,3227
2021-09-17,3184
2021-09-18,3576
2021-09-19,3735
2021-09-20,3166
2021-09-21,3211
2021-09-22,3167
2021-09-23,3179
2021-09-24,3173
2021-09-25,3594
2021-09-26,3699
2021-09-27,3103
2021-09-28,3123
2021-09-29,3220
2021-09-30,3116
2021-10-01,3038
2021-10-02,3506
2021-10-03,3670
2021-10-04,3216
2021-10-05,3110
2021-10-06,3199
2021-10-07,3134
2021-10-08,3174
2021-10-09,3614
2021-10-10,3624
2021-10-11,3167
2021-10-12,3163
2021-10-13,3167
2021-10-14,3177
2021-10-15,3204
2021-10-16,3503
2021-10-17,3588
2021-10-18,3200
2021-10-19,3151
2021-10-20,3172
2021-10-21,3148
2021-10-22,3140
2021-10-23,3505
2021-10-24,3602
2021-10-25,3142
2021-10-26,3192
2021-10-27,3222
2021-10-28,3210
2021-10-29,3140
2021-10-30,3755
2021-10-31,3649
2021-11-01,3108
2021-11-02,3045
2021-11-03,3078
2021-11-04,3153
2021-11-05,3196
2021-11-06,3513
2021-11-07,3620
2021-11-08,3027
2021-11-09,3060
2021-11-10,3046
2021-11-11,3044
2021-11-12,3075
2021-11-13,3726
2021-11-14,3673
2021-11-15,3058
2021-11-16,3077
2021-11-17,3060
2021-11-18,3115
2021-11-19,3066
2021-11-20,3481
2021-11-21,3649
2021-11-22,3114
2021-11-23,3103
2021-11-24,2991
2021-11-25,3175
2021-11-26,3089
2021-11-27,3738
2021-11-28,3481
2021-11-29,3105
2021-11-30,3077
2021-12-01,3147
2021-12-02,3159
2021-12-03,3173
2021-12-04,3507
2021-12-05,3659
2021-12-06,3163
2021-12-07,3189
2021-12-08,3170
2021-12-09,3177
2021-12-10,3116
2021-12-11,3678
2021-12-12,3614
2021-12-13,3249
2021-12-14,3233
2021-12-15,3136
2021-12-16,3173
2021-12-17,3158
2021-12-18,3672
2021-12-19,3748
2021-12-20,3150
2021-12-21,3140
2021-12-22,3136
2021-12-23,3265
2021-12-24,3094
2021-12-25,3497
2021-12-26,3551
2021-12-27,3182
2021-12-28,3132
2021-12-29,3114
2021-12-30,3066
2021-12-31,3083
2022-01-01,6208
2022-01-02,6023
2022-01-03,5496
2022-01-04,5534
2022-01-05,5459
2022-01-06,5598
2022-01-07,5371
2022-01-08,6281
2022-01-09,6349
2022-01-10,5576
2022-01-11,5618
2022-01-12,5480
2022-01-13,5644
2022-01-14,5537
2022-01-15,6294
2022-01-16,6283
2022-01-17,5611
2022-01-18,5561
2022-01-19,5679
2022-01-20,5404
2022-01-21,5657
2022-01-22,6564
2022-01-23,6311
2022-01-24,5583
2022-01-25,5510
2022-01-26,5625
2022-01-27,5446
2022-01-28,5518
2022-01-29,6287
2022-01-30,6473
2022-01-31,5576
2022-02-01,5471
2022-02-02,5403
2022-02-03,5581
2022-02-04,5608
2022-02-05,6223
2022-02-06,6349
2022-02-07,5633
2022-02-08,5566
2022-02-09,5227
2022-02-10,5421
2022-02-11,5400
2022-02-12,6387
2022-02-13,6633
2022-02-14,5558
2022-02-15,5536
2022-02-16,5597
2022-02-17,5503
2022-02-18,5686
2022-02-19,6554
2022-02-20,6220
2022-02-21,5491
2022-02-22,5561
2022-02-23,5553
2022-02-24,5466
2022-02-25,5466
2022-02-26,6372
2022-02-27,6643
2022-02-28,5551
2022-03-01,5344
2022-03-02,5533
2022-03-03,5439
2022-03-04,5482
2022-03-05,6046
2022-03-06,6107
2022-03-07,5616
2022-03-08,5475
2022-03-09,5494
2022-03-10,5397
2022-03-11,5458
2022-03-12,6376
2022-03-13,6658
2022-03-14,5585
2022-03-15,5390
2022-03-16,5457
2022-03-17,5505
2022-03-18,5473
2022-03-19,6264
2022-03-20,6289
2022-03-21,5389
2022-03-22,5484
2022-03-23,5494
2022-03-24,5561
2022-03-25,5552
2022-03-26,6571
2022-03-27,6104
2022-03-28,5482
2022-03-29,5560
2022-03-30,5561
2022-03-31,5481
2022-04-01,5500
2022-04-02,6180
2022-04-03,6305
2022-04-04,5541
2022-04-05,5386
2022-04-06,5466
2022-04-07,5387
2022-04-08,5547
2022-04-09,6189
2022-04-10,6500
2022-04-11,5506
2022-04-12,5512
2022-04-13,5555
2022-04-14,5495
2022-04-15,5360
2022-04-16,5844
2022-04-17,6091
2022-04-18,5414
2022-04-19,5409
2022-04-20,5485
2022-04-21,5432
2022-04-22,5499
2022-04-23,6011
2022-04-24,6576
2022-04-25,5425
2022-04-26,5517
2022-04-27,5519
2022-04-28,5374
2022-04-29,5608
2022-04-30,6053
2022-05-01,6258
2022-05-02,5540
2022-05-03,5590
2022-05-04,5458
2022-05-05,5599
2022-05-06,5679
2022-05-07,6327
2022-05-08,6375
2022-05-09,5625
2022-05-10,5553
2022-05-11,5422
2022-05-12,5586
2022-05-13,5495
2022-05-14,6503
2022-05-15,6287
2022-05-16,5460
2022-05-17,5614
2022-05-18,5641
2022-05-19,5539
2022-05-20,5541
2022-05-21,6371
2022-05-22,6425
2022-05-23,5514
2022-05-24,5556
2022-05-25,5403
2022-05-26,5537
2022-05-27,5588
2022-05-28,6141
2022-05-29,6316
2022-05-30,5433
2022-05-31,5583
2022-06-01,5509
2022-06-02,5491
2022-06-03,5565
2022-06-04,6570
2022-06-05,6252
2022-06-06,5570
2022-06-07,5583
2022-06-08,5372
2022-06-09,5522
2022-06-10,5557
2022-06-11,6340
2022-06-12,6231
2022-06-13,5509
2022-06-14,5622
2022-06-15,5478
2022-06-16,5669
2022-06-17,5530
2022-06-18,6096
2022-06-19,6582
2022-06-20,5363
2022-06-21,5462
2022-06-22,5503
2022-06-23,5623
2022-06-24,5561
2022-06-25,6471
2022-06-26,6787
2022-06-27,5659
2022-06-28,5513
2022-06-29,5468
2022-06-30,5249
2022-07-01,5540
2022-07-02,6464
2022-07-03,6269
2022-07-04,5515
2022-07-05,5470
2022-07-06,5557
2022-07-07,5479
2022-07-08,5385
2022-07-09,6487
2022-07-10,6546
2022-07-11,5516
2022-07-12,5599
2022-07-13,5561
2022-07-14,5690
2022-07-15,5606
2022-07-16,6390
2022-07-17,6553
2022-07-18,5617
2022-07-19,5721
2022-07-20,5537
2022-07-21,5510
2022-07-22,5545
2022-07-23,6178
2022-07-24,6510
2022-07-25,5441
2022-07-26,5548
2022-07-27,5571
2022-07-28,5449
2022-07-29,5395
2022-07-30,6655
2022-07-31,6683
2022-08-01,5621
2022-08-02,5484
2022-08-03,5536
2022-08-04,5454
2022-08-05,5500
2022-08-06,6627
2022-08-07,6540
2022-08-08,5510
2022-08-09,5670
2022-08-10,5581
2022-08-11,5508
2022-08-12,5533
2022-08-13,6099
2022-08-14,6177
2022-08-15,5480
2022-08-16,5538
2022-08-17,5611
2022-08-18,5566
2022-08-19,5567
2022-08-20,6271
2022-08-21,6274
2022-08-22,5637
2022-08-23,5493
2022-08-24,5375
2022-08-25,5561
2022-08-26,5408
2022-08-27,6189
2022-08-28,6575
2022-08-29,5546
2022-08-30,5495
2022-08-31,5573
2022-09-01,5529
2022-09-02,5560
2022-09-03,6493
2022-09-04,6215
2022-09-05,5568
2022-09-06,5644
2022-09-07,5496
2022-09-08,5624
2022-09-09,5461
2022-09-10,6230
2022-09-11,6206
2022-09-12,5479
2022-09-13,5433
2022-09-14,5565
2022-09-15,5704
2022-09-16,5605
2022-09-17,6193
2022-09-18,6201
2022-09-19,5505
2022-09-20,5466
2022-09-21,5536
2022-09-22,5424
2022-09-23,5619
2022-09-24,6418
2022-09-25,6451
2022-09-26,5547
2022-09-27,5566
2022-09-28,5615
2022-09-29,5552
2022-09-30,5569
2022-10-01,6420
2022-10-02,6225
2022-10-03,5455
2022-10-04,5480
2022-10-05,5279
2022-10-06,5557
2022-10-07,5399
2022-10-08,6255
2022-10-09,6370
2022-10-10,5596
2022-10-11,5513
2022-10-12,5392
2022-10-13,5471
2022-10-14,5516
2022-10-15,6430
2022-10-16,6204
2022-10-17,5368
2022-10-18,5539
2022-10-19,5465
2022-10-20,5635
2022-10-21,5504
2022-10-22,6557
2022-10-23,6574
2022-10-24,5410
2022-10-25,5413
2022-10-26,5482
2022-10-27,5527
2022-10-28,5539
2022-10-29,6508
2022-10-30,6378
2022-10-31,5435
2022-11-01,5591
2022-11-02,5447
2022-11-03,5505
2022-11-04,5552
2022-11-05,6134
2022-11-06,6076
2022-11-07,5681
2022-11-08,5501
2022-11-09,5492
2022-11-10,5537
2022-11-11,5501
2022-11-12,6507
2022-11-13,6465
2022-11-14,5536
2022-11-15,5429
2022-11-16,5564
2022-11-17,5470
2022-11-18,5533
2022-11-19,6599
2022-11-20,6105
2022-11-21,5461
2022-11-22,5489
2022-11-23,5559
2022-11-24,5381
2022-11-25,5433
2022-11-26,6061
2022-11-27,6416
2022-11-28,5442
2022-11-29,5415
2022-11-30,5520
2022-12-01,5268
2022-12-02,5486
2022-12-03,6127
2022-12-04,6527
2022-12-05,5396
2022-12-06,5471
2022-12-07,5500
2022-12-08,5420
2022-12-09,5495
2022-12-10,6239
2022-12-11,5909
2022-12-12,5533
2022-12-13,5443
2022-12-14,5609
2022-12-15,5567
2022-12-16,5470
2022-12-17,6590
2022-12-18,6108
2022-12-19,5501
2022-12-20,5593
2022-12-21,5711
2022-12-22,5515
2022-12-23,5504
2022-12-24,6443
2022-12-25,6633
2022-12-26,5406
2022-12-27,5565
2022-12-28,5588
2022-12-29,5504
2022-12-30,5405
2022-12-31,6515
2023-01-01,10105
2023-01-02,9134
2023-01-03,9321
2023-01-04,9224
2023-01-05,8939
2023-01-06,9398
2023-01-07,10440
2023-01-08,11012
2023-01-09,9297
2023-01-10,9251
2023-01-11,9242
2023-01-12,9121
2023-01-13,9095
2023-01-14,10458
2023-01-15,10624
2023-01-16,9130
2023-01-17,9207
2023-01-18,9270
2023-01-19,8982
2023-01-20,9150
2023-01-21,10754
2023-01-22,10555
2023-01-23,9249
2023-01-24,9104
2023-01-25,9284
2023-01-26,9015
2023-01-27,9191
2023-01-28,10808
2023-01-29,10447
2023-01-30,9159
2023-01-31,8913
2023-02-01,9293
2023-02-02,8845
2023-02-03,9100
2023-02-04,10443
2023-02-05,10508
2023-02-06,9328
2023-02-07,9267
2023-02-08,9234
2023-02-09,9332
2023-02-10,9142
2023-02-11,10715
2023-02-12,10322
2023-02-13,9443
2023-02-14,9315
2023-02-15,9121
2023-02-16,9254
2023-02-17,9045
2023-02-18,10122
2023-02-19,11088
2023-02-20,9308
2023-02-21,9047
2023-02-22,9198
2023-02-23,9193
2023-02-24,9174
2023-02-25,10825
2023-02-26,11035
2023-02-27,9320
2023-02-28,8950
2023-03-01,8868
2023-03-02,8836
2023-03-03,9050
2023-03-04,10266
2023-03-05,10405
2023-03-06,9195
2023-03-07,9176
2023-03-08,9137
2023-03-09,9343
2023-03-10,9235
2023-03-11,10205
2023-03-12,10548
2023-03-13,9275
2023-03-14,9262
2023-03-15,9291
2023-03-16,9362
2023-03-17,9186
2023-03-18,10537
2023-03-19,10352
2023-03-20,9017
2023-03-21,8945
2023-03-22,9148
2023-03-23,9157
2023-03-24,9118
2023-03-25,10672
2023-03-26,10522
2023-03-27,8822
2023-03-28,9346
2023-03-29,9265
2023-03-30,9195
2023-03-31,9114
2023-04-01,10387
2023-04-02,10377
2023-04-03,8898
2023-04-04,9258
2023-04-05,8987
2023-04-06,9322
2023-04-07,9169
2023-04-08,10933
2023-04-09,10002
2023-04-10,9133
2023-04-11,9245
2023-04-12,9077
2023-04-13,9243
2023-04-14,9285
2023-04-15,10889
2023-04-16,10651
2023-04-17,9330
2023-04-18,9250
2023-04-19,9202
2023-04-20,9257
2023-04-21,9054
2023-04-22,10245
2023-04-23,10895
2023-04-24,9440
2023-04-25,9144
2023-04-26,9359
2023-04-27,9078
2023-04-28,9323
2023-04-29,10481
2023-04-30,10647
2023-05-01,9267
2023-05-02,9333
2023-05-03,9166
2023-05-04,9226
2023-05-05,9362
2023-05-06,10879
2023-05-07,11159
2023-05-08,9395
2023-05-09,9214
2023-05-10,9340
2023-05-11,9139
2023-05-12,9237
2023-05-13,10625
2023-05-14,11115
2023-05-15,9368
2023-05-16,9032
2023-05-17,9097
2023-05-18,9081
2023-05-19,9428
2023-05-20,10485
2023-05-21,10061
2023-05-22,9431
2023-05-23,9157
2023-05-24,9288
2023-05-25,9305
2023-05-26,9055
2023-05-27,10166
2023-05-28,10583
2023-05-29,9036
2023-05-30,9257
2023-05-31,9191
2023-06-01,9175
2023-06-02,9323
2023-06-03,10309
2023-06-04,10886
2023-06-05,9161
2023-06-06,9393
2023-06-07,9277
2023-06-08,9289
2023-06-09,9289
2023-06-10,10455
2023-06-11,10875
2023-06-12,9173
2023-06-13,9323
2023-06-14,9095
2023-06-15,9353
2023-06-16,9268
2023-06-17,10231
2023-06-18,10922
2023-06-19,9370
2023-06-20,9326
2023-06-21,9262
2023-06-22,9207
2023-06-23,9316
2023-06-24,10587
2023-06-25,10984
2023-06-26,9305
2023-06-27,9136
2023-06-28,9109
2023-06-29,9074
2023-06-30,9182
2023-07-01,10657
2023-07-02,11034
2023-07-03,8984
2023-07-04,9263
2023-07-05,8987
2023-07-06,8924
2023-07-07,9347
2023-07-08,10393
2023-07-09,9954
2023-07-10,9159
2023-07-11,8981
2023-07-12,9372
2023-07-13,9182
2023-07-14,8922
2023-07-15,10941
2023-07-16,10205
2023-07-17,9441
2023-07-18,8922
2023-07-19,9091
2023-07-20,8763
2023-07-21,9343
2023-07-22,10469
2023-07-23,10712
2023-07-24,9234
2023-07-25,9311
2023-07-26,9323
2023-07-27,9188
2023-07-28,9300
2023-07-29,11139
2023-07-30,11047
2023-07-31,9465
2023-08-01,9240
2023-08-02,9322
2023-08-03,9161
2023-08-04,9050
2023-08-05,11080
2023-08-06,10276
2023-08-07,9359
2023-08-08,9412
2023-08-09,9076
2023-08-10,9117
2023-08-11,9224
2023-08-12,10934
2023-08-13,10235
2023-08-14,8921
2023-08-15,9222
2023-08-16,9248
2023-08-17,9333
2023-08-18,8959
2023-08-19,10006
2023-08-20,10610
2023-08-21,9176
2023-08-22,8976
2023-08-23,9023
2023-08-24,9324
2023-08-25,9283
2023-08-26,10398
2023-08-27,10795
2023-08-28,9310
2023-08-29,9418
2023-08-30,9162
2023-08-31,9209
2023-09-01,9036
2023-09-02,10390
2023-09-03,10107
2023-09-04,9214
2023-09-05,9184
2023-09-06,9136
2023-09-07,9113
2023-09-08,9276
2023-09-09,10222
2023-09-10,10829
2023-09-11,9485
2023-09-12,9229
2023-09-13,9139
2023-09-14,9098
2023-09-15,9051
2023-09-16,10639
2023-09-17,10936
2023-09-18,9164
2023-09-19,9127
2023-09-20,9118
2023-09-21,9312
2023-09-22,9192
2023-09-23,10045
2023-09-24,9958
2023-09-25,9164
2023-09-26,9347
2023-09-27,9228
2023-09-28,9416
2023-09-29,9429
2023-09-30,10965
2023-10-01,10454
2023-10-02,9384
2023-10-03,9257
2023-10-04,9163
2023-10-05,9286
2023-10-06,9413
2023-10-07,10595
2023-10-08,10792
2023-10-09,8962
2023-10-10,9315
2023-10-11,9239
2023-10-12,9334
2023-10-13,9040
2023-10-14,11009
2023-10-15,10505
2023-10-16,9227
2023-10-17,9098
2023-10-18,9050
2023-10-19,9226
2023-10-20,9325
2023-10-21,10852
2023-10-22,10468
2023-10-23,9254
2023-10-24,9102
2023-10-25,9224
2023-10-26,9360
2023-10-27,9108
2023-10-28,10508
2023-10-29,10186
2023-10-30,8825
2023-10-31,8970
2023-11-01,9206
2023-11-02,9184
2023-11-03,9168
2023-11-04,10142
2023-11-05,10394
2023-11-06,9141
2023-11-07,9346
2023-11-08,9327
2023-11-09,9134
2023-11-10,9240
2023-11-11,10084
2023-11-12,10912
2023-11-13,9348
2023-11-14,9031
2023-11-15,9134
2023-11-16,9172
2023-11-17,9439
2023-11-18,10083
2023-11-19,10615
2023-11-20,9144
2023-11-21,9152
2023-11-22,9284
2023-11-23,9116
2023-11-24,9191
2023-11-25,10592
2023-11-26,10475
2023-11-27,9311
2023-11-28,9174
2023-11-29,9243
2023-11-30,9209
2023-12-01,8997
2023-12-02,10429
2023-12-03,10756
2023-12-04,9317
2023-12-05,9138
2023-12-06,9056
2023-12-07,9301
2023-12-08,9143
2023-12-09,10822
2023-12-10,10907
2023-12-11,9202
2023-12-12,9284
2023-12-13,9308
2023-12-14,9274
2023-12-15,9220
2023-12-16,10641
2023-12-17,10464
2023-12-18,9177
2023-12-19,9093
2023-12-20,9063
2023-12-21,9156
2023-12-22,9407
2023-12-23,10420
2023-12-24,11109
2023-12-25,8895
2023-12-26,9280
2023-12-27,9134
2023-12-28,8932
2023-12-29,9173
2023-12-30,10319
2023-12-31,10211
2024-01-01,11019
2024-01-02,10848
2024-01-03,10963
2024-01-04,11031
2024-01-05,11051
2024-01-06,13077
2024-01-07,12987
2024-01-08,10944
2024-01-09,11045
2024-01-10,11106
2024-01-11,11086
2024-01-12,11064
2024-01-13,12734
2024-01-14,12385
2024-01-15,10983
2024-01-16,11033
2024-01-17,11230
2024-01-18,10890
2024-01-19,10965
2024-01-20,12041
2024-01-21,12798
2024-01-22,11102
2024-01-23,10946
2024-01-24,10808
2024-01-25,11116
2024-01-26,11154
2024-01-27,12228
2024-01-28,12647
2024-01-29,11015
2024-01-30,11065
2024-01-31,10894
2024-02-01,11069
2024-02-02,10949
2024-02-03,12323
2024-02-04,12959
2024-02-05,11011
2024-02-06,11162
2024-02-07,11108
2024-02-08,11274
2024-02-09,10731
2024-02-10,12635
2024-02-11,12190
2024-02-12,10927
2024-02-13,11045
2024-02-14,11009
2024-02-15,11146
2024-02-16,11092
2024-02-17,12664
2024-02-18,13130
2024-02-19,11009
2024-02-20,10982
2024-02-21,11047
2024-02-22,11198
2024-02-23,11161
2024-02-24,12322
2024-02-25,12222
2024-02-26,11061
2024-02-27,11186
2024-02-28,11020
2024-02-29,11090
2024-03-01,10974
2024-03-02,12404
2024-03-03,12514
2024-03-04,10505
2024-03-05,11008
2024-03-06,10922
2024-03-07,10955
2024-03-08,11148
2024-03-09,12167
2024-03-10,12405
2024-03-11,11011
2024-03-12,10985
2024-03-13,11044
2024-03-14,11079
2024-03-15,11081
2024-03-16,12320
2024-03-17,12258
2024-03-18,11165
2024-03-19,11042
2024-03-20,11063
2024-03-21,10861
2024-03-22,11021
2024-03-23,13238
2024-03-24,12947
2024-03-25,11062
2024-03-26,11002
2024-03-27,11130
2024-03-28,11100
2024-03-29,11126
2024-03-30,13254
2024-03-31,12585
2024-04-01,10942
2024-04-02,11025
2024-04-03,11025
2024-04-04,11056
2024-04-05,10949
2024-04-06,13010
2024-04-07,12936
2024-04-08,11012
2024-04-09,11253
2024-04-10,10677
2024-04-11,10924
2024-04-12,11053
2024-04-13,13049
2024-04-14,12671
2024-04-15,11079
2024-04-16,10986
2024-04-17,10661
2024-04-18,11201
2024-04-19,11070
2024-04-20,12640
2024-04-21,12789
2024-04-22,11123
2024-04-23,11077
2024-04-24,10950
2024-04-25,11076
2024-04-26,10774
2024-04-27,12106
2024-04-28,13062
2024-04-29,11032
2024-04-30,11048
2024-05-01,11149
2024-05-02,11079
2024-05-03,11024
2024-05-04,12283
2024-05-05,12869
2024-05-06,11205
2024-05-07,11269
2024-05-08,10975
2024-05-09,11042
2024-05-10,10898
2024-05-11,12879
2024-05-12,12885
2024-05-13,10712
2024-05-14,10927
2024-05-15,11116
2024-05-16,10899
2024-05-17,11020
2024-05-18,12953
2024-05-19,12905
2024-05-20,10903
2024-05-21,11061
2024-05-22,11090
2024-05-23,10829
2024-05-24,11076
2024-05-25,12810
2024-05-26,12389
2024-05-27,10994
2024-05-28,10998
2024-05-29,10960
2024-05-30,10967
2024-05-31,11125
2024-06-01,12511
2024-06-02,13446
2024-06-03,11051
2024-06-04,11154
2024-06-05,11121
2024-06-06,11053
2024-06-07,11148
2024-06-08,12962
2024-06-09,12968
2024-06-10,11198
2024-06-11,11097
2024-06-12,11123
2024-06-13,10934
2024-06-14,11238
2024-06-15,12885
2024-06-16,11971
2024-06-17,10968
2024-06-18,10915
2024-06-19,11187
2024-06-20,11012
2024-06-21,10827
2024-06-22,12924
2024-06-23,12879
2024-06-24,11147
2024-06-25,11151
2024-06-26,11100
2024-06-27,10952
2024-06-28,10981
2024-06-29,13123
2024-06-30,12641
2024-07-01,11000
2024-07-02,11057
2024-07-03,11028
2024-07-04,10922
2024-07-05,11070
2024-07-06,12242
2024-07-07,12448
2024-07-08,11076
2024-07-09,11084
2024-07-10,11064
2024-07-11,11071
2024-07-12,11073
2024-07-13,12489
2024-07-14,12817
2024-07-15,10931
2024-07-16,11201
2024-07-17,11015
2024-07-18,10917
2024-07-19,11105
2024-07-20,13178
2024-07-21,12828
2024-07-22,11145
2024-07-23,11164
2024-07-24,11109
2024-07-25,10825
2024-07-26,10933
2024-07-27,13294
2024-07-28,12890
2024-07-29,11084
2024-07-30,11108
2024-07-31,10673
2024-08-01,11147
2024-08-02,10923
2024-08-03,12998
2024-08-04,12593
2024-08-05,11113
2024-08-06,11007
2024-08-07,11048
2024-08-08,11020
2024-08-09,11099
2024-08-10,12967
2024-08-11,12272
2024-08-12,10949
2024-08-13,11068
2024-08-14,10806
2024-08-15,11114
2024-08-16,10907
2024-08-17,13270
2024-08-18,13284
2024-08-19,11171
2024-08-20,10914
2024-08-21,10867
2024-08-22,11166
2024-08-23,11178
2024-08-24,12517
2024-08-25,13056
2024-08-26,11115
2024-08-27,11077
2024-08-28,10843
2024-08-29,11173
2024-08-30,10986
2024-08-31,12235
2024-09-01,12339
2024-09-02,11008
2024-09-03,10868
2024-09-04,10787
2024-09-05,11139
2024-09-06,11018
2024-09-07,12824
2024-09-08,12036
2024-09-09,10990
2024-09-10,10927
2024-09-11,11074
2024-09-12,10935
2024-09-13,11149
2024-09-14,12603
2024-09-15,12133
2024-09-16,10963
2024-09-17,10946
2024-09-18,11128
2024-09-19,11085
2024-09-20,10975
2024-09-21,12845
2024-09-22,12480
2024-09-23,11070
2024-09-24,10842
2024-09-25,11013
2024-09-26,11009
2024-09-27,11081
2024-09-28,13152
2024-09-29,12546
2024-09-30,11095
2024-10-01,11032
2024-10-02,11093
2024-10-03,10898
2024-10-04,10930
2024-10-05,12766
2024-10-06,11970
2024-10-07,11076
2024-10-08,11092
2024-10-09,11057
2024-10-10,11164
2024-10-11,10943
2024-10-12,12315
2024-10-13,12642
2024-10-14,10839
2024-10-15,11122
2024-10-16,11104
2024-10-17,11051
2024-10-18,10930
2024-10-19,12987
2024-10-20,12411
2024-10-21,11064
2024-10-22,11078
2024-10-23,11173
2024-10-24,11091
2024-10-25,10812
2024-10-26,12364
2024-10-27,12590
2024-10-28,10864
2024-10-29,10904
2024-10-30,11115
2024-10-31,11007
2024-11-01,11021
2024-11-02,13013
2024-11-03,13023
2024-11-04,11198
2024-11-05,10982
2024-11-06,10868
2024-11-07,10802
2024-11-08,10653
2024-11-09,12375
2024-11-10,12839
2024-11-11,11004
2024-11-12,11010
2024-11-13,11104
2024-11-14,11078
2024-11-15,11094
2024-11-16,12105
2024-11-17,11777
2024-11-18,11129
2024-11-19,10932
2024-11-20,11071
2024-11-21,11051
2024-11-22,11000
2024-11-23,12761
2024-11-24,12784
2024-11-25,10902
2024-11-26,10957
2024-11-27,11003
2024-11-28,11054
2024-11-29,10723
2024-11-30,12289
2024-12-01,12881
2024-12-02,10971
2024-12-03,10846
2024-12-04,11017
2024-12-05,11096
2024-12-06,10946
2024-12-07,12844
2024-12-08,12421
2024-12-09,11109
2024-12-10,11063
2024-12-11,10878
2024-12-12,10854
2024-12-13,10825
2024-12-14,13045
2024-12-15,12498
2024-12-16,11029
2024-12-17,11037
2024-12-18,11127
2024-12-19,11107
2024-12-20,10909
2024-12-21,12426
2024-12-22,12729
2024-12-23,10715
2024-12-24,11084
2024-12-25,11102
2024-12-26,10907
2024-12-27,10991
2024-12-28,12154
2024-12-29,12691
2024-12-30,10905
2024-12-31,7365
2025-01-01,12061
2025-01-02,12162
2025-01-03,12299
2025-01-04,13629
2025-01-05,14082
2025-01-06,12079
2025-01-07,12185
2025-01-08,12119
2025-01-09,12167
2025-01-10,11815
2025-01-11,13009
2025-01-12,14197
2025-01-13,11999
2025-01-14,12036
2025-01-15,11830
2025-01-16,12093
2025-01-17,12095
2025-01-18,14264
2025-01-19,13914
2025-01-20,12273
2025-01-21,11837
2025-01-22,12312
2025-01-23,12230
2025-01-24,12060
2025-01-25,13660
2025-01-26,13247
2025-01-27,12070
2025-01-28,12240
2025-01-29,12090
2025-01-30,12118
2025-01-31,12197
2025-02-01,13430
2025-02-02,14188
2025-02-03,12184
2025-02-04,12173
2025-02-05,12040
2025-02-06,12105
2025-02-07,12102
2025-02-08,13847
2025-02-09,13229
2025-02-10,12066
2025-02-11,12098
2025-02-12,12252
2025-02-13,12243
2025-02-14,12213
2025-02-15,13486
2025-02-16,13494
2025-02-17,12279
2025-02-18,12043
2025-02-19,12279
2025-02-20,12261
2025-02-21,12400
2025-02-22,14339
2025-02-23,13429
