date,station_id,station_name,latitude,longitude,avg_daily_relative_humidity
6/1/2017,S60,Sentosa,1.25,103.8279,61.11
7/1/2017,S60,Sentosa,1.25,103.8279,70.39
8/1/2017,S60,Sentosa,1.25,103.8279,67.84
9/1/2017,S60,Sentosa,1.25,103.8279,69.11
10/1/2017,S60,Sentosa,1.25,103.8279,70.27
11/1/2017,S60,Sentosa,1.25,103.8279,69.09
12/1/2017,S60,Sentosa,1.25,103.8279,69.11
14/1/2017,S60,Sentosa,1.25,103.8279,69.26
15/1/2017,S60,Sentosa,1.25,103.8279,68.65
16/1/2017,S60,Sentosa,1.25,103.8279,61.56
17/1/2017,S60,Sentosa,1.25,103.8279,77.24
18/1/2017,S60,Sentosa,1.25,103.8279,67.55
19/1/2017,S60,Sentosa,1.25,103.8279,73.23
20/1/2017,S60,Sentosa,1.25,103.8279,80.37
21/1/2017,S60,Sentosa,1.25,103.8279,78.32
22/1/2017,S60,Sentosa,1.25,103.8279,65.65
23/1/2017,S60,Sentosa,1.25,103.8279,100.44
25/1/2017,S60,Sentosa,1.25,103.8279,77.38
26/1/2017,S60,Sentosa,1.25,103.8279,71.01
27/1/2017,S60,Sentosa,1.25,103.8279,65.9
28/1/2017,S60,Sentosa,1.25,103.8279,63.83
29/1/2017,S60,Sentosa,1.25,103.8279,66.08
30/1/2017,S60,Sentosa,1.25,103.8279,86.42
31/1/2017,S60,Sentosa,1.25,103.8279,59.38
1/2/2017,S60,Sentosa,1.25,103.8279,65.73
2/2/2017,S60,Sentosa,1.25,103.8279,72.05
3/2/2017,S60,Sentosa,1.25,103.8279,67.79
4/2/2017,S60,Sentosa,1.25,103.8279,75.35
5/2/2017,S60,Sentosa,1.25,103.8279,70.58
6/2/2017,S60,Sentosa,1.25,103.8279,66.75
7/2/2017,S60,Sentosa,1.25,103.8279,72.14
8/2/2017,S60,Sentosa,1.25,103.8279,62.56
9/2/2017,S60,Sentosa,1.25,103.8279,63.15
10/2/2017,S60,Sentosa,1.25,103.8279,58.32
11/2/2017,S60,Sentosa,1.25,103.8279,59.85
12/2/2017,S60,Sentosa,1.25,103.8279,69.1
13/2/2017,S60,Sentosa,1.25,103.8279,65.91
14/2/2017,S60,Sentosa,1.25,103.8279,64.32
15/2/2017,S60,Sentosa,1.25,103.8279,67.22
16/2/2017,S60,Sentosa,1.25,103.8279,57.76
17/2/2017,S60,Sentosa,1.25,103.8279,54.84
18/2/2017,S60,Sentosa,1.25,103.8279,77.32
19/2/2017,S60,Sentosa,1.25,103.8279,58.23
20/2/2017,S60,Sentosa,1.25,103.8279,68.81
21/2/2017,S60,Sentosa,1.25,103.8279,80.81
22/2/2017,S60,Sentosa,1.25,103.8279,73.47
23/2/2017,S60,Sentosa,1.25,103.8279,70.12
24/2/2017,S60,Sentosa,1.25,103.8279,85.48
25/2/2017,S60,Sentosa,1.25,103.8279,76.06
26/2/2017,S60,Sentosa,1.25,103.8279,82.11
27/2/2017,S60,Sentosa,1.25,103.8279,65.3
28/2/2017,S60,Sentosa,1.25,103.8279,78.49
1/3/2017,S60,Sentosa,1.25,103.8279,98.06
2/3/2017,S60,Sentosa,1.25,103.8279,64.01
3/3/2017,S60,Sentosa,1.25,103.8279,76.62
4/3/2017,S60,Sentosa,1.25,103.8279,86.36
5/3/2017,S60,Sentosa,1.25,103.8279,71.83
6/3/2017,S60,Sentosa,1.25,103.8279,78.76
7/3/2017,S60,Sentosa,1.25,103.8279,67.58
8/3/2017,S60,Sentosa,1.25,103.8279,63.74
9/3/2017,S60,Sentosa,1.25,103.8279,59.24
10/3/2017,S60,Sentosa,1.25,103.8279,61.91
11/3/2017,S60,Sentosa,1.25,103.8279,70.79
12/3/2017,S60,Sentosa,1.25,103.8279,78.77
13/3/2017,S60,Sentosa,1.25,103.8279,70.69
14/3/2017,S60,Sentosa,1.25,103.8279,80.12
15/3/2017,S60,Sentosa,1.25,103.8279,59.67
16/3/2017,S60,Sentosa,1.25,103.8279,70.8
17/3/2017,S60,Sentosa,1.25,103.8279,76.85
19/3/2017,S60,Sentosa,1.25,103.8279,63.81
20/3/2017,S60,Sentosa,1.25,103.8279,66.23
31/8/2017,S60,Sentosa,1.25,103.8279,54.37
1/9/2017,S60,Sentosa,1.25,103.8279,67.44
2/9/2017,S60,Sentosa,1.25,103.8279,62.74
3/9/2017,S60,Sentosa,1.25,103.8279,63.68
4/9/2017,S60,Sentosa,1.25,103.8279,66.86
5/9/2017,S60,Sentosa,1.25,103.8279,67.08
6/9/2017,S60,Sentosa,1.25,103.8279,75.96
7/9/2017,S60,Sentosa,1.25,103.8279,70.74
8/9/2017,S60,Sentosa,1.25,103.8279,73.37
9/9/2017,S60,Sentosa,1.25,103.8279,72.1
10/9/2017,S60,Sentosa,1.25,103.8279,73.19
11/9/2017,S60,Sentosa,1.25,103.8279,75.9
12/9/2017,S60,Sentosa,1.25,103.8279,66.66
13/9/2017,S60,Sentosa,1.25,103.8279,60.7
14/9/2017,S60,Sentosa,1.25,103.8279,66.7
15/9/2017,S60,Sentosa,1.25,103.8279,73.51
16/9/2017,S60,Sentosa,1.25,103.8279,67.76
17/9/2017,S60,Sentosa,1.25,103.8279,67.97
18/9/2017,S60,Sentosa,1.25,103.8279,74.5
19/9/2017,S60,Sentosa,1.25,103.8279,76.15
20/9/2017,S60,Sentosa,1.25,103.8279,71.47
21/9/2017,S60,Sentosa,1.25,103.8279,66.88
22/9/2017,S60,Sentosa,1.25,103.8279,61.92
23/9/2017,S60,Sentosa,1.25,103.8279,64.91
24/9/2017,S60,Sentosa,1.25,103.8279,64.59
25/9/2017,S60,Sentosa,1.25,103.8279,60.84
26/9/2017,S60,Sentosa,1.25,103.8279,75.06
27/9/2017,S60,Sentosa,1.25,103.8279,71.25
28/9/2017,S60,Sentosa,1.25,103.8279,61.66
29/9/2017,S60,Sentosa,1.25,103.8279,68.29
30/9/2017,S60,Sentosa,1.25,103.8279,64.46
1/10/2017,S60,Sentosa,1.25,103.8279,78.44
2/10/2017,S60,Sentosa,1.25,103.8279,63.6
3/10/2017,S60,Sentosa,1.25,103.8279,73.92
4/10/2017,S60,Sentosa,1.25,103.8279,74.5
5/10/2017,S60,Sentosa,1.25,103.8279,65.8
6/10/2017,S60,Sentosa,1.25,103.8279,60.58
7/10/2017,S60,Sentosa,1.25,103.8279,69.82
8/10/2017,S60,Sentosa,1.25,103.8279,72.91
9/10/2017,S60,Sentosa,1.25,103.8279,67.01
10/10/2017,S60,Sentosa,1.25,103.8279,70.33
11/10/2017,S60,Sentosa,1.25,103.8279,66.75
12/10/2017,S60,Sentosa,1.25,103.8279,76.78
13/10/2017,S60,Sentosa,1.25,103.8279,67.43
14/10/2017,S60,Sentosa,1.25,103.8279,57.36
15/10/2017,S60,Sentosa,1.25,103.8279,63.89
16/10/2017,S60,Sentosa,1.25,103.8279,63.76
17/10/2017,S60,Sentosa,1.25,103.8279,57.3
18/10/2017,S60,Sentosa,1.25,103.8279,64.15
19/10/2017,S60,Sentosa,1.25,103.8279,58.3
20/10/2017,S60,Sentosa,1.25,103.8279,53.07
21/10/2017,S60,Sentosa,1.25,103.8279,61.65
22/10/2017,S60,Sentosa,1.25,103.8279,67.61
23/10/2017,S60,Sentosa,1.25,103.8279,65.53
24/10/2017,S60,Sentosa,1.25,103.8279,69.57
25/10/2017,S60,Sentosa,1.25,103.8279,61.3
26/10/2017,S60,Sentosa,1.25,103.8279,64.85
27/10/2017,S60,Sentosa,1.25,103.8279,66.04
28/10/2017,S60,Sentosa,1.25,103.8279,52.59
29/10/2017,S60,Sentosa,1.25,103.8279,60.91
30/10/2017,S60,Sentosa,1.25,103.8279,74.99
31/10/2017,S60,Sentosa,1.25,103.8279,83.14
1/11/2017,S60,Sentosa,1.25,103.8279,78.84
2/11/2017,S60,Sentosa,1.25,103.8279,77.46
3/11/2017,S60,Sentosa,1.25,103.8279,80.14
4/11/2017,S60,Sentosa,1.25,103.8279,84.54
5/11/2017,S60,Sentosa,1.25,103.8279,80.38
6/11/2017,S60,Sentosa,1.25,103.8279,84.3
7/11/2017,S60,Sentosa,1.25,103.8279,84.96
8/11/2017,S60,Sentosa,1.25,103.8279,90.63
21/11/2017,S60,Sentosa,1.25,103.8279,88.77
22/11/2017,S60,Sentosa,1.25,103.8279,83.64
23/11/2017,S60,Sentosa,1.25,103.8279,86.54
24/11/2017,S60,Sentosa,1.25,103.8279,84.79
25/11/2017,S60,Sentosa,1.25,103.8279,83.91
26/11/2017,S60,Sentosa,1.25,103.8279,85.51
27/11/2017,S60,Sentosa,1.25,103.8279,86.7
29/11/2017,S60,Sentosa,1.25,103.8279,76.29
30/11/2017,S60,Sentosa,1.25,103.8279,76.4
1/12/2017,S60,Sentosa,1.25,103.8279,71.54
2/12/2017,S60,Sentosa,1.25,103.8279,75.38
3/12/2017,S60,Sentosa,1.25,103.8279,76.52
4/12/2017,S60,Sentosa,1.25,103.8279,80.76
5/12/2017,S60,Sentosa,1.25,103.8279,77.51
6/12/2017,S60,Sentosa,1.25,103.8279,76.18
7/12/2017,S60,Sentosa,1.25,103.8279,80.21
8/12/2017,S60,Sentosa,1.25,103.8279,73.89
9/12/2017,S60,Sentosa,1.25,103.8279,78.73
10/12/2017,S60,Sentosa,1.25,103.8279,75.32
11/12/2017,S60,Sentosa,1.25,103.8279,76.02
12/12/2017,S60,Sentosa,1.25,103.8279,87.61
13/12/2017,S60,Sentosa,1.25,103.8279,82.05
14/12/2017,S60,Sentosa,1.25,103.8279,76.72
15/12/2017,S60,Sentosa,1.25,103.8279,80.13
16/12/2017,S60,Sentosa,1.25,103.8279,78.94
17/12/2017,S60,Sentosa,1.25,103.8279,72.08
18/12/2017,S60,Sentosa,1.25,103.8279,68.15
19/12/2017,S60,Sentosa,1.25,103.8279,73.37
20/12/2017,S60,Sentosa,1.25,103.8279,72.04
21/12/2017,S60,Sentosa,1.25,103.8279,79.48
22/12/2017,S60,Sentosa,1.25,103.8279,69.04
23/12/2017,S60,Sentosa,1.25,103.8279,82.28
24/12/2017,S60,Sentosa,1.25,103.8279,78.39
25/12/2017,S60,Sentosa,1.25,103.8279,80.04
26/12/2017,S60,Sentosa,1.25,103.8279,80.31
27/12/2017,S60,Sentosa,1.25,103.8279,81.19
28/12/2017,S60,Sentosa,1.25,103.8279,78.33
29/12/2017,S60,Sentosa,1.25,103.8279,76.32
30/12/2017,S60,Sentosa,1.25,103.8279,84.26
31/12/2017,S60,Sentosa,1.25,103.8279,94.95
3/1/2018,S60,Sentosa,1.25,103.8279,80.3
4/1/2018,S60,Sentosa,1.25,103.8279,84.14
5/1/2018,S60,Sentosa,1.25,103.8279,85.39
6/1/2018,S60,Sentosa,1.25,103.8279,84.15
7/1/2018,S60,Sentosa,1.25,103.8279,84.66
8/1/2018,S60,Sentosa,1.25,103.8279,81.91
9/1/2018,S60,Sentosa,1.25,103.8279,83.98
10/1/2018,S60,Sentosa,1.25,103.8279,90
11/1/2018,S60,Sentosa,1.25,103.8279,89.22
12/1/2018,S60,Sentosa,1.25,103.8279,90.59
13/1/2018,S60,Sentosa,1.25,103.8279,93.06
14/1/2018,S60,Sentosa,1.25,103.8279,84.3
15/1/2018,S60,Sentosa,1.25,103.8279,82.21
16/1/2018,S60,Sentosa,1.25,103.8279,77.09
17/1/2018,S60,Sentosa,1.25,103.8279,77.38
18/1/2018,S60,Sentosa,1.25,103.8279,75.93
19/1/2018,S60,Sentosa,1.25,103.8279,80.04
20/1/2018,S60,Sentosa,1.25,103.8279,81.82
21/1/2018,S60,Sentosa,1.25,103.8279,77.31
22/1/2018,S60,Sentosa,1.25,103.8279,73.73
23/1/2018,S60,Sentosa,1.25,103.8279,81.12
24/1/2018,S60,Sentosa,1.25,103.8279,83.92
25/1/2018,S60,Sentosa,1.25,103.8279,82.74
26/1/2018,S60,Sentosa,1.25,103.8279,85.07
27/1/2018,S60,Sentosa,1.25,103.8279,81.25
28/1/2018,S60,Sentosa,1.25,103.8279,79.45
29/1/2018,S60,Sentosa,1.25,103.8279,72.74
30/1/2018,S60,Sentosa,1.25,103.8279,77.65
31/1/2018,S60,Sentosa,1.25,103.8279,80.13
1/2/2018,S60,Sentosa,1.25,103.8279,73.08
2/2/2018,S60,Sentosa,1.25,103.8279,83.32
8/2/2018,S60,Sentosa,1.25,103.8279,65.76
9/2/2018,S60,Sentosa,1.25,103.8279,64.56
10/2/2018,S60,Sentosa,1.25,103.8279,65.12
11/2/2018,S60,Sentosa,1.25,103.8279,60.89
12/2/2018,S60,Sentosa,1.25,103.8279,62.17
13/2/2018,S60,Sentosa,1.25,103.8279,68.28
14/2/2018,S60,Sentosa,1.25,103.8279,71.93
15/2/2018,S60,Sentosa,1.25,103.8279,75.34
16/2/2018,S60,Sentosa,1.25,103.8279,76.06
17/2/2018,S60,Sentosa,1.25,103.8279,80.8
19/2/2018,S60,Sentosa,1.25,103.8279,70.94
20/2/2018,S60,Sentosa,1.25,103.8279,72.87
21/2/2018,S60,Sentosa,1.25,103.8279,72.32
22/2/2018,S60,Sentosa,1.25,103.8279,72.52
23/2/2018,S60,Sentosa,1.25,103.8279,83.64
24/2/2018,S60,Sentosa,1.25,103.8279,80.35
25/2/2018,S60,Sentosa,1.25,103.8279,75.88
26/2/2018,S60,Sentosa,1.25,103.8279,73.89
27/2/2018,S60,Sentosa,1.25,103.8279,73.14
28/2/2018,S60,Sentosa,1.25,103.8279,74.96
1/3/2018,S60,Sentosa,1.25,103.8279,75.66
2/3/2018,S60,Sentosa,1.25,103.8279,80.04
3/3/2018,S60,Sentosa,1.25,103.8279,79.22
4/3/2018,S60,Sentosa,1.25,103.8279,82.42
5/3/2018,S60,Sentosa,1.25,103.8279,74.53
6/3/2018,S60,Sentosa,1.25,103.8279,76.1
7/3/2018,S60,Sentosa,1.25,103.8279,81.26
8/3/2018,S60,Sentosa,1.25,103.8279,79.27
9/3/2018,S60,Sentosa,1.25,103.8279,68.97
10/3/2018,S60,Sentosa,1.25,103.8279,79.32
11/3/2018,S60,Sentosa,1.25,103.8279,72.88
12/3/2018,S60,Sentosa,1.25,103.8279,76.05
13/3/2018,S60,Sentosa,1.25,103.8279,71.98
14/3/2018,S60,Sentosa,1.25,103.8279,72.94
15/3/2018,S60,Sentosa,1.25,103.8279,73.32
16/3/2018,S60,Sentosa,1.25,103.8279,77.33
17/3/2018,S60,Sentosa,1.25,103.8279,74.69
18/3/2018,S60,Sentosa,1.25,103.8279,71.89
19/3/2018,S60,Sentosa,1.25,103.8279,75.19
20/3/2018,S60,Sentosa,1.25,103.8279,75.37
21/3/2018,S60,Sentosa,1.25,103.8279,76.13
22/3/2018,S60,Sentosa,1.25,103.8279,69.41
23/3/2018,S60,Sentosa,1.25,103.8279,70.02
24/3/2018,S60,Sentosa,1.25,103.8279,72.59
25/3/2018,S60,Sentosa,1.25,103.8279,78.43
26/3/2018,S60,Sentosa,1.25,103.8279,81.72
27/3/2018,S60,Sentosa,1.25,103.8279,85.18
28/3/2018,S60,Sentosa,1.25,103.8279,77.02
29/3/2018,S60,Sentosa,1.25,103.8279,81.45
30/3/2018,S60,Sentosa,1.25,103.8279,75.33
31/3/2018,S60,Sentosa,1.25,103.8279,75.56
1/4/2018,S60,Sentosa,1.25,103.8279,78.22
2/4/2018,S60,Sentosa,1.25,103.8279,76.51
3/4/2018,S60,Sentosa,1.25,103.8279,73.88
4/4/2018,S60,Sentosa,1.25,103.8279,73.97
5/4/2018,S60,Sentosa,1.25,103.8279,73.84
6/4/2018,S60,Sentosa,1.25,103.8279,73.85
7/4/2018,S60,Sentosa,1.25,103.8279,78.17
8/4/2018,S60,Sentosa,1.25,103.8279,72.26
9/4/2018,S60,Sentosa,1.25,103.8279,70.36
10/4/2018,S60,Sentosa,1.25,103.8279,76.34
11/4/2018,S60,Sentosa,1.25,103.8279,78.29
16/4/2018,S60,Sentosa,1.25,103.8279,79.19
17/4/2018,S60,Sentosa,1.25,103.8279,79.92
18/4/2018,S60,Sentosa,1.25,103.8279,74.61
19/4/2018,S60,Sentosa,1.25,103.8279,82.31
20/4/2018,S60,Sentosa,1.25,103.8279,84.12
21/4/2018,S60,Sentosa,1.25,103.8279,82.12
22/4/2018,S60,Sentosa,1.25,103.8279,79.91
23/4/2018,S60,Sentosa,1.25,103.8279,80.89
24/4/2018,S60,Sentosa,1.25,103.8279,76.33
25/4/2018,S60,Sentosa,1.25,103.8279,67.35
26/4/2018,S60,Sentosa,1.25,103.8279,79.76
27/4/2018,S60,Sentosa,1.25,103.8279,84.1
28/4/2018,S60,Sentosa,1.25,103.8279,78.76
29/4/2018,S60,Sentosa,1.25,103.8279,79.22
30/4/2018,S60,Sentosa,1.25,103.8279,78.82
1/5/2018,S60,Sentosa,1.25,103.8279,87.97
2/5/2018,S60,Sentosa,1.25,103.8279,81.38
3/5/2018,S60,Sentosa,1.25,103.8279,78.06
4/5/2018,S60,Sentosa,1.25,103.8279,76
5/5/2018,S60,Sentosa,1.25,103.8279,78.07
6/5/2018,S60,Sentosa,1.25,103.8279,77.59
7/5/2018,S60,Sentosa,1.25,103.8279,74.93
8/5/2018,S60,Sentosa,1.25,103.8279,72.83
9/5/2018,S60,Sentosa,1.25,103.8279,74.81
10/5/2018,S60,Sentosa,1.25,103.8279,78.29
11/5/2018,S60,Sentosa,1.25,103.8279,74.86
12/5/2018,S60,Sentosa,1.25,103.8279,77.52
13/5/2018,S60,Sentosa,1.25,103.8279,81.72
14/5/2018,S60,Sentosa,1.25,103.8279,78.19
15/5/2018,S60,Sentosa,1.25,103.8279,81.85
16/5/2018,S60,Sentosa,1.25,103.8279,78.99
17/5/2018,S60,Sentosa,1.25,103.8279,77.72
18/5/2018,S60,Sentosa,1.25,103.8279,76.92
19/5/2018,S60,Sentosa,1.25,103.8279,82.25
20/5/2018,S60,Sentosa,1.25,103.8279,87.77
21/5/2018,S60,Sentosa,1.25,103.8279,82.41
22/5/2018,S60,Sentosa,1.25,103.8279,79.87
23/5/2018,S60,Sentosa,1.25,103.8279,82.27
24/5/2018,S60,Sentosa,1.25,103.8279,82.54
25/5/2018,S60,Sentosa,1.25,103.8279,78.7
26/5/2018,S60,Sentosa,1.25,103.8279,83.82
27/5/2018,S60,Sentosa,1.25,103.8279,83.59
28/5/2018,S60,Sentosa,1.25,103.8279,83.28
29/5/2018,S60,Sentosa,1.25,103.8279,81.97
30/5/2018,S60,Sentosa,1.25,103.8279,82.1
31/5/2018,S60,Sentosa,1.25,103.8279,83.97
1/6/2018,S60,Sentosa,1.25,103.8279,78.99
2/6/2018,S60,Sentosa,1.25,103.8279,79.68
3/6/2018,S60,Sentosa,1.25,103.8279,87.31
4/6/2018,S60,Sentosa,1.25,103.8279,77.45
5/6/2018,S60,Sentosa,1.25,103.8279,78.16
6/6/2018,S60,Sentosa,1.25,103.8279,82.5
7/6/2018,S60,Sentosa,1.25,103.8279,93.23
8/6/2018,S60,Sentosa,1.25,103.8279,96.94
11/6/2018,S60,Sentosa,1.25,103.8279,70.3
12/6/2018,S60,Sentosa,1.25,103.8279,79.22
13/6/2018,S60,Sentosa,1.25,103.8279,82.26
14/6/2018,S60,Sentosa,1.25,103.8279,81.85
15/6/2018,S60,Sentosa,1.25,103.8279,86.67
16/6/2018,S60,Sentosa,1.25,103.8279,83.59
17/6/2018,S60,Sentosa,1.25,103.8279,79.03
18/6/2018,S60,Sentosa,1.25,103.8279,81.39
19/6/2018,S60,Sentosa,1.25,103.8279,82.18
20/6/2018,S60,Sentosa,1.25,103.8279,84.46
21/6/2018,S60,Sentosa,1.25,103.8279,80.11
22/6/2018,S60,Sentosa,1.25,103.8279,86.49
23/6/2018,S60,Sentosa,1.25,103.8279,80.94
24/6/2018,S60,Sentosa,1.25,103.8279,83.41
25/6/2018,S60,Sentosa,1.25,103.8279,83.17
26/6/2018,S60,Sentosa,1.25,103.8279,86.71
27/6/2018,S60,Sentosa,1.25,103.8279,90.23
28/6/2018,S60,Sentosa,1.25,103.8279,86.04
29/6/2018,S60,Sentosa,1.25,103.8279,84.57
30/6/2018,S60,Sentosa,1.25,103.8279,77.99
1/7/2018,S60,Sentosa,1.25,103.8279,84.57
2/7/2018,S60,Sentosa,1.25,103.8279,89.29
3/7/2018,S60,Sentosa,1.25,103.8279,83.06
4/7/2018,S60,Sentosa,1.25,103.8279,88.91
5/7/2018,S60,Sentosa,1.25,103.8279,90.47
6/7/2018,S60,Sentosa,1.25,103.8279,88.53
7/7/2018,S60,Sentosa,1.25,103.8279,92.56
9/7/2018,S60,Sentosa,1.25,103.8279,84.76
10/7/2018,S60,Sentosa,1.25,103.8279,90.64
11/7/2018,S60,Sentosa,1.25,103.8279,95.69
12/7/2018,S60,Sentosa,1.25,103.8279,93.88
13/7/2018,S60,Sentosa,1.25,103.8279,89.4
14/7/2018,S60,Sentosa,1.25,103.8279,86.4
15/7/2018,S60,Sentosa,1.25,103.8279,99
17/7/2018,S60,Sentosa,1.25,103.8279,92.24
18/7/2018,S60,Sentosa,1.25,103.8279,89.43
19/7/2018,S60,Sentosa,1.25,103.8279,84.18
20/7/2018,S60,Sentosa,1.25,103.8279,81.64
21/7/2018,S60,Sentosa,1.25,103.8279,79.79
22/7/2018,S60,Sentosa,1.25,103.8279,78.83
23/7/2018,S60,Sentosa,1.25,103.8279,80.33
24/7/2018,S60,Sentosa,1.25,103.8279,76.31
25/7/2018,S60,Sentosa,1.25,103.8279,80.01
26/7/2018,S60,Sentosa,1.25,103.8279,75.43
27/7/2018,S60,Sentosa,1.25,103.8279,72.22
28/7/2018,S60,Sentosa,1.25,103.8279,72.79
29/7/2018,S60,Sentosa,1.25,103.8279,75.47
30/7/2018,S60,Sentosa,1.25,103.8279,83.95
31/7/2018,S60,Sentosa,1.25,103.8279,82.22
1/8/2018,S60,Sentosa,1.25,103.8279,85.26
2/8/2018,S60,Sentosa,1.25,103.8279,75.51
3/8/2018,S60,Sentosa,1.25,103.8279,75.54
4/8/2018,S60,Sentosa,1.25,103.8279,77.74
5/8/2018,S60,Sentosa,1.25,103.8279,78.04
6/8/2018,S60,Sentosa,1.25,103.8279,77.64
7/8/2018,S60,Sentosa,1.25,103.8279,80.16
8/8/2018,S60,Sentosa,1.25,103.8279,77.57
9/8/2018,S60,Sentosa,1.25,103.8279,79.07
10/8/2018,S60,Sentosa,1.25,103.8279,76.36
11/8/2018,S60,Sentosa,1.25,103.8279,77.95
12/8/2018,S60,Sentosa,1.25,103.8279,75.72
13/8/2018,S60,Sentosa,1.25,103.8279,76.06
14/8/2018,S60,Sentosa,1.25,103.8279,74.95
15/8/2018,S60,Sentosa,1.25,103.8279,73.46
16/8/2018,S60,Sentosa,1.25,103.8279,73.67
17/8/2018,S60,Sentosa,1.25,103.8279,78.12
18/8/2018,S60,Sentosa,1.25,103.8279,72.95
19/8/2018,S60,Sentosa,1.25,103.8279,71.58
20/8/2018,S60,Sentosa,1.25,103.8279,70.93
21/8/2018,S60,Sentosa,1.25,103.8279,74.44
22/8/2018,S60,Sentosa,1.25,103.8279,83.31
23/8/2018,S60,Sentosa,1.25,103.8279,74.17
24/8/2018,S60,Sentosa,1.25,103.8279,81.71
25/8/2018,S60,Sentosa,1.25,103.8279,76.19
26/8/2018,S60,Sentosa,1.25,103.8279,70.7
27/8/2018,S60,Sentosa,1.25,103.8279,75.59
28/8/2018,S60,Sentosa,1.25,103.8279,78.14
29/8/2018,S60,Sentosa,1.25,103.8279,75.11
30/8/2018,S60,Sentosa,1.25,103.8279,73.11
31/8/2018,S60,Sentosa,1.25,103.8279,77.48
1/9/2018,S60,Sentosa,1.25,103.8279,76.51
2/9/2018,S60,Sentosa,1.25,103.8279,81.7
3/9/2018,S60,Sentosa,1.25,103.8279,77.47
4/9/2018,S60,Sentosa,1.25,103.8279,82.04
5/9/2018,S60,Sentosa,1.25,103.8279,76.46
6/9/2018,S60,Sentosa,1.25,103.8279,73.71
7/9/2018,S60,Sentosa,1.25,103.8279,85.52
8/9/2018,S60,Sentosa,1.25,103.8279,84.49
9/9/2018,S60,Sentosa,1.25,103.8279,79.6
10/9/2018,S60,Sentosa,1.25,103.8279,77.71
11/9/2018,S60,Sentosa,1.25,103.8279,82.9
12/9/2018,S60,Sentosa,1.25,103.8279,88.51
13/9/2018,S60,Sentosa,1.25,103.8279,60.03
14/9/2018,S60,Sentosa,1.25,103.8279,72.18
15/9/2018,S60,Sentosa,1.25,103.8279,71.91
16/9/2018,S60,Sentosa,1.25,103.8279,70.65
17/9/2018,S60,Sentosa,1.25,103.8279,68.04
18/9/2018,S60,Sentosa,1.25,103.8279,74.76
19/9/2018,S60,Sentosa,1.25,103.8279,79.9
20/9/2018,S60,Sentosa,1.25,103.8279,81.8
21/9/2018,S60,Sentosa,1.25,103.8279,80.08
22/9/2018,S60,Sentosa,1.25,103.8279,78.66
23/9/2018,S60,Sentosa,1.25,103.8279,74.72
25/9/2018,S60,Sentosa,1.25,103.8279,79.83
26/9/2018,S60,Sentosa,1.25,103.8279,92.88
27/9/2018,S60,Sentosa,1.25,103.8279,93.42
28/9/2018,S60,Sentosa,1.25,103.8279,99.8
30/9/2018,S60,Sentosa,1.25,103.8279,64.54
2/10/2018,S60,Sentosa,1.25,103.8279,72.83
3/10/2018,S60,Sentosa,1.25,103.8279,87.71
4/10/2018,S60,Sentosa,1.25,103.8279,90.51
5/10/2018,S60,Sentosa,1.25,103.8279,82.84
6/10/2018,S60,Sentosa,1.25,103.8279,82.49
7/10/2018,S60,Sentosa,1.25,103.8279,76.09
8/10/2018,S60,Sentosa,1.25,103.8279,77.51
9/10/2018,S60,Sentosa,1.25,103.8279,83.77
10/10/2018,S60,Sentosa,1.25,103.8279,84.51
11/10/2018,S60,Sentosa,1.25,103.8279,83.94
12/10/2018,S60,Sentosa,1.25,103.8279,82.1
13/10/2018,S60,Sentosa,1.25,103.8279,85.19
14/10/2018,S60,Sentosa,1.25,103.8279,90.07
15/10/2018,S60,Sentosa,1.25,103.8279,77.8
16/10/2018,S60,Sentosa,1.25,103.8279,77.6
17/10/2018,S60,Sentosa,1.25,103.8279,75.34
18/10/2018,S60,Sentosa,1.25,103.8279,76.51
19/10/2018,S60,Sentosa,1.25,103.8279,75.13
20/10/2018,S60,Sentosa,1.25,103.8279,72.39
21/10/2018,S60,Sentosa,1.25,103.8279,73.95
22/10/2018,S60,Sentosa,1.25,103.8279,71.64
23/10/2018,S60,Sentosa,1.25,103.8279,76.29
24/10/2018,S60,Sentosa,1.25,103.8279,73.98
25/10/2018,S60,Sentosa,1.25,103.8279,75.4
26/10/2018,S60,Sentosa,1.25,103.8279,73.39
27/10/2018,S60,Sentosa,1.25,103.8279,82.21
28/10/2018,S60,Sentosa,1.25,103.8279,78.15
29/10/2018,S60,Sentosa,1.25,103.8279,79.99
30/10/2018,S60,Sentosa,1.25,103.8279,82.18
31/10/2018,S60,Sentosa,1.25,103.8279,78.01
1/11/2018,S60,Sentosa,1.25,103.8279,82.8
2/11/2018,S60,Sentosa,1.25,103.8279,79.39
3/11/2018,S60,Sentosa,1.25,103.8279,79.6
4/11/2018,S60,Sentosa,1.25,103.8279,81.33
5/11/2018,S60,Sentosa,1.25,103.8279,80.96
6/11/2018,S60,Sentosa,1.25,103.8279,76.13
7/11/2018,S60,Sentosa,1.25,103.8279,75.85
8/11/2018,S60,Sentosa,1.25,103.8279,78.97
9/11/2018,S60,Sentosa,1.25,103.8279,83.62
10/11/2018,S60,Sentosa,1.25,103.8279,86.26
12/11/2018,S60,Sentosa,1.25,103.8279,95.59
13/11/2018,S60,Sentosa,1.25,103.8279,89.03
14/11/2018,S60,Sentosa,1.25,103.8279,77.84
15/11/2018,S60,Sentosa,1.25,103.8279,86.38
16/11/2018,S60,Sentosa,1.25,103.8279,79.72
17/11/2018,S60,Sentosa,1.25,103.8279,79.73
18/11/2018,S60,Sentosa,1.25,103.8279,83.55
19/11/2018,S60,Sentosa,1.25,103.8279,80.3
20/11/2018,S60,Sentosa,1.25,103.8279,75.99
21/11/2018,S60,Sentosa,1.25,103.8279,83.54
22/11/2018,S60,Sentosa,1.25,103.8279,82.33
23/11/2018,S60,Sentosa,1.25,103.8279,80.81
24/11/2018,S60,Sentosa,1.25,103.8279,74.01
25/11/2018,S60,Sentosa,1.25,103.8279,79.49
26/11/2018,S60,Sentosa,1.25,103.8279,77.03
27/11/2018,S60,Sentosa,1.25,103.8279,82.15
28/11/2018,S60,Sentosa,1.25,103.8279,78.64
29/11/2018,S60,Sentosa,1.25,103.8279,76.1
30/11/2018,S60,Sentosa,1.25,103.8279,80.03
1/12/2018,S60,Sentosa,1.25,103.8279,82.9
2/12/2018,S60,Sentosa,1.25,103.8279,82.87
3/12/2018,S60,Sentosa,1.25,103.8279,85.32
4/12/2018,S60,Sentosa,1.25,103.8279,79.76
5/12/2018,S60,Sentosa,1.25,103.8279,82.86
6/12/2018,S60,Sentosa,1.25,103.8279,80.33
7/12/2018,S60,Sentosa,1.25,103.8279,77.2
8/12/2018,S60,Sentosa,1.25,103.8279,79.69
9/12/2018,S60,Sentosa,1.25,103.8279,81.73
10/12/2018,S60,Sentosa,1.25,103.8279,83.44
11/12/2018,S60,Sentosa,1.25,103.8279,84.05
12/12/2018,S60,Sentosa,1.25,103.8279,84.93
13/12/2018,S60,Sentosa,1.25,103.8279,82.11
14/12/2018,S60,Sentosa,1.25,103.8279,76.24
15/12/2018,S60,Sentosa,1.25,103.8279,78.23
16/12/2018,S60,Sentosa,1.25,103.8279,81.4
17/12/2018,S60,Sentosa,1.25,103.8279,78.5
18/12/2018,S60,Sentosa,1.25,103.8279,73.9
19/12/2018,S60,Sentosa,1.25,103.8279,72.84
20/12/2018,S60,Sentosa,1.25,103.8279,73.2
21/12/2018,S60,Sentosa,1.25,103.8279,73.19
22/12/2018,S60,Sentosa,1.25,103.8279,75.69
23/12/2018,S60,Sentosa,1.25,103.8279,74.38
24/12/2018,S60,Sentosa,1.25,103.8279,70.4
25/12/2018,S60,Sentosa,1.25,103.8279,72.02
26/12/2018,S60,Sentosa,1.25,103.8279,70.3
27/12/2018,S60,Sentosa,1.25,103.8279,71.46
28/12/2018,S60,Sentosa,1.25,103.8279,66.51
29/12/2018,S60,Sentosa,1.25,103.8279,74.21
30/12/2018,S60,Sentosa,1.25,103.8279,80.44
2/1/2019,S60,Sentosa,1.25,103.8279,62.86
3/1/2019,S60,Sentosa,1.25,103.8279,73.65
4/1/2019,S60,Sentosa,1.25,103.8279,69.4
5/1/2019,S60,Sentosa,1.25,103.8279,74.41
6/1/2019,S60,Sentosa,1.25,103.8279,72.17
7/1/2019,S60,Sentosa,1.25,103.8279,69.09
8/1/2019,S60,Sentosa,1.25,103.8279,76.32
9/1/2019,S60,Sentosa,1.25,103.8279,72.07
10/1/2019,S60,Sentosa,1.25,103.8279,66.56
11/1/2019,S60,Sentosa,1.25,103.8279,69.72
12/1/2019,S60,Sentosa,1.25,103.8279,71.99
13/1/2019,S60,Sentosa,1.25,103.8279,73.4
14/1/2019,S60,Sentosa,1.25,103.8279,71.45
15/1/2019,S60,Sentosa,1.25,103.8279,73.72
16/1/2019,S60,Sentosa,1.25,103.8279,71.33
17/1/2019,S60,Sentosa,1.25,103.8279,79.79
18/1/2019,S60,Sentosa,1.25,103.8279,82.77
19/1/2019,S60,Sentosa,1.25,103.8279,70.99
20/1/2019,S60,Sentosa,1.25,103.8279,69.82
21/1/2019,S60,Sentosa,1.25,103.8279,70.9
22/1/2019,S60,Sentosa,1.25,103.8279,68.56
23/1/2019,S60,Sentosa,1.25,103.8279,67.44
24/1/2019,S60,Sentosa,1.25,103.8279,67.37
29/1/2019,S60,Sentosa,1.25,103.8279,64.06
30/1/2019,S60,Sentosa,1.25,103.8279,66.74
31/1/2019,S60,Sentosa,1.25,103.8279,69.58
1/2/2019,S60,Sentosa,1.25,103.8279,68.08
2/2/2019,S60,Sentosa,1.25,103.8279,71.53
3/2/2019,S60,Sentosa,1.25,103.8279,70.79
4/2/2019,S60,Sentosa,1.25,103.8279,76.22
5/2/2019,S60,Sentosa,1.25,103.8279,73.63
6/2/2019,S60,Sentosa,1.25,103.8279,66.2
7/2/2019,S60,Sentosa,1.25,103.8279,71.21
8/2/2019,S60,Sentosa,1.25,103.8279,72.86
9/2/2019,S60,Sentosa,1.25,103.8279,73.85
10/2/2019,S60,Sentosa,1.25,103.8279,68.95
11/2/2019,S60,Sentosa,1.25,103.8279,62.8
12/2/2019,S60,Sentosa,1.25,103.8279,62.03
13/2/2019,S60,Sentosa,1.25,103.8279,69.38
14/2/2019,S60,Sentosa,1.25,103.8279,66.45
15/2/2019,S60,Sentosa,1.25,103.8279,66.86
16/2/2019,S60,Sentosa,1.25,103.8279,65.47
17/2/2019,S60,Sentosa,1.25,103.8279,73.63
18/2/2019,S60,Sentosa,1.25,103.8279,78.74
19/2/2019,S60,Sentosa,1.25,103.8279,75
20/2/2019,S60,Sentosa,1.25,103.8279,72.71
21/2/2019,S60,Sentosa,1.25,103.8279,65.67
22/2/2019,S60,Sentosa,1.25,103.8279,69.8
23/2/2019,S60,Sentosa,1.25,103.8279,68.24
24/2/2019,S60,Sentosa,1.25,103.8279,67.55
25/2/2019,S60,Sentosa,1.25,103.8279,70.3
26/2/2019,S60,Sentosa,1.25,103.8279,72.13
27/2/2019,S60,Sentosa,1.25,103.8279,67.25
28/2/2019,S60,Sentosa,1.25,103.8279,69.94
1/3/2019,S60,Sentosa,1.25,103.8279,66.52
2/3/2019,S60,Sentosa,1.25,103.8279,64.59
3/3/2019,S60,Sentosa,1.25,103.8279,67.84
4/3/2019,S60,Sentosa,1.25,103.8279,70.62
5/3/2019,S60,Sentosa,1.25,103.8279,66.51
6/3/2019,S60,Sentosa,1.25,103.8279,68.96
7/3/2019,S60,Sentosa,1.25,103.8279,74.28
8/3/2019,S60,Sentosa,1.25,103.8279,71.88
9/3/2019,S60,Sentosa,1.25,103.8279,72.56
10/3/2019,S60,Sentosa,1.25,103.8279,73.16
11/3/2019,S60,Sentosa,1.25,103.8279,75.14
12/3/2019,S60,Sentosa,1.25,103.8279,70.32
13/3/2019,S60,Sentosa,1.25,103.8279,70.29
14/3/2019,S60,Sentosa,1.25,103.8279,62.35
15/3/2019,S60,Sentosa,1.25,103.8279,62.54
16/3/2019,S60,Sentosa,1.25,103.8279,66.48
17/3/2019,S60,Sentosa,1.25,103.8279,63.02
18/3/2019,S60,Sentosa,1.25,103.8279,57.02
19/3/2019,S60,Sentosa,1.25,103.8279,63.5
20/3/2019,S60,Sentosa,1.25,103.8279,64.28
21/3/2019,S60,Sentosa,1.25,103.8279,72.67
22/3/2019,S60,Sentosa,1.25,103.8279,72.15
23/3/2019,S60,Sentosa,1.25,103.8279,74.45
24/3/2019,S60,Sentosa,1.25,103.8279,70.39
25/3/2019,S60,Sentosa,1.25,103.8279,71.61
26/3/2019,S60,Sentosa,1.25,103.8279,68.87
27/3/2019,S60,Sentosa,1.25,103.8279,62.98
28/3/2019,S60,Sentosa,1.25,103.8279,71.8
29/3/2019,S60,Sentosa,1.25,103.8279,71.32
30/3/2019,S60,Sentosa,1.25,103.8279,80.19
31/3/2019,S60,Sentosa,1.25,103.8279,78.44
1/4/2019,S60,Sentosa,1.25,103.8279,86.56
2/4/2019,S60,Sentosa,1.25,103.8279,73.63
3/4/2019,S60,Sentosa,1.25,103.8279,78.14
4/4/2019,S60,Sentosa,1.25,103.8279,69.21
5/4/2019,S60,Sentosa,1.25,103.8279,70.14
6/4/2019,S60,Sentosa,1.25,103.8279,68.6
7/4/2019,S60,Sentosa,1.25,103.8279,69.01
8/4/2019,S60,Sentosa,1.25,103.8279,69.7
9/4/2019,S60,Sentosa,1.25,103.8279,70.45
10/4/2019,S60,Sentosa,1.25,103.8279,72.73
11/4/2019,S60,Sentosa,1.25,103.8279,79.57
12/4/2019,S60,Sentosa,1.25,103.8279,73.31
13/4/2019,S60,Sentosa,1.25,103.8279,73.13
14/4/2019,S60,Sentosa,1.25,103.8279,77.8
15/4/2019,S60,Sentosa,1.25,103.8279,72.73
16/4/2019,S60,Sentosa,1.25,103.8279,70.2
17/4/2019,S60,Sentosa,1.25,103.8279,71.72
18/4/2019,S60,Sentosa,1.25,103.8279,69.88
19/4/2019,S60,Sentosa,1.25,103.8279,71.08
20/4/2019,S60,Sentosa,1.25,103.8279,80.02
23/4/2019,S60,Sentosa,1.25,103.8279,82.16
24/4/2019,S60,Sentosa,1.25,103.8279,83.84
25/4/2019,S60,Sentosa,1.25,103.8279,76.79
26/4/2019,S60,Sentosa,1.25,103.8279,85.38
27/4/2019,S60,Sentosa,1.25,103.8279,78.69
28/4/2019,S60,Sentosa,1.25,103.8279,73.99
29/4/2019,S60,Sentosa,1.25,103.8279,77.05
30/4/2019,S60,Sentosa,1.25,103.8279,77.85
1/5/2019,S60,Sentosa,1.25,103.8279,72.2
2/5/2019,S60,Sentosa,1.25,103.8279,73.66
3/5/2019,S60,Sentosa,1.25,103.8279,74.65
4/5/2019,S60,Sentosa,1.25,103.8279,76.63
5/5/2019,S60,Sentosa,1.25,103.8279,76.44
6/5/2019,S60,Sentosa,1.25,103.8279,66.65
7/5/2019,S60,Sentosa,1.25,103.8279,70.55
8/5/2019,S60,Sentosa,1.25,103.8279,83.28
9/5/2019,S60,Sentosa,1.25,103.8279,71.35
10/5/2019,S60,Sentosa,1.25,103.8279,73.39
11/5/2019,S60,Sentosa,1.25,103.8279,80.33
12/5/2019,S60,Sentosa,1.25,103.8279,74.92
13/5/2019,S60,Sentosa,1.25,103.8279,76.88
14/5/2019,S60,Sentosa,1.25,103.8279,75.97
15/5/2019,S60,Sentosa,1.25,103.8279,76.55
16/5/2019,S60,Sentosa,1.25,103.8279,76.04
17/5/2019,S60,Sentosa,1.25,103.8279,79.17
18/5/2019,S60,Sentosa,1.25,103.8279,76.23
19/5/2019,S60,Sentosa,1.25,103.8279,80.55
20/5/2019,S60,Sentosa,1.25,103.8279,76.51
21/5/2019,S60,Sentosa,1.25,103.8279,78.17
22/5/2019,S60,Sentosa,1.25,103.8279,81.59
23/5/2019,S60,Sentosa,1.25,103.8279,74.62
24/5/2019,S60,Sentosa,1.25,103.8279,69.84
25/5/2019,S60,Sentosa,1.25,103.8279,76.92
26/5/2019,S60,Sentosa,1.25,103.8279,75.71
27/5/2019,S60,Sentosa,1.25,103.8279,77.07
28/5/2019,S60,Sentosa,1.25,103.8279,75.43
29/5/2019,S60,Sentosa,1.25,103.8279,76.41
30/5/2019,S60,Sentosa,1.25,103.8279,80.21
31/5/2019,S60,Sentosa,1.25,103.8279,76.66
1/6/2019,S60,Sentosa,1.25,103.8279,78.21
2/6/2019,S60,Sentosa,1.25,103.8279,74.93
3/6/2019,S60,Sentosa,1.25,103.8279,83.38
4/6/2019,S60,Sentosa,1.25,103.8279,80.48
5/6/2019,S60,Sentosa,1.25,103.8279,77.25
6/6/2019,S60,Sentosa,1.25,103.8279,84.41
7/6/2019,S60,Sentosa,1.25,103.8279,83.54
8/6/2019,S60,Sentosa,1.25,103.8279,82.31
9/6/2019,S60,Sentosa,1.25,103.8279,77.79
10/6/2019,S60,Sentosa,1.25,103.8279,75.56
11/6/2019,S60,Sentosa,1.25,103.8279,73.91
12/6/2019,S60,Sentosa,1.25,103.8279,83.02
13/6/2019,S60,Sentosa,1.25,103.8279,80.66
14/6/2019,S60,Sentosa,1.25,103.8279,76.92
15/6/2019,S60,Sentosa,1.25,103.8279,77.75
16/6/2019,S60,Sentosa,1.25,103.8279,75.67
17/6/2019,S60,Sentosa,1.25,103.8279,78.77
18/6/2019,S60,Sentosa,1.25,103.8279,83.55
19/6/2019,S60,Sentosa,1.25,103.8279,81.9
20/6/2019,S60,Sentosa,1.25,103.8279,77.31
21/6/2019,S60,Sentosa,1.25,103.8279,77.02
22/6/2019,S60,Sentosa,1.25,103.8279,79.53
23/6/2019,S60,Sentosa,1.25,103.8279,86.45
24/6/2019,S60,Sentosa,1.25,103.8279,78.51
25/6/2019,S60,Sentosa,1.25,103.8279,72.47
26/6/2019,S60,Sentosa,1.25,103.8279,78.8
27/6/2019,S60,Sentosa,1.25,103.8279,76
28/6/2019,S60,Sentosa,1.25,103.8279,74.18
29/6/2019,S60,Sentosa,1.25,103.8279,77.16
30/6/2019,S60,Sentosa,1.25,103.8279,76.23
1/7/2019,S60,Sentosa,1.25,103.8279,70.32
2/7/2019,S60,Sentosa,1.25,103.8279,72.24
3/7/2019,S60,Sentosa,1.25,103.8279,74.77
4/7/2019,S60,Sentosa,1.25,103.8279,75.38
5/7/2019,S60,Sentosa,1.25,103.8279,74.16
6/7/2019,S60,Sentosa,1.25,103.8279,74.71
7/7/2019,S60,Sentosa,1.25,103.8279,78.55
8/7/2019,S60,Sentosa,1.25,103.8279,81.83
9/7/2019,S60,Sentosa,1.25,103.8279,80.29
10/7/2019,S60,Sentosa,1.25,103.8279,71.12
11/7/2019,S60,Sentosa,1.25,103.8279,68
12/7/2019,S60,Sentosa,1.25,103.8279,70.99
13/7/2019,S60,Sentosa,1.25,103.8279,72.23
14/7/2019,S60,Sentosa,1.25,103.8279,71.46
15/7/2019,S60,Sentosa,1.25,103.8279,78.02
16/7/2019,S60,Sentosa,1.25,103.8279,70.51
17/7/2019,S60,Sentosa,1.25,103.8279,68.5
18/7/2019,S60,Sentosa,1.25,103.8279,65.33
19/7/2019,S60,Sentosa,1.25,103.8279,67.74
20/7/2019,S60,Sentosa,1.25,103.8279,71.49
25/7/2019,S60,Sentosa,1.25,103.8279,68.3
26/7/2019,S60,Sentosa,1.25,103.8279,67.07
27/7/2019,S60,Sentosa,1.25,103.8279,70.79
28/7/2019,S60,Sentosa,1.25,103.8279,73.64
29/7/2019,S60,Sentosa,1.25,103.8279,70.51
30/7/2019,S60,Sentosa,1.25,103.8279,70.73
31/7/2019,S60,Sentosa,1.25,103.8279,66.58
1/8/2019,S60,Sentosa,1.25,103.8279,65.31
2/8/2019,S60,Sentosa,1.25,103.8279,66.92
3/8/2019,S60,Sentosa,1.25,103.8279,68.93
4/8/2019,S60,Sentosa,1.25,103.8279,72.07
5/8/2019,S60,Sentosa,1.25,103.8279,71.74
6/8/2019,S60,Sentosa,1.25,103.8279,73.29
7/8/2019,S60,Sentosa,1.25,103.8279,70.82
8/8/2019,S60,Sentosa,1.25,103.8279,70.25
9/8/2019,S60,Sentosa,1.25,103.8279,72.39
10/8/2019,S60,Sentosa,1.25,103.8279,72.26
11/8/2019,S60,Sentosa,1.25,103.8279,72.01
12/8/2019,S60,Sentosa,1.25,103.8279,70.88
13/8/2019,S60,Sentosa,1.25,103.8279,72.16
14/8/2019,S60,Sentosa,1.25,103.8279,73.02
15/8/2019,S60,Sentosa,1.25,103.8279,72.77
16/8/2019,S60,Sentosa,1.25,103.8279,68.61
17/8/2019,S60,Sentosa,1.25,103.8279,73.96
18/8/2019,S60,Sentosa,1.25,103.8279,69.15
19/8/2019,S60,Sentosa,1.25,103.8279,67.33
20/8/2019,S60,Sentosa,1.25,103.8279,72.83
21/8/2019,S60,Sentosa,1.25,103.8279,70.98
22/8/2019,S60,Sentosa,1.25,103.8279,72.44
23/8/2019,S60,Sentosa,1.25,103.8279,68.99
24/8/2019,S60,Sentosa,1.25,103.8279,68.39
25/8/2019,S60,Sentosa,1.25,103.8279,71.01
26/8/2019,S60,Sentosa,1.25,103.8279,74.21
27/8/2019,S60,Sentosa,1.25,103.8279,80.16
28/8/2019,S60,Sentosa,1.25,103.8279,78
29/8/2019,S60,Sentosa,1.25,103.8279,74
30/8/2019,S60,Sentosa,1.25,103.8279,71.67
31/8/2019,S60,Sentosa,1.25,103.8279,65.43
1/9/2019,S60,Sentosa,1.25,103.8279,69.85
2/9/2019,S60,Sentosa,1.25,103.8279,72.54
3/9/2019,S60,Sentosa,1.25,103.8279,73.53
4/9/2019,S60,Sentosa,1.25,103.8279,73.32
5/9/2019,S60,Sentosa,1.25,103.8279,70.66
6/9/2019,S60,Sentosa,1.25,103.8279,70.67
7/9/2019,S60,Sentosa,1.25,103.8279,69.8
8/9/2019,S60,Sentosa,1.25,103.8279,68.67
9/9/2019,S60,Sentosa,1.25,103.8279,72.24
10/9/2019,S60,Sentosa,1.25,103.8279,72.64
11/9/2019,S60,Sentosa,1.25,103.8279,70.38
13/9/2019,S60,Sentosa,1.25,103.8279,73.75
14/9/2019,S60,Sentosa,1.25,103.8279,75.35
15/9/2019,S60,Sentosa,1.25,103.8279,70.71
16/9/2019,S60,Sentosa,1.25,103.8279,68.45
17/9/2019,S60,Sentosa,1.25,103.8279,71.2
18/9/2019,S60,Sentosa,1.25,103.8279,72.13
19/9/2019,S60,Sentosa,1.25,103.8279,70.3
20/9/2019,S60,Sentosa,1.25,103.8279,72.77
21/9/2019,S60,Sentosa,1.25,103.8279,66.89
22/9/2019,S60,Sentosa,1.25,103.8279,70.02
23/9/2019,S60,Sentosa,1.25,103.8279,75.21
24/9/2019,S60,Sentosa,1.25,103.8279,72.69
25/9/2019,S60,Sentosa,1.25,103.8279,85.33
26/9/2019,S60,Sentosa,1.25,103.8279,74.62
27/9/2019,S60,Sentosa,1.25,103.8279,70.49
28/9/2019,S60,Sentosa,1.25,103.8279,71.73
29/9/2019,S60,Sentosa,1.25,103.8279,72.86
30/9/2019,S60,Sentosa,1.25,103.8279,78.96
1/10/2019,S60,Sentosa,1.25,103.8279,75.59
2/10/2019,S60,Sentosa,1.25,103.8279,76.79
3/10/2019,S60,Sentosa,1.25,103.8279,73.68
4/10/2019,S60,Sentosa,1.25,103.8279,72.59
5/10/2019,S60,Sentosa,1.25,103.8279,73.25
6/10/2019,S60,Sentosa,1.25,103.8279,67.27
7/10/2019,S60,Sentosa,1.25,103.8279,76.75
8/10/2019,S60,Sentosa,1.25,103.8279,75.7
9/10/2019,S60,Sentosa,1.25,103.8279,70.88
10/10/2019,S60,Sentosa,1.25,103.8279,69.17
11/10/2019,S60,Sentosa,1.25,103.8279,70.46
12/10/2019,S60,Sentosa,1.25,103.8279,70.84
13/10/2019,S60,Sentosa,1.25,103.8279,70.77
14/10/2019,S60,Sentosa,1.25,103.8279,68.69
15/10/2019,S60,Sentosa,1.25,103.8279,68.81
16/10/2019,S60,Sentosa,1.25,103.8279,70.77
17/10/2019,S60,Sentosa,1.25,103.8279,72.6
18/10/2019,S60,Sentosa,1.25,103.8279,74.97
19/10/2019,S60,Sentosa,1.25,103.8279,70.66
20/10/2019,S60,Sentosa,1.25,103.8279,75.58
21/10/2019,S60,Sentosa,1.25,103.8279,74.98
22/10/2019,S60,Sentosa,1.25,103.8279,83.41
23/10/2019,S60,Sentosa,1.25,103.8279,79.58
24/10/2019,S60,Sentosa,1.25,103.8279,73.27
25/10/2019,S60,Sentosa,1.25,103.8279,73.64
26/10/2019,S60,Sentosa,1.25,103.8279,78.99
27/10/2019,S60,Sentosa,1.25,103.8279,75.34
28/10/2019,S60,Sentosa,1.25,103.8279,77.51
29/10/2019,S60,Sentosa,1.25,103.8279,69.92
30/10/2019,S60,Sentosa,1.25,103.8279,71.36
31/10/2019,S60,Sentosa,1.25,103.8279,70.67
1/11/2019,S60,Sentosa,1.25,103.8279,68.44
2/11/2019,S60,Sentosa,1.25,103.8279,67.91
3/11/2019,S60,Sentosa,1.25,103.8279,70.66
4/11/2019,S60,Sentosa,1.25,103.8279,68.42
5/11/2019,S60,Sentosa,1.25,103.8279,73.73
6/11/2019,S60,Sentosa,1.25,103.8279,71.54
7/11/2019,S60,Sentosa,1.25,103.8279,78.99
14/11/2019,S60,Sentosa,1.25,103.8279,72.43
15/11/2019,S60,Sentosa,1.25,103.8279,72.55
16/11/2019,S60,Sentosa,1.25,103.8279,70.19
17/11/2019,S60,Sentosa,1.25,103.8279,64.82
18/11/2019,S60,Sentosa,1.25,103.8279,68.91
19/11/2019,S60,Sentosa,1.25,103.8279,77.27
20/11/2019,S60,Sentosa,1.25,103.8279,81.5
21/11/2019,S60,Sentosa,1.25,103.8279,77.52
22/11/2019,S60,Sentosa,1.25,103.8279,74.45
23/11/2019,S60,Sentosa,1.25,103.8279,78.47
24/11/2019,S60,Sentosa,1.25,103.8279,79.34
25/11/2019,S60,Sentosa,1.25,103.8279,75.3
26/11/2019,S60,Sentosa,1.25,103.8279,69.07
27/11/2019,S60,Sentosa,1.25,103.8279,75.43
28/11/2019,S60,Sentosa,1.25,103.8279,75.62
29/11/2019,S60,Sentosa,1.25,103.8279,82.45
30/11/2019,S60,Sentosa,1.25,103.8279,78.21
1/12/2019,S60,Sentosa,1.25,103.8279,74.8
2/12/2019,S60,Sentosa,1.25,103.8279,81.65
3/12/2019,S60,Sentosa,1.25,103.8279,70.5
4/12/2019,S60,Sentosa,1.25,103.8279,65.91
5/12/2019,S60,Sentosa,1.25,103.8279,67.67
6/12/2019,S60,Sentosa,1.25,103.8279,65.39
7/12/2019,S60,Sentosa,1.25,103.8279,67.29
8/12/2019,S60,Sentosa,1.25,103.8279,74.43
12/12/2019,S60,Sentosa,1.25,103.8279,61.71
13/12/2019,S60,Sentosa,1.25,103.8279,80.81
14/12/2019,S60,Sentosa,1.25,103.8279,91.86
15/12/2019,S60,Sentosa,1.25,103.8279,92.25
16/12/2019,S60,Sentosa,1.25,103.8279,77.68
17/12/2019,S60,Sentosa,1.25,103.8279,87.48
18/12/2019,S60,Sentosa,1.25,103.8279,81.04
19/12/2019,S60,Sentosa,1.25,103.8279,78.18
20/12/2019,S60,Sentosa,1.25,103.8279,75.48
21/12/2019,S60,Sentosa,1.25,103.8279,84.23
22/12/2019,S60,Sentosa,1.25,103.8279,73.77
23/12/2019,S60,Sentosa,1.25,103.8279,76.4
24/12/2019,S60,Sentosa,1.25,103.8279,74.06
25/12/2019,S60,Sentosa,1.25,103.8279,74.99
26/12/2019,S60,Sentosa,1.25,103.8279,67.61
27/12/2019,S60,Sentosa,1.25,103.8279,66.14
28/12/2019,S60,Sentosa,1.25,103.8279,68.72
29/12/2019,S60,Sentosa,1.25,103.8279,68.86
30/12/2019,S60,Sentosa,1.25,103.8279,66
31/12/2019,S60,Sentosa,1.25,103.8279,67.62
1/1/2020,S60,Sentosa,1.25,103.8279,64.35
2/1/2020,S60,Sentosa,1.25,103.8279,80.23
3/1/2020,S60,Sentosa,1.25,103.8279,68.21
4/1/2020,S60,Sentosa,1.25,103.8279,73.43
5/1/2020,S60,Sentosa,1.25,103.8279,68.21
6/1/2020,S60,Sentosa,1.25,103.8279,73.84
7/1/2020,S60,Sentosa,1.25,103.8279,75.19
8/1/2020,S60,Sentosa,1.25,103.8279,71.14
9/1/2020,S60,Sentosa,1.25,103.8279,70.64
10/1/2020,S60,Sentosa,1.25,103.8279,74.4
11/1/2020,S60,Sentosa,1.25,103.8279,71.21
12/1/2020,S60,Sentosa,1.25,103.8279,74.08
13/1/2020,S60,Sentosa,1.25,103.8279,70.73
14/1/2020,S60,Sentosa,1.25,103.8279,68.22
15/1/2020,S60,Sentosa,1.25,103.8279,69.92
16/1/2020,S60,Sentosa,1.25,103.8279,73.21
17/1/2020,S60,Sentosa,1.25,103.8279,67.81
18/1/2020,S60,Sentosa,1.25,103.8279,75.48
19/1/2020,S60,Sentosa,1.25,103.8279,69.01
20/1/2020,S60,Sentosa,1.25,103.8279,72.29
21/1/2020,S60,Sentosa,1.25,103.8279,80.66
22/1/2020,S60,Sentosa,1.25,103.8279,62.06
23/1/2020,S60,Sentosa,1.25,103.8279,70.63
24/1/2020,S60,Sentosa,1.25,103.8279,62.77
25/1/2020,S60,Sentosa,1.25,103.8279,65.32
26/1/2020,S60,Sentosa,1.25,103.8279,70.48
27/1/2020,S60,Sentosa,1.25,103.8279,76.23
28/1/2020,S60,Sentosa,1.25,103.8279,72.64
29/1/2020,S60,Sentosa,1.25,103.8279,85.7
30/1/2020,S60,Sentosa,1.25,103.8279,73.49
31/1/2020,S60,Sentosa,1.25,103.8279,66.36
1/2/2020,S60,Sentosa,1.25,103.8279,69.35
2/2/2020,S60,Sentosa,1.25,103.8279,70.88
3/2/2020,S60,Sentosa,1.25,103.8279,64.48
4/2/2020,S60,Sentosa,1.25,103.8279,63.41
5/2/2020,S60,Sentosa,1.25,103.8279,65.71
6/2/2020,S60,Sentosa,1.25,103.8279,66.02
7/2/2020,S60,Sentosa,1.25,103.8279,65.23
8/2/2020,S60,Sentosa,1.25,103.8279,61.44
9/2/2020,S60,Sentosa,1.25,103.8279,78.06
10/2/2020,S60,Sentosa,1.25,103.8279,79.59
11/2/2020,S60,Sentosa,1.25,103.8279,81.9
12/2/2020,S60,Sentosa,1.25,103.8279,79.58
13/2/2020,S60,Sentosa,1.25,103.8279,71.6
14/2/2020,S60,Sentosa,1.25,103.8279,70.77
15/2/2020,S60,Sentosa,1.25,103.8279,72.17
16/2/2020,S60,Sentosa,1.25,103.8279,71.48
17/2/2020,S60,Sentosa,1.25,103.8279,64.91
18/2/2020,S60,Sentosa,1.25,103.8279,69.46
19/2/2020,S60,Sentosa,1.25,103.8279,66.69
20/2/2020,S60,Sentosa,1.25,103.8279,67.61
21/2/2020,S60,Sentosa,1.25,103.8279,76.63
22/2/2020,S60,Sentosa,1.25,103.8279,69.77
23/2/2020,S60,Sentosa,1.25,103.8279,67.59
24/2/2020,S60,Sentosa,1.25,103.8279,75.31
25/2/2020,S60,Sentosa,1.25,103.8279,66.83
26/2/2020,S60,Sentosa,1.25,103.8279,65.94
27/2/2020,S60,Sentosa,1.25,103.8279,65.96
28/2/2020,S60,Sentosa,1.25,103.8279,68.08
29/2/2020,S60,Sentosa,1.25,103.8279,63.69
1/3/2020,S60,Sentosa,1.25,103.8279,63.28
2/3/2020,S60,Sentosa,1.25,103.8279,64.44
3/3/2020,S60,Sentosa,1.25,103.8279,66.65
4/3/2020,S60,Sentosa,1.25,103.8279,70.62
5/3/2020,S60,Sentosa,1.25,103.8279,76.34
6/3/2020,S60,Sentosa,1.25,103.8279,74.48
7/3/2020,S60,Sentosa,1.25,103.8279,77.69
8/3/2020,S60,Sentosa,1.25,103.8279,76.05
9/3/2020,S60,Sentosa,1.25,103.8279,75.95
10/3/2020,S60,Sentosa,1.25,103.8279,73.52
11/3/2020,S60,Sentosa,1.25,103.8279,72.34
12/3/2020,S60,Sentosa,1.25,103.8279,66.92
13/3/2020,S60,Sentosa,1.25,103.8279,70.08
14/3/2020,S60,Sentosa,1.25,103.8279,71.18
15/3/2020,S60,Sentosa,1.25,103.8279,69.42
16/3/2020,S60,Sentosa,1.25,103.8279,68.24
17/3/2020,S60,Sentosa,1.25,103.8279,61.15
18/3/2020,S60,Sentosa,1.25,103.8279,70.47
19/3/2020,S60,Sentosa,1.25,103.8279,67.16
20/3/2020,S60,Sentosa,1.25,103.8279,67.32
21/3/2020,S60,Sentosa,1.25,103.8279,72.48
22/3/2020,S60,Sentosa,1.25,103.8279,80.21
23/3/2020,S60,Sentosa,1.25,103.8279,84.95
24/3/2020,S60,Sentosa,1.25,103.8279,74.75
25/3/2020,S60,Sentosa,1.25,103.8279,72.8
26/3/2020,S60,Sentosa,1.25,103.8279,70.3
27/3/2020,S60,Sentosa,1.25,103.8279,76.33
28/3/2020,S60,Sentosa,1.25,103.8279,73.71
29/3/2020,S60,Sentosa,1.25,103.8279,65.73
30/3/2020,S60,Sentosa,1.25,103.8279,65.69
31/3/2020,S60,Sentosa,1.25,103.8279,66.23
1/4/2020,S60,Sentosa,1.25,103.8279,70.78
2/4/2020,S60,Sentosa,1.25,103.8279,71.84
3/4/2020,S60,Sentosa,1.25,103.8279,74.59
4/4/2020,S60,Sentosa,1.25,103.8279,70.43
5/4/2020,S60,Sentosa,1.25,103.8279,73.55
6/4/2020,S60,Sentosa,1.25,103.8279,81.72
7/4/2020,S60,Sentosa,1.25,103.8279,84.42
8/4/2020,S60,Sentosa,1.25,103.8279,75.51
9/4/2020,S60,Sentosa,1.25,103.8279,70.24
10/4/2020,S60,Sentosa,1.25,103.8279,66.66
11/4/2020,S60,Sentosa,1.25,103.8279,71.65
12/4/2020,S60,Sentosa,1.25,103.8279,70.76
13/4/2020,S60,Sentosa,1.25,103.8279,79.86
14/4/2020,S60,Sentosa,1.25,103.8279,67.88
15/4/2020,S60,Sentosa,1.25,103.8279,65.9
16/4/2020,S60,Sentosa,1.25,103.8279,69.67
17/4/2020,S60,Sentosa,1.25,103.8279,75.53
11/6/2020,S60,Sentosa,1.25,103.8279,71.97
12/6/2020,S60,Sentosa,1.25,103.8279,78.06
13/6/2020,S60,Sentosa,1.25,103.8279,84.21
14/6/2020,S60,Sentosa,1.25,103.8279,78.37
15/6/2020,S60,Sentosa,1.25,103.8279,74.41
16/6/2020,S60,Sentosa,1.25,103.8279,82.67
17/6/2020,S60,Sentosa,1.25,103.8279,85.93
18/6/2020,S60,Sentosa,1.25,103.8279,77.56
19/6/2020,S60,Sentosa,1.25,103.8279,80.34
20/6/2020,S60,Sentosa,1.25,103.8279,86.85
21/6/2020,S60,Sentosa,1.25,103.8279,88.43
22/6/2020,S60,Sentosa,1.25,103.8279,83.1
23/6/2020,S60,Sentosa,1.25,103.8279,88.59
24/6/2020,S60,Sentosa,1.25,103.8279,81.53
25/6/2020,S60,Sentosa,1.25,103.8279,75.07
26/6/2020,S60,Sentosa,1.25,103.8279,75.62
27/6/2020,S60,Sentosa,1.25,103.8279,77.55
28/6/2020,S60,Sentosa,1.25,103.8279,75.52
29/6/2020,S60,Sentosa,1.25,103.8279,73.55
30/6/2020,S60,Sentosa,1.25,103.8279,72.77
1/7/2020,S60,Sentosa,1.25,103.8279,79.17
2/7/2020,S60,Sentosa,1.25,103.8279,72.9
3/7/2020,S60,Sentosa,1.25,103.8279,73.98
4/7/2020,S60,Sentosa,1.25,103.8279,77.57
5/7/2020,S60,Sentosa,1.25,103.8279,77.42
6/7/2020,S60,Sentosa,1.25,103.8279,72.82
7/7/2020,S60,Sentosa,1.25,103.8279,77.12
8/7/2020,S60,Sentosa,1.25,103.8279,75.04
9/7/2020,S60,Sentosa,1.25,103.8279,85.32
10/7/2020,S60,Sentosa,1.25,103.8279,75.35
11/7/2020,S60,Sentosa,1.25,103.8279,78.2
12/7/2020,S60,Sentosa,1.25,103.8279,76.99
13/7/2020,S60,Sentosa,1.25,103.8279,84.43
14/7/2020,S60,Sentosa,1.25,103.8279,79.18
15/7/2020,S60,Sentosa,1.25,103.8279,79.6
16/7/2020,S60,Sentosa,1.25,103.8279,85.01
17/7/2020,S60,Sentosa,1.25,103.8279,68.54
18/7/2020,S60,Sentosa,1.25,103.8279,80.15
19/7/2020,S60,Sentosa,1.25,103.8279,75.36
20/7/2020,S60,Sentosa,1.25,103.8279,75.26
21/7/2020,S60,Sentosa,1.25,103.8279,76.02
22/7/2020,S60,Sentosa,1.25,103.8279,75.28
23/7/2020,S60,Sentosa,1.25,103.8279,78.69
24/7/2020,S60,Sentosa,1.25,103.8279,80.96
25/7/2020,S60,Sentosa,1.25,103.8279,84.86
26/7/2020,S60,Sentosa,1.25,103.8279,82.54
27/7/2020,S60,Sentosa,1.25,103.8279,83.71
28/7/2020,S60,Sentosa,1.25,103.8279,76.88
29/7/2020,S60,Sentosa,1.25,103.8279,86.68
30/7/2020,S60,Sentosa,1.25,103.8279,79.08
31/7/2020,S60,Sentosa,1.25,103.8279,76.41
1/8/2020,S60,Sentosa,1.25,103.8279,79.35
3/8/2020,S60,Sentosa,1.25,103.8279,67.99
4/8/2020,S60,Sentosa,1.25,103.8279,77.29
5/8/2020,S60,Sentosa,1.25,103.8279,76.51
6/8/2020,S60,Sentosa,1.25,103.8279,77.81
7/8/2020,S60,Sentosa,1.25,103.8279,76.29
8/8/2020,S60,Sentosa,1.25,103.8279,74.89
9/8/2020,S60,Sentosa,1.25,103.8279,77.23
10/8/2020,S60,Sentosa,1.25,103.8279,75.22
11/8/2020,S60,Sentosa,1.25,103.8279,77.24
12/8/2020,S60,Sentosa,1.25,103.8279,75.57
13/8/2020,S60,Sentosa,1.25,103.8279,71.77
14/8/2020,S60,Sentosa,1.25,103.8279,83.41
15/8/2020,S60,Sentosa,1.25,103.8279,77.98
16/8/2020,S60,Sentosa,1.25,103.8279,78.9
17/8/2020,S60,Sentosa,1.25,103.8279,79.99
18/8/2020,S60,Sentosa,1.25,103.8279,78.97
19/8/2020,S60,Sentosa,1.25,103.8279,76.35
20/8/2020,S60,Sentosa,1.25,103.8279,78.78
21/8/2020,S60,Sentosa,1.25,103.8279,72.51
22/8/2020,S60,Sentosa,1.25,103.8279,76.91
23/8/2020,S60,Sentosa,1.25,103.8279,86.52
24/8/2020,S60,Sentosa,1.25,103.8279,78.61
25/8/2020,S60,Sentosa,1.25,103.8279,77.1
26/8/2020,S60,Sentosa,1.25,103.8279,77.69
27/8/2020,S60,Sentosa,1.25,103.8279,76.9
28/8/2020,S60,Sentosa,1.25,103.8279,69.43
29/8/2020,S60,Sentosa,1.25,103.8279,85.1
30/8/2020,S60,Sentosa,1.25,103.8279,78.1
31/8/2020,S60,Sentosa,1.25,103.8279,74.57
1/9/2020,S60,Sentosa,1.25,103.8279,77.17
2/9/2020,S60,Sentosa,1.25,103.8279,75.7
3/9/2020,S60,Sentosa,1.25,103.8279,83.86
4/9/2020,S60,Sentosa,1.25,103.8279,84.42
5/9/2020,S60,Sentosa,1.25,103.8279,89.2
6/9/2020,S60,Sentosa,1.25,103.8279,84.64
7/9/2020,S60,Sentosa,1.25,103.8279,75.87
8/9/2020,S60,Sentosa,1.25,103.8279,78.64
9/9/2020,S60,Sentosa,1.25,103.8279,76.35
10/9/2020,S60,Sentosa,1.25,103.8279,79.94
11/9/2020,S60,Sentosa,1.25,103.8279,77.62
12/9/2020,S60,Sentosa,1.25,103.8279,84.66
13/9/2020,S60,Sentosa,1.25,103.8279,91.72
14/9/2020,S60,Sentosa,1.25,103.8279,89
15/9/2020,S60,Sentosa,1.25,103.8279,80.59
16/9/2020,S60,Sentosa,1.25,103.8279,79.61
17/9/2020,S60,Sentosa,1.25,103.8279,76.68
18/9/2020,S60,Sentosa,1.25,103.8279,75.03
19/9/2020,S60,Sentosa,1.25,103.8279,73.74
20/9/2020,S60,Sentosa,1.25,103.8279,74.43
21/9/2020,S60,Sentosa,1.25,103.8279,86.87
22/9/2020,S60,Sentosa,1.25,103.8279,79.27
23/9/2020,S60,Sentosa,1.25,103.8279,76.79
24/9/2020,S60,Sentosa,1.25,103.8279,76.49
25/9/2020,S60,Sentosa,1.25,103.8279,73
26/9/2020,S60,Sentosa,1.25,103.8279,86.65
27/9/2020,S60,Sentosa,1.25,103.8279,82.4
28/9/2020,S60,Sentosa,1.25,103.8279,75.93
29/9/2020,S60,Sentosa,1.25,103.8279,83.97
30/9/2020,S60,Sentosa,1.25,103.8279,81.31
1/10/2020,S60,Sentosa,1.25,103.8279,88.49
2/10/2020,S60,Sentosa,1.25,103.8279,80.9
3/10/2020,S60,Sentosa,1.25,103.8279,76.96
4/10/2020,S60,Sentosa,1.25,103.8279,72.02
5/10/2020,S60,Sentosa,1.25,103.8279,74.11
6/10/2020,S60,Sentosa,1.25,103.8279,77.53
7/10/2020,S60,Sentosa,1.25,103.8279,75.78
8/10/2020,S60,Sentosa,1.25,103.8279,83.42
9/10/2020,S60,Sentosa,1.25,103.8279,77.24
10/10/2020,S60,Sentosa,1.25,103.8279,80.93
11/10/2020,S60,Sentosa,1.25,103.8279,77.85
12/10/2020,S60,Sentosa,1.25,103.8279,75.31
13/10/2020,S60,Sentosa,1.25,103.8279,69.06
14/10/2020,S60,Sentosa,1.25,103.8279,75.27
15/10/2020,S60,Sentosa,1.25,103.8279,72.62
16/10/2020,S60,Sentosa,1.25,103.8279,72.81
17/10/2020,S60,Sentosa,1.25,103.8279,76.43
18/10/2020,S60,Sentosa,1.25,103.8279,80.7
19/10/2020,S60,Sentosa,1.25,103.8279,73.93
20/10/2020,S60,Sentosa,1.25,103.8279,79.7
21/10/2020,S60,Sentosa,1.25,103.8279,73.56
22/10/2020,S60,Sentosa,1.25,103.8279,78.76
23/10/2020,S60,Sentosa,1.25,103.8279,75.73
24/10/2020,S60,Sentosa,1.25,103.8279,79.61
25/10/2020,S60,Sentosa,1.25,103.8279,70.41
26/10/2020,S60,Sentosa,1.25,103.8279,83.43
27/10/2020,S60,Sentosa,1.25,103.8279,72.72
28/10/2020,S60,Sentosa,1.25,103.8279,85.4
29/10/2020,S60,Sentosa,1.25,103.8279,80.99
30/10/2020,S60,Sentosa,1.25,103.8279,77.74
31/10/2020,S60,Sentosa,1.25,103.8279,81.45
1/11/2020,S60,Sentosa,1.25,103.8279,77.32
2/11/2020,S60,Sentosa,1.25,103.8279,78.77
3/11/2020,S60,Sentosa,1.25,103.8279,85.59
4/11/2020,S60,Sentosa,1.25,103.8279,87.73
5/11/2020,S60,Sentosa,1.25,103.8279,73.48
6/11/2020,S60,Sentosa,1.25,103.8279,74.01
7/11/2020,S60,Sentosa,1.25,103.8279,91.26
8/11/2020,S60,Sentosa,1.25,103.8279,85.6
9/11/2020,S60,Sentosa,1.25,103.8279,86.68
10/11/2020,S60,Sentosa,1.25,103.8279,83.6
11/11/2020,S60,Sentosa,1.25,103.8279,78.59
12/11/2020,S60,Sentosa,1.25,103.8279,74.36
13/11/2020,S60,Sentosa,1.25,103.8279,73.56
14/11/2020,S60,Sentosa,1.25,103.8279,75.27
15/11/2020,S60,Sentosa,1.25,103.8279,82.27
16/11/2020,S60,Sentosa,1.25,103.8279,76.22
17/11/2020,S60,Sentosa,1.25,103.8279,76.79
18/11/2020,S60,Sentosa,1.25,103.8279,74.34
19/11/2020,S60,Sentosa,1.25,103.8279,83.28
20/11/2020,S60,Sentosa,1.25,103.8279,82.9
21/11/2020,S60,Sentosa,1.25,103.8279,86.25
22/11/2020,S60,Sentosa,1.25,103.8279,88.09
23/11/2020,S60,Sentosa,1.25,103.8279,92.78
24/11/2020,S60,Sentosa,1.25,103.8279,86.57
25/11/2020,S60,Sentosa,1.25,103.8279,84.67
26/11/2020,S60,Sentosa,1.25,103.8279,87.92
27/11/2020,S60,Sentosa,1.25,103.8279,87.44
28/11/2020,S60,Sentosa,1.25,103.8279,85.16
29/11/2020,S60,Sentosa,1.25,103.8279,75.62
30/11/2020,S60,Sentosa,1.25,103.8279,83.58
1/12/2020,S60,Sentosa,1.25,103.8279,67.13
2/12/2020,S60,Sentosa,1.25,103.8279,78.84
3/12/2020,S60,Sentosa,1.25,103.8279,82.96
4/12/2020,S60,Sentosa,1.25,103.8279,85.33
5/12/2020,S60,Sentosa,1.25,103.8279,81.58
6/12/2020,S60,Sentosa,1.25,103.8279,77.78
7/12/2020,S60,Sentosa,1.25,103.8279,80.13
8/12/2020,S60,Sentosa,1.25,103.8279,75.6
9/12/2020,S60,Sentosa,1.25,103.8279,78.61
10/12/2020,S60,Sentosa,1.25,103.8279,77.68
11/12/2020,S60,Sentosa,1.25,103.8279,69.64
12/12/2020,S60,Sentosa,1.25,103.8279,79.3
13/12/2020,S60,Sentosa,1.25,103.8279,76.18
14/12/2020,S60,Sentosa,1.25,103.8279,83.3
15/12/2020,S60,Sentosa,1.25,103.8279,86.01
16/12/2020,S60,Sentosa,1.25,103.8279,91.72
17/12/2020,S60,Sentosa,1.25,103.8279,86.76
18/12/2020,S60,Sentosa,1.25,103.8279,84.89
19/12/2020,S60,Sentosa,1.25,103.8279,76.26
20/12/2020,S60,Sentosa,1.25,103.8279,78.89
21/12/2020,S60,Sentosa,1.25,103.8279,79.97
22/12/2020,S60,Sentosa,1.25,103.8279,78.78
23/12/2020,S60,Sentosa,1.25,103.8279,77.86
24/12/2020,S60,Sentosa,1.25,103.8279,81.77
25/12/2020,S60,Sentosa,1.25,103.8279,80.04
26/12/2020,S60,Sentosa,1.25,103.8279,81.05
27/12/2020,S60,Sentosa,1.25,103.8279,82.64
28/12/2020,S60,Sentosa,1.25,103.8279,77.33
29/12/2020,S60,Sentosa,1.25,103.8279,81.04
30/12/2020,S60,Sentosa,1.25,103.8279,79.34
31/12/2020,S60,Sentosa,1.25,103.8279,81.47
1/1/2021,S60,Sentosa,1.25,103.8279,86.14
30/8/2022,S60,Sentosa,1.25,103.8279,81.3
31/8/2022,S60,Sentosa,1.25,103.8279,75.06
1/9/2022,S60,Sentosa,1.25,103.8279,73.68
2/9/2022,S60,Sentosa,1.25,103.8279,80.92
3/9/2022,S60,Sentosa,1.25,103.8279,74.73
4/9/2022,S60,Sentosa,1.25,103.8279,79.73
5/9/2022,S60,Sentosa,1.25,103.8279,77.59
6/9/2022,S60,Sentosa,1.25,103.8279,73.11
7/9/2022,S60,Sentosa,1.25,103.8279,78.53
8/9/2022,S60,Sentosa,1.25,103.8279,73.07
9/9/2022,S60,Sentosa,1.25,103.8279,82.16
10/9/2022,S60,Sentosa,1.25,103.8279,75.76
11/9/2022,S60,Sentosa,1.25,103.8279,74.97
12/9/2022,S60,Sentosa,1.25,103.8279,70.1
13/9/2022,S60,Sentosa,1.25,103.8279,80.16
14/9/2022,S60,Sentosa,1.25,103.8279,74.1
15/9/2022,S60,Sentosa,1.25,103.8279,75.13
16/9/2022,S60,Sentosa,1.25,103.8279,75.74
17/9/2022,S60,Sentosa,1.25,103.8279,80.5
18/9/2022,S60,Sentosa,1.25,103.8279,85.9
19/9/2022,S60,Sentosa,1.25,103.8279,76.75
20/9/2022,S60,Sentosa,1.25,103.8279,77.27
21/9/2022,S60,Sentosa,1.25,103.8279,76.21
22/9/2022,S60,Sentosa,1.25,103.8279,79.56
23/9/2022,S60,Sentosa,1.25,103.8279,70.99
24/9/2022,S60,Sentosa,1.25,103.8279,78.18
25/9/2022,S60,Sentosa,1.25,103.8279,81.14
26/9/2022,S60,Sentosa,1.25,103.8279,77.48
27/9/2022,S60,Sentosa,1.25,103.8279,73.52
28/9/2022,S60,Sentosa,1.25,103.8279,71.49
29/9/2022,S60,Sentosa,1.25,103.8279,75.35
30/9/2022,S60,Sentosa,1.25,103.8279,75.26
1/10/2022,S60,Sentosa,1.25,103.8279,82.84
2/10/2022,S60,Sentosa,1.25,103.8279,80.11
3/10/2022,S60,Sentosa,1.25,103.8279,83.16
4/10/2022,S60,Sentosa,1.25,103.8279,81.06
5/10/2022,S60,Sentosa,1.25,103.8279,81.87
6/10/2022,S60,Sentosa,1.25,103.8279,82.93
7/10/2022,S60,Sentosa,1.25,103.8279,85.58
8/10/2022,S60,Sentosa,1.25,103.8279,78.94
9/10/2022,S60,Sentosa,1.25,103.8279,76.2
10/10/2022,S60,Sentosa,1.25,103.8279,76.62
11/10/2022,S60,Sentosa,1.25,103.8279,71.01
12/10/2022,S60,Sentosa,1.25,103.8279,76.49
13/10/2022,S60,Sentosa,1.25,103.8279,70.41
14/10/2022,S60,Sentosa,1.25,103.8279,74.7
15/10/2022,S60,Sentosa,1.25,103.8279,71.15
16/10/2022,S60,Sentosa,1.25,103.8279,79.72
17/10/2022,S60,Sentosa,1.25,103.8279,78.71
18/10/2022,S60,Sentosa,1.25,103.8279,75.54
19/10/2022,S60,Sentosa,1.25,103.8279,76.45
20/10/2022,S60,Sentosa,1.25,103.8279,71.83
21/10/2022,S60,Sentosa,1.25,103.8279,83.63
22/10/2022,S60,Sentosa,1.25,103.8279,79.87
23/10/2022,S60,Sentosa,1.25,103.8279,73.92
24/10/2022,S60,Sentosa,1.25,103.8279,73.94
25/10/2022,S60,Sentosa,1.25,103.8279,78.58
26/10/2022,S60,Sentosa,1.25,103.8279,81.83
27/10/2022,S60,Sentosa,1.25,103.8279,70.68
28/10/2022,S60,Sentosa,1.25,103.8279,71.81
29/10/2022,S60,Sentosa,1.25,103.8279,72.5
30/10/2022,S60,Sentosa,1.25,103.8279,74.73
31/10/2022,S60,Sentosa,1.25,103.8279,76.8
1/11/2022,S60,Sentosa,1.25,103.8279,76.3
2/11/2022,S60,Sentosa,1.25,103.8279,78.57
3/11/2022,S60,Sentosa,1.25,103.8279,79.2
4/11/2022,S60,Sentosa,1.25,103.8279,74.79
5/11/2022,S60,Sentosa,1.25,103.8279,84.46
6/11/2022,S60,Sentosa,1.25,103.8279,79.07
7/11/2022,S60,Sentosa,1.25,103.8279,79.45
8/11/2022,S60,Sentosa,1.25,103.8279,80.85
9/11/2022,S60,Sentosa,1.25,103.8279,79.27
10/11/2022,S60,Sentosa,1.25,103.8279,80.06
11/11/2022,S60,Sentosa,1.25,103.8279,80.05
12/11/2022,S60,Sentosa,1.25,103.8279,84.48
13/11/2022,S60,Sentosa,1.25,103.8279,87.77
15/11/2022,S60,Sentosa,1.25,103.8279,60.69
16/11/2022,S60,Sentosa,1.25,103.8279,76.58
17/11/2022,S60,Sentosa,1.25,103.8279,74.02
18/11/2022,S60,Sentosa,1.25,103.8279,68.66
19/11/2022,S60,Sentosa,1.25,103.8279,80.68
20/11/2022,S60,Sentosa,1.25,103.8279,76.76
21/11/2022,S60,Sentosa,1.25,103.8279,70.34
22/11/2022,S60,Sentosa,1.25,103.8279,69.7
23/11/2022,S60,Sentosa,1.25,103.8279,74.48
24/11/2022,S60,Sentosa,1.25,103.8279,69.32
25/11/2022,S60,Sentosa,1.25,103.8279,73.47
26/11/2022,S60,Sentosa,1.25,103.8279,77.08
27/11/2022,S60,Sentosa,1.25,103.8279,81.92
28/11/2022,S60,Sentosa,1.25,103.8279,77.44
29/11/2022,S60,Sentosa,1.25,103.8279,81.25
30/11/2022,S60,Sentosa,1.25,103.8279,78.69
1/12/2022,S60,Sentosa,1.25,103.8279,82.08
2/12/2022,S60,Sentosa,1.25,103.8279,80.15
3/12/2022,S60,Sentosa,1.25,103.8279,77.17
4/12/2022,S60,Sentosa,1.25,103.8279,79.81
5/12/2022,S60,Sentosa,1.25,103.8279,82.9
6/12/2022,S60,Sentosa,1.25,103.8279,82.58
7/12/2022,S60,Sentosa,1.25,103.8279,80.56
8/12/2022,S60,Sentosa,1.25,103.8279,81.47
9/12/2022,S60,Sentosa,1.25,103.8279,78.31
10/12/2022,S60,Sentosa,1.25,103.8279,77.19
11/12/2022,S60,Sentosa,1.25,103.8279,86.43
12/12/2022,S60,Sentosa,1.25,103.8279,78.13
13/12/2022,S60,Sentosa,1.25,103.8279,85.1
14/12/2022,S60,Sentosa,1.25,103.8279,81.79
15/12/2022,S60,Sentosa,1.25,103.8279,83.16
16/12/2022,S60,Sentosa,1.25,103.8279,75.97
17/12/2022,S60,Sentosa,1.25,103.8279,76.28
18/12/2022,S60,Sentosa,1.25,103.8279,76.29
19/12/2022,S60,Sentosa,1.25,103.8279,78.93
20/12/2022,S60,Sentosa,1.25,103.8279,75.85
21/12/2022,S60,Sentosa,1.25,103.8279,78.93
22/12/2022,S60,Sentosa,1.25,103.8279,78.68
23/12/2022,S60,Sentosa,1.25,103.8279,78.23
24/12/2022,S60,Sentosa,1.25,103.8279,68.94
25/12/2022,S60,Sentosa,1.25,103.8279,68.26
26/12/2022,S60,Sentosa,1.25,103.8279,68.37
27/12/2022,S60,Sentosa,1.25,103.8279,71.52
28/12/2022,S60,Sentosa,1.25,103.8279,70.08
29/12/2022,S60,Sentosa,1.25,103.8279,72.91
30/12/2022,S60,Sentosa,1.25,103.8279,68.14
31/12/2022,S60,Sentosa,1.25,103.8279,69.58
1/1/2023,S60,Sentosa,1.25,103.8279,77.89
10/1/2023,S60,Sentosa,1.25,103.8279,74.31
11/1/2023,S60,Sentosa,1.25,103.8279,80.09
12/1/2023,S60,Sentosa,1.25,103.8279,74.21
13/1/2023,S60,Sentosa,1.25,103.8279,75.26
14/1/2023,S60,Sentosa,1.25,103.8279,76.12
15/1/2023,S60,Sentosa,1.25,103.8279,76.17
16/1/2023,S60,Sentosa,1.25,103.8279,72.5
17/1/2023,S60,Sentosa,1.25,103.8279,61.65
18/1/2023,S60,Sentosa,1.25,103.8279,68.71
19/1/2023,S60,Sentosa,1.25,103.8279,79.12
20/1/2023,S60,Sentosa,1.25,103.8279,84.74
21/1/2023,S60,Sentosa,1.25,103.8279,76.93
22/1/2023,S60,Sentosa,1.25,103.8279,85.18
23/1/2023,S60,Sentosa,1.25,103.8279,89.23
24/1/2023,S60,Sentosa,1.25,103.8279,91.43
25/1/2023,S60,Sentosa,1.25,103.8279,87.6
26/1/2023,S60,Sentosa,1.25,103.8279,77.22
27/1/2023,S60,Sentosa,1.25,103.8279,73.33
28/1/2023,S60,Sentosa,1.25,103.8279,84.27
29/1/2023,S60,Sentosa,1.25,103.8279,84.11
30/1/2023,S60,Sentosa,1.25,103.8279,82.48
31/1/2023,S60,Sentosa,1.25,103.8279,84.2
1/2/2023,S60,Sentosa,1.25,103.8279,81.44
2/2/2023,S60,Sentosa,1.25,103.8279,81.5
3/2/2023,S60,Sentosa,1.25,103.8279,83.47
4/2/2023,S60,Sentosa,1.25,103.8279,86.41
5/2/2023,S60,Sentosa,1.25,103.8279,82.58
6/2/2023,S60,Sentosa,1.25,103.8279,73.51
7/2/2023,S60,Sentosa,1.25,103.8279,72.84
8/2/2023,S60,Sentosa,1.25,103.8279,79.03
9/2/2023,S60,Sentosa,1.25,103.8279,77.08
10/2/2023,S60,Sentosa,1.25,103.8279,82.75
11/2/2023,S60,Sentosa,1.25,103.8279,75.39
12/2/2023,S60,Sentosa,1.25,103.8279,83.89
13/2/2023,S60,Sentosa,1.25,103.8279,78.19
14/2/2023,S60,Sentosa,1.25,103.8279,78
15/2/2023,S60,Sentosa,1.25,103.8279,80.34
16/2/2023,S60,Sentosa,1.25,103.8279,66.75
17/2/2023,S60,Sentosa,1.25,103.8279,73.37
18/2/2023,S60,Sentosa,1.25,103.8279,71.77
19/2/2023,S60,Sentosa,1.25,103.8279,73.52
20/2/2023,S60,Sentosa,1.25,103.8279,70.79
21/2/2023,S60,Sentosa,1.25,103.8279,66.9
22/2/2023,S60,Sentosa,1.25,103.8279,69.56
23/2/2023,S60,Sentosa,1.25,103.8279,67.55
24/2/2023,S60,Sentosa,1.25,103.8279,64.99
25/2/2023,S60,Sentosa,1.25,103.8279,68.05
26/2/2023,S60,Sentosa,1.25,103.8279,68.01
27/2/2023,S60,Sentosa,1.25,103.8279,75.63
28/2/2023,S60,Sentosa,1.25,103.8279,88.01
1/3/2023,S60,Sentosa,1.25,103.8279,88.1
2/3/2023,S60,Sentosa,1.25,103.8279,84.19
3/3/2023,S60,Sentosa,1.25,103.8279,91.53
4/3/2023,S60,Sentosa,1.25,103.8279,88.52
5/3/2023,S60,Sentosa,1.25,103.8279,84.02
6/3/2023,S60,Sentosa,1.25,103.8279,76.07
7/3/2023,S60,Sentosa,1.25,103.8279,77.26
8/3/2023,S60,Sentosa,1.25,103.8279,76.42
9/3/2023,S60,Sentosa,1.25,103.8279,71.36
10/3/2023,S60,Sentosa,1.25,103.8279,74.05
11/3/2023,S60,Sentosa,1.25,103.8279,73.47
12/3/2023,S60,Sentosa,1.25,103.8279,73.92
13/3/2023,S60,Sentosa,1.25,103.8279,66.53
14/3/2023,S60,Sentosa,1.25,103.8279,70
15/3/2023,S60,Sentosa,1.25,103.8279,66.79
16/3/2023,S60,Sentosa,1.25,103.8279,68.04
17/3/2023,S60,Sentosa,1.25,103.8279,69.17
18/3/2023,S60,Sentosa,1.25,103.8279,71.36
19/3/2023,S60,Sentosa,1.25,103.8279,78.92
20/3/2023,S60,Sentosa,1.25,103.8279,81.88
21/3/2023,S60,Sentosa,1.25,103.8279,80.37
22/3/2023,S60,Sentosa,1.25,103.8279,78.08
23/3/2023,S60,Sentosa,1.25,103.8279,77.72
24/3/2023,S60,Sentosa,1.25,103.8279,76.47
25/3/2023,S60,Sentosa,1.25,103.8279,84.67
26/3/2023,S60,Sentosa,1.25,103.8279,77.81
27/3/2023,S60,Sentosa,1.25,103.8279,86.41
28/3/2023,S60,Sentosa,1.25,103.8279,75.51
29/3/2023,S60,Sentosa,1.25,103.8279,72.3
30/3/2023,S60,Sentosa,1.25,103.8279,76.58
31/3/2023,S60,Sentosa,1.25,103.8279,81.35
1/4/2023,S60,Sentosa,1.25,103.8279,78.18
2/4/2023,S60,Sentosa,1.25,103.8279,76.91
3/4/2023,S60,Sentosa,1.25,103.8279,82.25
4/4/2023,S60,Sentosa,1.25,103.8279,73.35
5/4/2023,S60,Sentosa,1.25,103.8279,82.17
6/4/2023,S60,Sentosa,1.25,103.8279,73.24
7/4/2023,S60,Sentosa,1.25,103.8279,76.78
8/4/2023,S60,Sentosa,1.25,103.8279,75.35
9/4/2023,S60,Sentosa,1.25,103.8279,77.54
10/4/2023,S60,Sentosa,1.25,103.8279,74.87
11/4/2023,S60,Sentosa,1.25,103.8279,73.99
12/4/2023,S60,Sentosa,1.25,103.8279,74.1
13/4/2023,S60,Sentosa,1.25,103.8279,75.28
14/4/2023,S60,Sentosa,1.25,103.8279,78.9
15/4/2023,S60,Sentosa,1.25,103.8279,78.37
16/4/2023,S60,Sentosa,1.25,103.8279,77.34
17/4/2023,S60,Sentosa,1.25,103.8279,74.11
18/4/2023,S60,Sentosa,1.25,103.8279,74.49
19/4/2023,S60,Sentosa,1.25,103.8279,75.95
20/4/2023,S60,Sentosa,1.25,103.8279,81.17
21/4/2023,S60,Sentosa,1.25,103.8279,78.59
22/4/2023,S60,Sentosa,1.25,103.8279,78.11
23/4/2023,S60,Sentosa,1.25,103.8279,75.32
24/4/2023,S60,Sentosa,1.25,103.8279,73.01
25/4/2023,S60,Sentosa,1.25,103.8279,77.91
26/4/2023,S60,Sentosa,1.25,103.8279,75.27
27/4/2023,S60,Sentosa,1.25,103.8279,73.62
28/4/2023,S60,Sentosa,1.25,103.8279,76.38
29/4/2023,S60,Sentosa,1.25,103.8279,78.04
30/4/2023,S60,Sentosa,1.25,103.8279,83.08
1/5/2023,S60,Sentosa,1.25,103.8279,75.51
2/5/2023,S60,Sentosa,1.25,103.8279,72.2
3/5/2023,S60,Sentosa,1.25,103.8279,73.04
4/5/2023,S60,Sentosa,1.25,103.8279,75.16
5/5/2023,S60,Sentosa,1.25,103.8279,75.76
6/5/2023,S60,Sentosa,1.25,103.8279,77.37
7/5/2023,S60,Sentosa,1.25,103.8279,78.41
8/5/2023,S60,Sentosa,1.25,103.8279,69.02
9/5/2023,S60,Sentosa,1.25,103.8279,68.6
10/5/2023,S60,Sentosa,1.25,103.8279,71.59
11/5/2023,S60,Sentosa,1.25,103.8279,74.97
12/5/2023,S60,Sentosa,1.25,103.8279,71.68
13/5/2023,S60,Sentosa,1.25,103.8279,74.12
14/5/2023,S60,Sentosa,1.25,103.8279,72.9
15/5/2023,S60,Sentosa,1.25,103.8279,75.95
16/5/2023,S60,Sentosa,1.25,103.8279,82.08
17/5/2023,S60,Sentosa,1.25,103.8279,78.39
18/5/2023,S60,Sentosa,1.25,103.8279,72.73
19/5/2023,S60,Sentosa,1.25,103.8279,75.9
20/5/2023,S60,Sentosa,1.25,103.8279,73.42
21/5/2023,S60,Sentosa,1.25,103.8279,83.29
22/5/2023,S60,Sentosa,1.25,103.8279,73.47
23/5/2023,S60,Sentosa,1.25,103.8279,75.14
24/5/2023,S60,Sentosa,1.25,103.8279,71.02
25/5/2023,S60,Sentosa,1.25,103.8279,73.82
26/5/2023,S60,Sentosa,1.25,103.8279,80.89
27/5/2023,S60,Sentosa,1.25,103.8279,76.98
28/5/2023,S60,Sentosa,1.25,103.8279,73.89
29/5/2023,S60,Sentosa,1.25,103.8279,72.9
30/5/2023,S60,Sentosa,1.25,103.8279,75.89
31/5/2023,S60,Sentosa,1.25,103.8279,73.69
1/6/2023,S60,Sentosa,1.25,103.8279,81.07
2/6/2023,S60,Sentosa,1.25,103.8279,71.95
3/6/2023,S60,Sentosa,1.25,103.8279,80.29
4/6/2023,S60,Sentosa,1.25,103.8279,81.8
5/6/2023,S60,Sentosa,1.25,103.8279,72.15
6/6/2023,S60,Sentosa,1.25,103.8279,77.88
7/6/2023,S60,Sentosa,1.25,103.8279,76.6
8/6/2023,S60,Sentosa,1.25,103.8279,74.06
9/6/2023,S60,Sentosa,1.25,103.8279,72.42
10/6/2023,S60,Sentosa,1.25,103.8279,73.49
11/6/2023,S60,Sentosa,1.25,103.8279,72.9
12/6/2023,S60,Sentosa,1.25,103.8279,83.3
13/6/2023,S60,Sentosa,1.25,103.8279,78.4
14/6/2023,S60,Sentosa,1.25,103.8279,80.01
15/6/2023,S60,Sentosa,1.25,103.8279,77.13
16/6/2023,S60,Sentosa,1.25,103.8279,74.06
17/6/2023,S60,Sentosa,1.25,103.8279,73.95
18/6/2023,S60,Sentosa,1.25,103.8279,77.57
19/6/2023,S60,Sentosa,1.25,103.8279,74.34
20/6/2023,S60,Sentosa,1.25,103.8279,76.65
21/6/2023,S60,Sentosa,1.25,103.8279,74.44
22/6/2023,S60,Sentosa,1.25,103.8279,74.14
23/6/2023,S60,Sentosa,1.25,103.8279,70.9
24/6/2023,S60,Sentosa,1.25,103.8279,76.55
25/6/2023,S60,Sentosa,1.25,103.8279,73.96
26/6/2023,S60,Sentosa,1.25,103.8279,71.88
27/6/2023,S60,Sentosa,1.25,103.8279,76.14
28/6/2023,S60,Sentosa,1.25,103.8279,78.88
29/6/2023,S60,Sentosa,1.25,103.8279,75.63
30/6/2023,S60,Sentosa,1.25,103.8279,80.42
1/7/2023,S60,Sentosa,1.25,103.8279,77.24
2/7/2023,S60,Sentosa,1.25,103.8279,73.42
3/7/2023,S60,Sentosa,1.25,103.8279,79.01
4/7/2023,S60,Sentosa,1.25,103.8279,72.71
5/7/2023,S60,Sentosa,1.25,103.8279,78.52
6/7/2023,S60,Sentosa,1.25,103.8279,75.71
7/7/2023,S60,Sentosa,1.25,103.8279,74.19
8/7/2023,S60,Sentosa,1.25,103.8279,72.78
9/7/2023,S60,Sentosa,1.25,103.8279,81.86
10/7/2023,S60,Sentosa,1.25,103.8279,82.59
11/7/2023,S60,Sentosa,1.25,103.8279,89.69
12/7/2023,S60,Sentosa,1.25,103.8279,78.53
13/7/2023,S60,Sentosa,1.25,103.8279,72.48
14/7/2023,S60,Sentosa,1.25,103.8279,83.9
15/7/2023,S60,Sentosa,1.25,103.8279,79.82
16/7/2023,S60,Sentosa,1.25,103.8279,73.56
17/7/2023,S60,Sentosa,1.25,103.8279,79.62
18/7/2023,S60,Sentosa,1.25,103.8279,84.36
19/7/2023,S60,Sentosa,1.25,103.8279,86.91
20/7/2023,S60,Sentosa,1.25,103.8279,87.2
21/7/2023,S60,Sentosa,1.25,103.8279,78.29
22/7/2023,S60,Sentosa,1.25,103.8279,76.14
23/7/2023,S60,Sentosa,1.25,103.8279,76
24/7/2023,S60,Sentosa,1.25,103.8279,71.69
25/7/2023,S60,Sentosa,1.25,103.8279,72.47
31/7/2023,S60,Sentosa,1.25,103.8279,67.58
1/8/2023,S60,Sentosa,1.25,103.8279,71.26
2/8/2023,S60,Sentosa,1.25,103.8279,73.31
3/8/2023,S60,Sentosa,1.25,103.8279,83.64
4/8/2023,S60,Sentosa,1.25,103.8279,76.19
5/8/2023,S60,Sentosa,1.25,103.8279,74.18
6/8/2023,S60,Sentosa,1.25,103.8279,70.7
7/8/2023,S60,Sentosa,1.25,103.8279,72.45
8/8/2023,S60,Sentosa,1.25,103.8279,76.06
9/8/2023,S60,Sentosa,1.25,103.8279,72.58
10/8/2023,S60,Sentosa,1.25,103.8279,71.52
11/8/2023,S60,Sentosa,1.25,103.8279,72.83
12/8/2023,S60,Sentosa,1.25,103.8279,70.48
13/8/2023,S60,Sentosa,1.25,103.8279,73
14/8/2023,S60,Sentosa,1.25,103.8279,78.01
15/8/2023,S60,Sentosa,1.25,103.8279,75.64
16/8/2023,S60,Sentosa,1.25,103.8279,76.41
17/8/2023,S60,Sentosa,1.25,103.8279,76.03
18/8/2023,S60,Sentosa,1.25,103.8279,80.28
19/8/2023,S60,Sentosa,1.25,103.8279,82.15
20/8/2023,S60,Sentosa,1.25,103.8279,74.64
21/8/2023,S60,Sentosa,1.25,103.8279,81.28
22/8/2023,S60,Sentosa,1.25,103.8279,70.92
23/8/2023,S60,Sentosa,1.25,103.8279,70.2
24/8/2023,S60,Sentosa,1.25,103.8279,73.47
25/8/2023,S60,Sentosa,1.25,103.8279,78.34
26/8/2023,S60,Sentosa,1.25,103.8279,78.97
27/8/2023,S60,Sentosa,1.25,103.8279,76.25
28/8/2023,S60,Sentosa,1.25,103.8279,77.39
29/8/2023,S60,Sentosa,1.25,103.8279,73.63
30/8/2023,S60,Sentosa,1.25,103.8279,74.07
31/8/2023,S60,Sentosa,1.25,103.8279,70.53
1/9/2023,S60,Sentosa,1.25,103.8279,70.45
2/9/2023,S60,Sentosa,1.25,103.8279,69.86
3/9/2023,S60,Sentosa,1.25,103.8279,71.23
4/9/2023,S60,Sentosa,1.25,103.8279,68.83
5/9/2023,S60,Sentosa,1.25,103.8279,73.63
6/9/2023,S60,Sentosa,1.25,103.8279,80.28
7/9/2023,S60,Sentosa,1.25,103.8279,76.66
8/9/2023,S60,Sentosa,1.25,103.8279,74.79
9/9/2023,S60,Sentosa,1.25,103.8279,78.25
10/9/2023,S60,Sentosa,1.25,103.8279,79.22
11/9/2023,S60,Sentosa,1.25,103.8279,73.73
12/9/2023,S60,Sentosa,1.25,103.8279,75.13
13/9/2023,S60,Sentosa,1.25,103.8279,73.7
14/9/2023,S60,Sentosa,1.25,103.8279,69.92
15/9/2023,S60,Sentosa,1.25,103.8279,68.84
16/9/2023,S60,Sentosa,1.25,103.8279,73.55
17/9/2023,S60,Sentosa,1.25,103.8279,75.9
18/9/2023,S60,Sentosa,1.25,103.8279,75.47
19/9/2023,S60,Sentosa,1.25,103.8279,75.21
20/9/2023,S60,Sentosa,1.25,103.8279,80.99
21/9/2023,S60,Sentosa,1.25,103.8279,80.75
22/9/2023,S60,Sentosa,1.25,103.8279,73.45
23/9/2023,S60,Sentosa,1.25,103.8279,75.34
24/9/2023,S60,Sentosa,1.25,103.8279,82.17
25/9/2023,S60,Sentosa,1.25,103.8279,77.03
26/9/2023,S60,Sentosa,1.25,103.8279,72.51
27/9/2023,S60,Sentosa,1.25,103.8279,68.32
28/9/2023,S60,Sentosa,1.25,103.8279,71.91
29/9/2023,S60,Sentosa,1.25,103.8279,73.05
30/9/2023,S60,Sentosa,1.25,103.8279,77.18
1/10/2023,S60,Sentosa,1.25,103.8279,72.89
2/10/2023,S60,Sentosa,1.25,103.8279,74.39
3/10/2023,S60,Sentosa,1.25,103.8279,77.72
4/10/2023,S60,Sentosa,1.25,103.8279,73.73
5/10/2023,S60,Sentosa,1.25,103.8279,73.12
6/10/2023,S60,Sentosa,1.25,103.8279,73.4
7/10/2023,S60,Sentosa,1.25,103.8279,73.78
8/10/2023,S60,Sentosa,1.25,103.8279,72.28
9/10/2023,S60,Sentosa,1.25,103.8279,79.61
10/10/2023,S60,Sentosa,1.25,103.8279,73.07
11/10/2023,S60,Sentosa,1.25,103.8279,73.32
12/10/2023,S60,Sentosa,1.25,103.8279,70.56
13/10/2023,S60,Sentosa,1.25,103.8279,71.43
14/10/2023,S60,Sentosa,1.25,103.8279,72.1
15/10/2023,S60,Sentosa,1.25,103.8279,70.91
16/10/2023,S60,Sentosa,1.25,103.8279,71.38
17/10/2023,S60,Sentosa,1.25,103.8279,71.93
18/10/2023,S60,Sentosa,1.25,103.8279,82.39
19/10/2023,S60,Sentosa,1.25,103.8279,75.7
20/10/2023,S60,Sentosa,1.25,103.8279,74.87
21/10/2023,S60,Sentosa,1.25,103.8279,75.11
22/10/2023,S60,Sentosa,1.25,103.8279,76.54
23/10/2023,S60,Sentosa,1.25,103.8279,76.15
24/10/2023,S60,Sentosa,1.25,103.8279,72.77
25/10/2023,S60,Sentosa,1.25,103.8279,76.04
26/10/2023,S60,Sentosa,1.25,103.8279,73.5
27/10/2023,S60,Sentosa,1.25,103.8279,70.64
28/10/2023,S60,Sentosa,1.25,103.8279,77.02
29/10/2023,S60,Sentosa,1.25,103.8279,72.32
30/10/2023,S60,Sentosa,1.25,103.8279,76.03
31/10/2023,S60,Sentosa,1.25,103.8279,79.23
1/11/2023,S60,Sentosa,1.25,103.8279,77.43
2/11/2023,S60,Sentosa,1.25,103.8279,68.33
3/11/2023,S60,Sentosa,1.25,103.8279,69.12
4/11/2023,S60,Sentosa,1.25,103.8279,71.52
5/11/2023,S60,Sentosa,1.25,103.8279,71.82
6/11/2023,S60,Sentosa,1.25,103.8279,70.87
7/11/2023,S60,Sentosa,1.25,103.8279,71.84
8/11/2023,S60,Sentosa,1.25,103.8279,73.7
9/11/2023,S60,Sentosa,1.25,103.8279,75.16
10/11/2023,S60,Sentosa,1.25,103.8279,71.75
11/11/2023,S60,Sentosa,1.25,103.8279,67.98
12/11/2023,S60,Sentosa,1.25,103.8279,71.83
13/11/2023,S60,Sentosa,1.25,103.8279,74.83
14/11/2023,S60,Sentosa,1.25,103.8279,82.68
15/11/2023,S60,Sentosa,1.25,103.8279,74.25
16/11/2023,S60,Sentosa,1.25,103.8279,76.09
17/11/2023,S60,Sentosa,1.25,103.8279,77.68
18/11/2023,S60,Sentosa,1.25,103.8279,79.76
19/11/2023,S60,Sentosa,1.25,103.8279,76.95
20/11/2023,S60,Sentosa,1.25,103.8279,76.66
21/11/2023,S60,Sentosa,1.25,103.8279,82.45
22/11/2023,S60,Sentosa,1.25,103.8279,77.06
23/11/2023,S60,Sentosa,1.25,103.8279,76.32
24/11/2023,S60,Sentosa,1.25,103.8279,78.7
25/11/2023,S60,Sentosa,1.25,103.8279,78.25
26/11/2023,S60,Sentosa,1.25,103.8279,80.65
27/11/2023,S60,Sentosa,1.25,103.8279,76.83
28/11/2023,S60,Sentosa,1.25,103.8279,77.97
29/11/2023,S60,Sentosa,1.25,103.8279,81.96
30/11/2023,S60,Sentosa,1.25,103.8279,83.56
1/12/2023,S60,Sentosa,1.25,103.8279,79.26
2/12/2023,S60,Sentosa,1.25,103.8279,73.82
3/12/2023,S60,Sentosa,1.25,103.8279,81.38
4/12/2023,S60,Sentosa,1.25,103.8279,78.61
5/12/2023,S60,Sentosa,1.25,103.8279,78.51
6/12/2023,S60,Sentosa,1.25,103.8279,84.67
7/12/2023,S60,Sentosa,1.25,103.8279,81.55
8/12/2023,S60,Sentosa,1.25,103.8279,77.78
9/12/2023,S60,Sentosa,1.25,103.8279,76.5
10/12/2023,S60,Sentosa,1.25,103.8279,73.83
11/12/2023,S60,Sentosa,1.25,103.8279,79.43
12/12/2023,S60,Sentosa,1.25,103.8279,86.72
13/12/2023,S60,Sentosa,1.25,103.8279,90.86
14/12/2023,S60,Sentosa,1.25,103.8279,74.13
15/12/2023,S60,Sentosa,1.25,103.8279,75.11
16/12/2023,S60,Sentosa,1.25,103.8279,82.19
17/12/2023,S60,Sentosa,1.25,103.8279,77.73
18/12/2023,S60,Sentosa,1.25,103.8279,79.13
19/12/2023,S60,Sentosa,1.25,103.8279,79.74
20/12/2023,S60,Sentosa,1.25,103.8279,78.98
21/12/2023,S60,Sentosa,1.25,103.8279,80.09
22/12/2023,S60,Sentosa,1.25,103.8279,74.57
23/12/2023,S60,Sentosa,1.25,103.8279,80.16
24/12/2023,S60,Sentosa,1.25,103.8279,79.15
25/12/2023,S60,Sentosa,1.25,103.8279,82.4
26/12/2023,S60,Sentosa,1.25,103.8279,79.45
27/12/2023,S60,Sentosa,1.25,103.8279,86.13
28/12/2023,S60,Sentosa,1.25,103.8279,88.5
29/12/2023,S60,Sentosa,1.25,103.8279,81.19
30/12/2023,S60,Sentosa,1.25,103.8279,82.85
31/12/2023,S60,Sentosa,1.25,103.8279,87.2
1/1/2024,S60,Sentosa,1.25,103.8279,87.11
2/1/2024,S60,Sentosa,1.25,103.8279,90.65
10/1/2024,S60,Sentosa,1.25,103.8279,83.8
11/1/2024,S60,Sentosa,1.25,103.8279,81.71
12/1/2024,S60,Sentosa,1.25,103.8279,83.49
13/1/2024,S60,Sentosa,1.25,103.8279,80.44
14/1/2024,S60,Sentosa,1.25,103.8279,72.9
15/1/2024,S60,Sentosa,1.25,103.8279,76.25
16/1/2024,S60,Sentosa,1.25,103.8279,80.18
17/1/2024,S60,Sentosa,1.25,103.8279,76.84
18/1/2024,S60,Sentosa,1.25,103.8279,80.66
19/1/2024,S60,Sentosa,1.25,103.8279,83.39
20/1/2024,S60,Sentosa,1.25,103.8279,87.54
21/1/2024,S60,Sentosa,1.25,103.8279,75.23
22/1/2024,S60,Sentosa,1.25,103.8279,76.13
23/1/2024,S60,Sentosa,1.25,103.8279,76.15
24/1/2024,S60,Sentosa,1.25,103.8279,83.88
25/1/2024,S60,Sentosa,1.25,103.8279,84.42
26/1/2024,S60,Sentosa,1.25,103.8279,74.55
27/1/2024,S60,Sentosa,1.25,103.8279,70.91
28/1/2024,S60,Sentosa,1.25,103.8279,71.59
29/1/2024,S60,Sentosa,1.25,103.8279,69.43
30/1/2024,S60,Sentosa,1.25,103.8279,70.59
31/1/2024,S60,Sentosa,1.25,103.8279,70.25
1/2/2024,S60,Sentosa,1.25,103.8279,70.61
2/2/2024,S60,Sentosa,1.25,103.8279,77.93
3/2/2024,S60,Sentosa,1.25,103.8279,76.56
4/2/2024,S60,Sentosa,1.25,103.8279,69.44
5/2/2024,S60,Sentosa,1.25,103.8279,67.11
6/2/2024,S60,Sentosa,1.25,103.8279,71.25
7/2/2024,S60,Sentosa,1.25,103.8279,74.22
8/2/2024,S60,Sentosa,1.25,103.8279,76.61
9/2/2024,S60,Sentosa,1.25,103.8279,78.91
10/2/2024,S60,Sentosa,1.25,103.8279,70.69
11/2/2024,S60,Sentosa,1.25,103.8279,71.97
12/2/2024,S60,Sentosa,1.25,103.8279,79.38
13/2/2024,S60,Sentosa,1.25,103.8279,78.25
14/2/2024,S60,Sentosa,1.25,103.8279,75.47
15/2/2024,S60,Sentosa,1.25,103.8279,78.21
16/2/2024,S60,Sentosa,1.25,103.8279,71.53
17/2/2024,S60,Sentosa,1.25,103.8279,69.38
18/2/2024,S60,Sentosa,1.25,103.8279,69.53
19/2/2024,S60,Sentosa,1.25,103.8279,71.36
20/2/2024,S60,Sentosa,1.25,103.8279,74.19
21/2/2024,S60,Sentosa,1.25,103.8279,74.16
22/2/2024,S60,Sentosa,1.25,103.8279,72.77
23/2/2024,S60,Sentosa,1.25,103.8279,71.05
24/2/2024,S60,Sentosa,1.25,103.8279,67.48
25/2/2024,S60,Sentosa,1.25,103.8279,66.46
26/2/2024,S60,Sentosa,1.25,103.8279,68.68
27/2/2024,S60,Sentosa,1.25,103.8279,73.21
28/2/2024,S60,Sentosa,1.25,103.8279,64.95
29/2/2024,S60,Sentosa,1.25,103.8279,63.68
1/3/2024,S60,Sentosa,1.25,103.8279,72.95
2/3/2024,S60,Sentosa,1.25,103.8279,75.86
3/3/2024,S60,Sentosa,1.25,103.8279,82.56
4/3/2024,S60,Sentosa,1.25,103.8279,80.62
5/3/2024,S60,Sentosa,1.25,103.8279,85.37
6/3/2024,S60,Sentosa,1.25,103.8279,81
7/3/2024,S60,Sentosa,1.25,103.8279,83.13
8/3/2024,S60,Sentosa,1.25,103.8279,84.19
9/3/2024,S60,Sentosa,1.25,103.8279,73.94
10/3/2024,S60,Sentosa,1.25,103.8279,79.42
11/3/2024,S60,Sentosa,1.25,103.8279,68.21
12/3/2024,S60,Sentosa,1.25,103.8279,65.72
13/3/2024,S60,Sentosa,1.25,103.8279,60.96
14/3/2024,S60,Sentosa,1.25,103.8279,67.75
15/3/2024,S60,Sentosa,1.25,103.8279,67.23
26/3/2024,S60,Sentosa,1.25,103.8279,66.48
27/3/2024,S60,Sentosa,1.25,103.8279,68.29
28/3/2024,S60,Sentosa,1.25,103.8279,72.59
29/3/2024,S60,Sentosa,1.25,103.8279,77.36
1/4/2024,S60,Sentosa,1.25,103.8279,75.06
2/4/2024,S60,Sentosa,1.25,103.8279,72.21
3/4/2024,S60,Sentosa,1.25,103.8279,72.54
4/4/2024,S60,Sentosa,1.25,103.8279,75.42
5/4/2024,S60,Sentosa,1.25,103.8279,71.03
6/4/2024,S60,Sentosa,1.25,103.8279,73.49
8/4/2024,S60,Sentosa,1.25,103.8279,79.37
9/4/2024,S60,Sentosa,1.25,103.8279,71.24
10/4/2024,S60,Sentosa,1.25,103.8279,81.55
11/4/2024,S60,Sentosa,1.25,103.8279,77.76
12/4/2024,S60,Sentosa,1.25,103.8279,84.44
13/4/2024,S60,Sentosa,1.25,103.8279,77.34
14/4/2024,S60,Sentosa,1.25,103.8279,78.04
15/4/2024,S60,Sentosa,1.25,103.8279,76.43
16/4/2024,S60,Sentosa,1.25,103.8279,83.8
17/4/2024,S60,Sentosa,1.25,103.8279,79.83
18/4/2024,S60,Sentosa,1.25,103.8279,74.71
19/4/2024,S60,Sentosa,1.25,103.8279,75.55
20/4/2024,S60,Sentosa,1.25,103.8279,81.29
21/4/2024,S60,Sentosa,1.25,103.8279,77.38
22/4/2024,S60,Sentosa,1.25,103.8279,76.78
23/4/2024,S60,Sentosa,1.25,103.8279,74.17
24/4/2024,S60,Sentosa,1.25,103.8279,73.34
25/4/2024,S60,Sentosa,1.25,103.8279,80.43
29/4/2024,S60,Sentosa,1.25,103.8279,66.36
30/4/2024,S60,Sentosa,1.25,103.8279,73.51
1/5/2024,S60,Sentosa,1.25,103.8279,74.15
2/5/2024,S60,Sentosa,1.25,103.8279,77.57
3/5/2024,S60,Sentosa,1.25,103.8279,76.02
4/5/2024,S60,Sentosa,1.25,103.8279,82.48
5/5/2024,S60,Sentosa,1.25,103.8279,71.49
6/5/2024,S60,Sentosa,1.25,103.8279,74.89
7/5/2024,S60,Sentosa,1.25,103.8279,76.01
8/5/2024,S60,Sentosa,1.25,103.8279,79.36
9/5/2024,S60,Sentosa,1.25,103.8279,70.46
10/5/2024,S60,Sentosa,1.25,103.8279,79.44
11/5/2024,S60,Sentosa,1.25,103.8279,74.68
12/5/2024,S60,Sentosa,1.25,103.8279,77.55
13/5/2024,S60,Sentosa,1.25,103.8279,76.28
14/5/2024,S60,Sentosa,1.25,103.8279,75.86
15/5/2024,S60,Sentosa,1.25,103.8279,79.81
16/5/2024,S60,Sentosa,1.25,103.8279,84.3
17/5/2024,S60,Sentosa,1.25,103.8279,78.02
18/5/2024,S60,Sentosa,1.25,103.8279,77.36
19/5/2024,S60,Sentosa,1.25,103.8279,78.6
20/5/2024,S60,Sentosa,1.25,103.8279,79.98
21/5/2024,S60,Sentosa,1.25,103.8279,78.54
22/5/2024,S60,Sentosa,1.25,103.8279,81.24
23/5/2024,S60,Sentosa,1.25,103.8279,79.41
24/5/2024,S60,Sentosa,1.25,103.8279,79.33
25/5/2024,S60,Sentosa,1.25,103.8279,80.67
26/5/2024,S60,Sentosa,1.25,103.8279,80.43
27/5/2024,S60,Sentosa,1.25,103.8279,77.18
28/5/2024,S60,Sentosa,1.25,103.8279,77.01
29/5/2024,S60,Sentosa,1.25,103.8279,75.21
30/5/2024,S60,Sentosa,1.25,103.8279,76.37
31/5/2024,S60,Sentosa,1.25,103.8279,74.69
1/6/2024,S60,Sentosa,1.25,103.8279,81.73
2/6/2024,S60,Sentosa,1.25,103.8279,81.41
3/6/2024,S60,Sentosa,1.25,103.8279,76.14
4/6/2024,S60,Sentosa,1.25,103.8279,75.26
5/6/2024,S60,Sentosa,1.25,103.8279,74.17
6/6/2024,S60,Sentosa,1.25,103.8279,75.85
7/6/2024,S60,Sentosa,1.25,103.8279,75.85
8/6/2024,S60,Sentosa,1.25,103.8279,75.79
9/6/2024,S60,Sentosa,1.25,103.8279,74.75
10/6/2024,S60,Sentosa,1.25,103.8279,75.5
11/6/2024,S60,Sentosa,1.25,103.8279,72.08
12/6/2024,S60,Sentosa,1.25,103.8279,73.81
13/6/2024,S60,Sentosa,1.25,103.8279,71.43
14/6/2024,S60,Sentosa,1.25,103.8279,73.6
15/6/2024,S60,Sentosa,1.25,103.8279,76.14
16/6/2024,S60,Sentosa,1.25,103.8279,77.27
17/6/2024,S60,Sentosa,1.25,103.8279,72.88
18/6/2024,S60,Sentosa,1.25,103.8279,73.02
19/6/2024,S60,Sentosa,1.25,103.8279,75.75
20/6/2024,S60,Sentosa,1.25,103.8279,73.35
21/6/2024,S60,Sentosa,1.25,103.8279,77.55
22/6/2024,S60,Sentosa,1.25,103.8279,78.89
23/6/2024,S60,Sentosa,1.25,103.8279,73.86
24/6/2024,S60,Sentosa,1.25,103.8279,73.12
25/6/2024,S60,Sentosa,1.25,103.8279,75.09
26/6/2024,S60,Sentosa,1.25,103.8279,73.36
27/6/2024,S60,Sentosa,1.25,103.8279,75.81
28/6/2024,S60,Sentosa,1.25,103.8279,72.6
29/6/2024,S60,Sentosa,1.25,103.8279,75.05
30/6/2024,S60,Sentosa,1.25,103.8279,81.33
1/7/2024,S60,Sentosa,1.25,103.8279,78.45
2/7/2024,S60,Sentosa,1.25,103.8279,78.5
3/7/2024,S60,Sentosa,1.25,103.8279,74.48
4/7/2024,S60,Sentosa,1.25,103.8279,69.51
5/7/2024,S60,Sentosa,1.25,103.8279,71
6/7/2024,S60,Sentosa,1.25,103.8279,76.13
7/7/2024,S60,Sentosa,1.25,103.8279,80.91
8/7/2024,S60,Sentosa,1.25,103.8279,81.41
9/7/2024,S60,Sentosa,1.25,103.8279,76.42
10/7/2024,S60,Sentosa,1.25,103.8279,75.21
11/7/2024,S60,Sentosa,1.25,103.8279,71.24
12/7/2024,S60,Sentosa,1.25,103.8279,78.93
13/7/2024,S60,Sentosa,1.25,103.8279,72.78
14/7/2024,S60,Sentosa,1.25,103.8279,71.1
15/7/2024,S60,Sentosa,1.25,103.8279,68.37
16/7/2024,S60,Sentosa,1.25,103.8279,71.93
17/7/2024,S60,Sentosa,1.25,103.8279,73.4
18/7/2024,S60,Sentosa,1.25,103.8279,72.79
19/7/2024,S60,Sentosa,1.25,103.8279,71.36
20/7/2024,S60,Sentosa,1.25,103.8279,70.46
21/7/2024,S60,Sentosa,1.25,103.8279,70.87
22/7/2024,S60,Sentosa,1.25,103.8279,72.4
23/7/2024,S60,Sentosa,1.25,103.8279,74.18
24/7/2024,S60,Sentosa,1.25,103.8279,71.78
25/7/2024,S60,Sentosa,1.25,103.8279,68.3
26/7/2024,S60,Sentosa,1.25,103.8279,68.59
27/7/2024,S60,Sentosa,1.25,103.8279,67.1
28/7/2024,S60,Sentosa,1.25,103.8279,66.6
29/7/2024,S60,Sentosa,1.25,103.8279,68.15
30/7/2024,S60,Sentosa,1.25,103.8279,70.42
31/7/2024,S60,Sentosa,1.25,103.8279,76.07
1/8/2024,S60,Sentosa,1.25,103.8279,74.68
2/8/2024,S60,Sentosa,1.25,103.8279,74.06
3/8/2024,S60,Sentosa,1.25,103.8279,72.29
4/8/2024,S60,Sentosa,1.25,103.8279,82.14
5/8/2024,S60,Sentosa,1.25,103.8279,86.98
14/8/2024,S60,Sentosa,1.25,103.8279,86.32
15/8/2024,S60,Sentosa,1.25,103.8279,77.41
16/8/2024,S60,Sentosa,1.25,103.8279,76.18
17/8/2024,S60,Sentosa,1.25,103.8279,80.21
18/8/2024,S60,Sentosa,1.25,103.8279,75.25
19/8/2024,S60,Sentosa,1.25,103.8279,73.7
20/8/2024,S60,Sentosa,1.25,103.8279,79.79
21/8/2024,S60,Sentosa,1.25,103.8279,74.93
22/8/2024,S60,Sentosa,1.25,103.8279,70.18
23/8/2024,S60,Sentosa,1.25,103.8279,73.37
24/8/2024,S60,Sentosa,1.25,103.8279,76.19
25/8/2024,S60,Sentosa,1.25,103.8279,77.58
26/8/2024,S60,Sentosa,1.25,103.8279,71.42
27/8/2024,S60,Sentosa,1.25,103.8279,76.31
28/8/2024,S60,Sentosa,1.25,103.8279,72.6
29/8/2024,S60,Sentosa,1.25,103.8279,69.61
30/8/2024,S60,Sentosa,1.25,103.8279,70.1
31/8/2024,S60,Sentosa,1.25,103.8279,72.75
1/9/2024,S60,Sentosa,1.25,103.8279,72.89
2/9/2024,S60,Sentosa,1.25,103.8279,72.34
3/9/2024,S60,Sentosa,1.25,103.8279,75.85
4/9/2024,S60,Sentosa,1.25,103.8279,78.46
5/9/2024,S60,Sentosa,1.25,103.8279,74.72
6/9/2024,S60,Sentosa,1.25,103.8279,72.99
7/9/2024,S60,Sentosa,1.25,103.8279,73.54
8/9/2024,S60,Sentosa,1.25,103.8279,77.51
9/9/2024,S60,Sentosa,1.25,103.8279,78.57
10/9/2024,S60,Sentosa,1.25,103.8279,77.63
11/9/2024,S60,Sentosa,1.25,103.8279,74.44
12/9/2024,S60,Sentosa,1.25,103.8279,75.28
13/9/2024,S60,Sentosa,1.25,103.8279,71.35
14/9/2024,S60,Sentosa,1.25,103.8279,74.28
15/9/2024,S60,Sentosa,1.25,103.8279,79.02
16/9/2024,S60,Sentosa,1.25,103.8279,72.76
17/9/2024,S60,Sentosa,1.25,103.8279,70.95
18/9/2024,S60,Sentosa,1.25,103.8279,65.19
19/9/2024,S60,Sentosa,1.25,103.8279,70.22
20/9/2024,S60,Sentosa,1.25,103.8279,73.13
21/9/2024,S60,Sentosa,1.25,103.8279,80.73
22/9/2024,S60,Sentosa,1.25,103.8279,67.38
23/9/2024,S60,Sentosa,1.25,103.8279,73.43
24/9/2024,S60,Sentosa,1.25,103.8279,77.29
25/9/2024,S60,Sentosa,1.25,103.8279,75.92
26/9/2024,S60,Sentosa,1.25,103.8279,78.09
27/9/2024,S60,Sentosa,1.25,103.8279,73.71
28/9/2024,S60,Sentosa,1.25,103.8279,74.75
29/9/2024,S60,Sentosa,1.25,103.8279,73.19
30/9/2024,S60,Sentosa,1.25,103.8279,75.25
1/10/2024,S60,Sentosa,1.25,103.8279,74.68
2/10/2024,S60,Sentosa,1.25,103.8279,73.37
3/10/2024,S60,Sentosa,1.25,103.8279,73.5
4/10/2024,S60,Sentosa,1.25,103.8279,77.75
5/10/2024,S60,Sentosa,1.25,103.8279,77.41
6/10/2024,S60,Sentosa,1.25,103.8279,77.2
7/10/2024,S60,Sentosa,1.25,103.8279,74.44
8/10/2024,S60,Sentosa,1.25,103.8279,77.82
9/10/2024,S60,Sentosa,1.25,103.8279,78.03
10/10/2024,S60,Sentosa,1.25,103.8279,77.24
11/10/2024,S60,Sentosa,1.25,103.8279,74.63
12/10/2024,S60,Sentosa,1.25,103.8279,79.72
13/10/2024,S60,Sentosa,1.25,103.8279,75.66
14/10/2024,S60,Sentosa,1.25,103.8279,86.02
15/10/2024,S60,Sentosa,1.25,103.8279,75.07
16/10/2024,S60,Sentosa,1.25,103.8279,76.54
17/10/2024,S60,Sentosa,1.25,103.8279,78.99
18/10/2024,S60,Sentosa,1.25,103.8279,79.1
19/10/2024,S60,Sentosa,1.25,103.8279,75.64
20/10/2024,S60,Sentosa,1.25,103.8279,74.59
21/10/2024,S60,Sentosa,1.25,103.8279,70.23
22/10/2024,S60,Sentosa,1.25,103.8279,73.47
23/10/2024,S60,Sentosa,1.25,103.8279,73.97
24/10/2024,S60,Sentosa,1.25,103.8279,73.01
25/10/2024,S60,Sentosa,1.25,103.8279,74.4
26/10/2024,S60,Sentosa,1.25,103.8279,69.43
27/10/2024,S60,Sentosa,1.25,103.8279,68.09
28/10/2024,S60,Sentosa,1.25,103.8279,71.56
29/10/2024,S60,Sentosa,1.25,103.8279,72.65
30/10/2024,S60,Sentosa,1.25,103.8279,69
31/10/2024,S60,Sentosa,1.25,103.8279,70.6
1/11/2024,S60,Sentosa,1.25,103.8279,72.14
2/11/2024,S60,Sentosa,1.25,103.8279,78.48
3/11/2024,S60,Sentosa,1.25,103.8279,77.32
4/11/2024,S60,Sentosa,1.25,103.8279,79.13
5/11/2024,S60,Sentosa,1.25,103.8279,75.1
6/11/2024,S60,Sentosa,1.25,103.8279,78.46
7/11/2024,S60,Sentosa,1.25,103.8279,73
8/11/2024,S60,Sentosa,1.25,103.8279,73.96
9/11/2024,S60,Sentosa,1.25,103.8279,75.93
10/11/2024,S60,Sentosa,1.25,103.8279,77.1
11/11/2024,S60,Sentosa,1.25,103.8279,75.77
12/11/2024,S60,Sentosa,1.25,103.8279,74.62
13/11/2024,S60,Sentosa,1.25,103.8279,77.66
14/11/2024,S60,Sentosa,1.25,103.8279,74.72
15/11/2024,S60,Sentosa,1.25,103.8279,73.03
16/11/2024,S60,Sentosa,1.25,103.8279,77.94
17/11/2024,S60,Sentosa,1.25,103.8279,81.9
18/11/2024,S60,Sentosa,1.25,103.8279,81.54
19/11/2024,S60,Sentosa,1.25,103.8279,82.93
20/11/2024,S60,Sentosa,1.25,103.8279,76.93
21/11/2024,S60,Sentosa,1.25,103.8279,78.12
22/11/2024,S60,Sentosa,1.25,103.8279,80.84
23/11/2024,S60,Sentosa,1.25,103.8279,78.99
24/11/2024,S60,Sentosa,1.25,103.8279,83.17
25/11/2024,S60,Sentosa,1.25,103.8279,79.62
26/11/2024,S60,Sentosa,1.25,103.8279,83.63
27/11/2024,S60,Sentosa,1.25,103.8279,85.33
28/11/2024,S60,Sentosa,1.25,103.8279,86.4
29/11/2024,S60,Sentosa,1.25,103.8279,86.83
30/11/2024,S60,Sentosa,1.25,103.8279,71.76
1/12/2024,S60,Sentosa,1.25,103.8279,70.82
2/12/2024,S60,Sentosa,1.25,103.8279,73.77
3/12/2024,S60,Sentosa,1.25,103.8279,76.19
4/12/2024,S60,Sentosa,1.25,103.8279,73.6
5/12/2024,S60,Sentosa,1.25,103.8279,62.45
6/12/2024,S60,Sentosa,1.25,103.8279,64.03
7/12/2024,S60,Sentosa,1.25,103.8279,64.78
8/12/2024,S60,Sentosa,1.25,103.8279,72.1
9/12/2024,S60,Sentosa,1.25,103.8279,73.56
10/12/2024,S60,Sentosa,1.25,103.8279,67.07
11/12/2024,S60,Sentosa,1.25,103.8279,65.49
12/12/2024,S60,Sentosa,1.25,103.8279,78.12
13/12/2024,S60,Sentosa,1.25,103.8279,78.56
14/12/2024,S60,Sentosa,1.25,103.8279,71.57
15/12/2024,S60,Sentosa,1.25,103.8279,73.48
16/12/2024,S60,Sentosa,1.25,103.8279,77.33
17/12/2024,S60,Sentosa,1.25,103.8279,74.94
18/12/2024,S60,Sentosa,1.25,103.8279,78.96
19/12/2024,S60,Sentosa,1.25,103.8279,72.92
20/12/2024,S60,Sentosa,1.25,103.8279,73.95
21/12/2024,S60,Sentosa,1.25,103.8279,77.12
22/12/2024,S60,Sentosa,1.25,103.8279,71.43
23/12/2024,S60,Sentosa,1.25,103.8279,80.69
24/12/2024,S60,Sentosa,1.25,103.8279,81.1
25/12/2024,S60,Sentosa,1.25,103.8279,67.38
26/12/2024,S60,Sentosa,1.25,103.8279,71.85
27/12/2024,S60,Sentosa,1.25,103.8279,72.66
28/12/2024,S60,Sentosa,1.25,103.8279,69.63
29/12/2024,S60,Sentosa,1.25,103.8279,81.27
30/12/2024,S60,Sentosa,1.25,103.8279,83.74
31/12/2024,S60,Sentosa,1.25,103.8279,80.76
1/1/2025,S60,Sentosa,1.25,103.8279,77.14
2/1/2025,S60,Sentosa,1.25,103.8279,75.06
3/1/2025,S60,Sentosa,1.25,103.8279,73.91
4/1/2025,S60,Sentosa,1.25,103.8279,71.27
5/1/2025,S60,Sentosa,1.25,103.8279,75.61
6/1/2025,S60,Sentosa,1.25,103.8279,71.18
7/1/2025,S60,Sentosa,1.25,103.8279,76.7
8/1/2025,S60,Sentosa,1.25,103.8279,69.03
9/1/2025,S60,Sentosa,1.25,103.8279,63.65
10/1/2025,S60,Sentosa,1.25,103.8279,84.68
11/1/2025,S60,Sentosa,1.25,103.8279,93.06
13/1/2025,S60,Sentosa,1.25,103.8279,85.45
14/1/2025,S60,Sentosa,1.25,103.8279,85.54
15/1/2025,S60,Sentosa,1.25,103.8279,83.98
17/1/2025,S60,Sentosa,1.25,103.8279,82.68
18/1/2025,S60,Sentosa,1.25,103.8279,80.41
19/1/2025,S60,Sentosa,1.25,103.8279,87.13
20/1/2025,S60,Sentosa,1.25,103.8279,73.73
21/1/2025,S60,Sentosa,1.25,103.8279,76.6
22/1/2025,S60,Sentosa,1.25,103.8279,78.47
23/1/2025,S60,Sentosa,1.25,103.8279,78.6
24/1/2025,S60,Sentosa,1.25,103.8279,84.84
25/1/2025,S60,Sentosa,1.25,103.8279,82.72
26/1/2025,S60,Sentosa,1.25,103.8279,83.15
27/1/2025,S60,Sentosa,1.25,103.8279,85
28/1/2025,S60,Sentosa,1.25,103.8279,72.75
29/1/2025,S60,Sentosa,1.25,103.8279,69.26
30/1/2025,S60,Sentosa,1.25,103.8279,63.22
31/1/2025,S60,Sentosa,1.25,103.8279,64.87
1/2/2025,S60,Sentosa,1.25,103.8279,68.15
2/2/2025,S60,Sentosa,1.25,103.8279,69.51
3/2/2025,S60,Sentosa,1.25,103.8279,65.94
4/2/2025,S60,Sentosa,1.25,103.8279,70.23
5/2/2025,S60,Sentosa,1.25,103.8279,78.52
6/2/2025,S60,Sentosa,1.25,103.8279,66.4
7/2/2025,S60,Sentosa,1.25,103.8279,68.54
8/2/2025,S60,Sentosa,1.25,103.8279,67.16
9/2/2025,S60,Sentosa,1.25,103.8279,71.08
10/2/2025,S60,Sentosa,1.25,103.8279,66.47
11/2/2025,S60,Sentosa,1.25,103.8279,66.13
12/2/2025,S60,Sentosa,1.25,103.8279,72.51
13/2/2025,S60,Sentosa,1.25,103.8279,73.66
14/2/2025,S60,Sentosa,1.25,103.8279,72.05
15/2/2025,S60,Sentosa,1.25,103.8279,79.31
16/2/2025,S60,Sentosa,1.25,103.8279,74.59
17/2/2025,S60,Sentosa,1.25,103.8279,75.82
18/2/2025,S60,Sentosa,1.25,103.8279,75.2
19/2/2025,S60,Sentosa,1.25,103.8279,71.22
20/2/2025,S60,Sentosa,1.25,103.8279,69.65
21/2/2025,S60,Sentosa,1.25,103.8279,74.29
22/2/2025,S60,Sentosa,1.25,103.8279,75.89
23/2/2025,S60,Sentosa,1.25,103.8279,81.88
24/2/2025,S60,Sentosa,1.25,103.8279,76.46
25/2/2025,S60,Sentosa,1.25,103.8279,74.35
26/2/2025,S60,Sentosa,1.25,103.8279,75.26
27/2/2025,S60,Sentosa,1.25,103.8279,70.01
28/2/2025,S60,Sentosa,1.25,103.8279,71.78
1/3/2025,S60,Sentosa,1.25,103.8279,70.12
