age_group,year_month,no_of_visitors
Under 15 Years,2025-01-01,198338
15-19 Years,2025-01-01,74039
20-24 Years,2025-01-01,109166
25-34 Years,2025-01-01,308438
35-44 Years,2025-01-01,329530
45-54 Years,2025-01-01,248265
55-64 Years,2025-01-01,195883
65 & Over,2025-01-01,169812
Under 15 Years,2024-12-01,162779
15-19 Years,2024-12-01,66341
20-24 Years,2024-12-01,91704
25-34 Years,2024-12-01,277041
35-44 Years,2024-12-01,273868
45-54 Years,2024-12-01,210568
55-64 Years,2024-12-01,170167
65 & Over,2024-12-01,138163
Under 15 Years,2024-11-01,70097
15-19 Years,2024-11-01,34425
20-24 Years,2024-11-01,72083
25-34 Years,2024-11-01,283083
35-44 Years,2024-11-01,259271
45-54 Years,2024-11-01,201397
55-64 Years,2024-11-01,178581
65 & Over,2024-11-01,135759
Under 15 Years,2024-10-01,101959
15-19 Years,2024-10-01,44107
20-24 Years,2024-10-01,76181
25-34 Years,2024-10-01,308982
35-44 Years,2024-10-01,277729
45-54 Years,2024-10-01,206193
55-64 Years,2024-10-01,172521
65 & Over,2024-10-01,126814
Under 15 Years,2024-09-01,79642
15-19 Years,2024-09-01,34020
20-24 Years,2024-09-01,94180
25-34 Years,2024-09-01,324620
35-44 Years,2024-09-01,269147
45-54 Years,2024-09-01,203011
55-64 Years,2024-09-01,160831
65 & Over,2024-09-01,105224
Under 15 Years,2024-08-01,205970
15-19 Years,2024-08-01,85775
20-24 Years,2024-08-01,121870
25-34 Years,2024-08-01,304828
35-44 Years,2024-08-01,324783
45-54 Years,2024-08-01,243637
55-64 Years,2024-08-01,153304
65 & Over,2024-08-01,99661
Under 15 Years,2024-07-01,246195
15-19 Years,2024-07-01,111938
20-24 Years,2024-07-01,126991
25-34 Years,2024-07-01,279848
35-44 Years,2024-07-01,327221
45-54 Years,2024-07-01,258730
55-64 Years,2024-07-01,151654
65 & Over,2024-07-01,100019
Under 15 Years,2024-06-01,136472
15-19 Years,2024-06-01,62637
20-24 Years,2024-06-01,89265
25-34 Years,2024-06-01,257149
35-44 Years,2024-06-01,264209
45-54 Years,2024-06-01,196926
55-64 Years,2024-06-01,142054
65 & Over,2024-06-01,101581
Under 15 Years,2024-05-01,100607
15-19 Years,2024-05-01,36671
20-24 Years,2024-05-01,77436
25-34 Years,2024-05-01,292157
35-44 Years,2024-05-01,274683
45-54 Years,2024-05-01,202488
55-64 Years,2024-05-01,169548
65 & Over,2024-05-01,123570
Under 15 Years,2024-04-01,129752
15-19 Years,2024-04-01,42753
20-24 Years,2024-04-01,76292
25-34 Years,2024-04-01,295216
35-44 Years,2024-04-01,279901
45-54 Years,2024-04-01,208412
55-64 Years,2024-04-01,174941
65 & Over,2024-04-01,136052
Under 15 Years,2024-03-01,100306
15-19 Years,2024-03-01,45424
20-24 Years,2024-03-01,101093
25-34 Years,2024-03-01,362693
35-44 Years,2024-03-01,272732
45-54 Years,2024-03-01,209795
55-64 Years,2024-03-01,200220
65 & Over,2024-03-01,172602
Under 15 Years,2024-02-01,146139
15-19 Years,2024-02-01,45851
20-24 Years,2024-02-01,87578
25-34 Years,2024-02-01,293278
35-44 Years,2024-02-01,285128
45-54 Years,2024-02-01,210028
55-64 Years,2024-02-01,188957
65 & Over,2024-02-01,160848
Under 15 Years,2024-01-01,141754
15-19 Years,2024-01-01,55516
20-24 Years,2024-01-01,97560
25-34 Years,2024-01-01,301596
35-44 Years,2024-01-01,284643
45-54 Years,2024-01-01,214010
55-64 Years,2024-01-01,178196
65 & Over,2024-01-01,146681
Under 15 Years,2023-12-01,147770
15-19 Years,2023-12-01,55902
20-24 Years,2023-12-01,77330
25-34 Years,2023-12-01,245362
35-44 Years,2023-12-01,242866
45-54 Years,2023-12-01,187426
55-64 Years,2023-12-01,150897
65 & Over,2023-12-01,124012
Under 15 Years,2023-11-01,67096
15-19 Years,2023-11-01,27928
20-24 Years,2023-11-01,60792
25-34 Years,2023-11-01,248014
35-44 Years,2023-11-01,228688
45-54 Years,2023-11-01,179548
55-64 Years,2023-11-01,160082
65 & Over,2023-11-01,128311
Under 15 Years,2023-10-01,90349
15-19 Years,2023-10-01,33748
20-24 Years,2023-10-01,61067
25-34 Years,2023-10-01,264989
35-44 Years,2023-10-01,242387
45-54 Years,2023-10-01,179280
55-64 Years,2023-10-01,148825
65 & Over,2023-10-01,105319
Under 15 Years,2023-09-01,76550
15-19 Years,2023-09-01,28350
20-24 Years,2023-09-01,76408
25-34 Years,2023-09-01,287268
35-44 Years,2023-09-01,240842
45-54 Years,2023-09-01,181949
55-64 Years,2023-09-01,144918
65 & Over,2023-09-01,94477
Under 15 Years,2023-08-01,169313
15-19 Years,2023-08-01,64612
20-24 Years,2023-08-01,99781
25-34 Years,2023-08-01,270916
35-44 Years,2023-08-01,273623
45-54 Years,2023-08-01,208850
55-64 Years,2023-08-01,136666
65 & Over,2023-08-01,88932
Under 15 Years,2023-07-01,213900
15-19 Years,2023-07-01,87362
20-24 Years,2023-07-01,106091
25-34 Years,2023-07-01,260823
35-44 Years,2023-07-01,289963
45-54 Years,2023-07-01,226377
55-64 Years,2023-07-01,141383
65 & Over,2023-07-01,93743
Under 15 Years,2023-06-01,127133
15-19 Years,2023-06-01,52133
20-24 Years,2023-06-01,78138
25-34 Years,2023-06-01,238080
35-44 Years,2023-06-01,236955
45-54 Years,2023-06-01,176276
55-64 Years,2023-06-01,128264
65 & Over,2023-06-01,92331
Under 15 Years,2023-05-01,86537
15-19 Years,2023-05-01,31588
20-24 Years,2023-05-01,68402
25-34 Years,2023-05-01,265087
35-44 Years,2023-05-01,243768
45-54 Years,2023-05-01,178420
55-64 Years,2023-05-01,139956
65 & Over,2023-05-01,98754
Under 15 Years,2023-04-01,130720
15-19 Years,2023-04-01,40678
20-24 Years,2023-04-01,62125
25-34 Years,2023-04-01,244148
35-44 Years,2023-04-01,238924
45-54 Years,2023-04-01,174794
55-64 Years,2023-04-01,134080
65 & Over,2023-04-01,103141
Under 15 Years,2023-03-01,74447
15-19 Years,2023-03-01,25960
20-24 Years,2023-03-01,59341
25-34 Years,2023-03-01,232638
35-44 Years,2023-03-01,213331
45-54 Years,2023-03-01,161958
55-64 Years,2023-03-01,139133
65 & Over,2023-03-01,114232
Under 15 Years,2023-02-01,65721
15-19 Years,2023-02-01,22878
20-24 Years,2023-02-01,65498
25-34 Years,2023-02-01,221643
35-44 Years,2023-02-01,195224
45-54 Years,2023-02-01,150978
55-64 Years,2023-02-01,129725
65 & Over,2023-02-01,106177
Under 15 Years,2023-01-01,98848
15-19 Years,2023-01-01,36964
20-24 Years,2023-01-01,67248
25-34 Years,2023-01-01,200425
35-44 Years,2023-01-01,184848
45-54 Years,2023-01-01,143897
55-64 Years,2023-01-01,111368
65 & Over,2023-01-01,88216
Under 15 Years,2022-12-01,123734
15-19 Years,2022-12-01,43167
20-24 Years,2022-12-01,65231
25-34 Years,2022-12-01,200412
35-44 Years,2022-12-01,187200
45-54 Years,2022-12-01,136410
55-64 Years,2022-12-01,99949
65 & Over,2022-12-01,75234
Under 15 Years,2022-11-01,48421
15-19 Years,2022-11-01,16801
20-24 Years,2022-11-01,51327
25-34 Years,2022-11-01,210690
35-44 Years,2022-11-01,180148
45-54 Years,2022-11-01,137778
55-64 Years,2022-11-01,103043
65 & Over,2022-11-01,68132
Under 15 Years,2022-10-01,63829
15-19 Years,2022-10-01,21290
20-24 Years,2022-10-01,51624
25-34 Years,2022-10-01,212843
35-44 Years,2022-10-01,175720
45-54 Years,2022-10-01,129825
55-64 Years,2022-10-01,97222
65 & Over,2022-10-01,64480
Under 15 Years,2022-09-01,50827
15-19 Years,2022-09-01,19359
20-24 Years,2022-09-01,59783
25-34 Years,2022-09-01,215319
35-44 Years,2022-09-01,168721
45-54 Years,2022-09-01,123753
55-64 Years,2022-09-01,90120
65 & Over,2022-09-01,54333
Under 15 Years,2022-08-01,64064
15-19 Years,2022-08-01,29326
20-24 Years,2022-08-01,66314
25-34 Years,2022-08-01,187932
35-44 Years,2022-08-01,148400
45-54 Years,2022-08-01,110418
55-64 Years,2022-08-01,76569
65 & Over,2022-08-01,45721
Under 15 Years,2022-07-01,78914
15-19 Years,2022-07-01,37336
20-24 Years,2022-07-01,66276
25-34 Years,2022-07-01,169853
35-44 Years,2022-07-01,146720
45-54 Years,2022-07-01,112285
55-64 Years,2022-07-01,71746
65 & Over,2022-07-01,43609
Under 15 Years,2022-06-01,54166
15-19 Years,2022-06-01,22970
20-24 Years,2022-06-01,42754
25-34 Years,2022-06-01,128450
35-44 Years,2022-06-01,114453
45-54 Years,2022-06-01,83636
55-64 Years,2022-06-01,57907
65 & Over,2022-06-01,39397
Under 15 Years,2022-05-01,32467
15-19 Years,2022-05-01,10944
20-24 Years,2022-05-01,28871
25-34 Years,2022-05-01,108939
35-44 Years,2022-05-01,90507
45-54 Years,2022-05-01,65094
55-64 Years,2022-05-01,49307
65 & Over,2022-05-01,32329
Under 15 Years,2022-04-01,25859
15-19 Years,2022-04-01,8110
20-24 Years,2022-04-01,18761
25-34 Years,2022-04-01,77804
35-44 Years,2022-04-01,65000
45-54 Years,2022-04-01,44074
55-64 Years,2022-04-01,32459
65 & Over,2022-04-01,23028
Under 15 Years,2022-03-01,6479
15-19 Years,2022-03-01,2100
20-24 Years,2022-03-01,8833
25-34 Years,2022-03-01,36225
35-44 Years,2022-03-01,29183
45-54 Years,2022-03-01,16796
55-64 Years,2022-03-01,12028
65 & Over,2022-03-01,9563
Under 15 Years,2022-02-01,3305
15-19 Years,2022-02-01,1056
20-24 Years,2022-02-01,5307
25-34 Years,2022-02-01,20650
35-44 Years,2022-02-01,16007
45-54 Years,2022-02-01,9279
55-64 Years,2022-02-01,6991
65 & Over,2022-02-01,5170
Under 15 Years,2022-01-01,3053
15-19 Years,2022-01-01,1142
20-24 Years,2022-01-01,6139
25-34 Years,2022-01-01,19112
35-44 Years,2022-01-01,12965
45-54 Years,2022-01-01,5978
55-64 Years,2022-01-01,4556
65 & Over,2022-01-01,4229
Under 15 Years,2021-12-01,5973
15-19 Years,2021-12-01,2646
20-24 Years,2021-12-01,10489
25-34 Years,2021-12-01,30989
35-44 Years,2021-12-01,19988
45-54 Years,2021-12-01,8336
55-64 Years,2021-12-01,7151
65 & Over,2021-12-01,7224
Under 15 Years,2021-11-01,2017
15-19 Years,2021-11-01,776
20-24 Years,2021-11-01,3736
25-34 Years,2021-11-01,14363
35-44 Years,2021-11-01,10334
45-54 Years,2021-11-01,4471
55-64 Years,2021-11-01,3118
65 & Over,2021-11-01,2364
Under 15 Years,2021-10-01,1283
15-19 Years,2021-10-01,801
20-24 Years,2021-10-01,2289
25-34 Years,2021-10-01,7960
35-44 Years,2021-10-01,5732
45-54 Years,2021-10-01,2831
55-64 Years,2021-10-01,1997
65 & Over,2021-10-01,1113
Under 15 Years,2021-09-01,1178
15-19 Years,2021-09-01,1111
20-24 Years,2021-09-01,1547
25-34 Years,2021-09-01,5273
35-44 Years,2021-09-01,4673
45-54 Years,2021-09-01,2692
55-64 Years,2021-09-01,1765
65 & Over,2021-09-01,770
Under 15 Years,2021-08-01,1320
15-19 Years,2021-08-01,1277
20-24 Years,2021-08-01,2444
25-34 Years,2021-08-01,3950
35-44 Years,2021-08-01,3143
45-54 Years,2021-08-01,1923
55-64 Years,2021-08-01,1346
65 & Over,2021-08-01,484
Under 15 Years,2021-07-01,1239
15-19 Years,2021-07-01,956
20-24 Years,2021-07-01,4360
25-34 Years,2021-07-01,4077
35-44 Years,2021-07-01,3411
45-54 Years,2021-07-01,2351
55-64 Years,2021-07-01,1609
65 & Over,2021-07-01,514
Under 15 Years,2021-06-01,457
15-19 Years,2021-06-01,343
20-24 Years,2021-06-01,920
25-34 Years,2021-06-01,2722
35-44 Years,2021-06-01,2311
45-54 Years,2021-06-01,1581
55-64 Years,2021-06-01,1343
65 & Over,2021-06-01,352
Under 15 Years,2021-05-01,459
15-19 Years,2021-05-01,342
20-24 Years,2021-05-01,1585
25-34 Years,2021-05-01,4473
35-44 Years,2021-05-01,3448
45-54 Years,2021-05-01,1965
55-64 Years,2021-05-01,1450
65 & Over,2021-05-01,468
Under 15 Years,2021-04-01,1176
15-19 Years,2021-04-01,672
20-24 Years,2021-04-01,2748
25-34 Years,2021-04-01,9229
35-44 Years,2021-04-01,6448
45-54 Years,2021-04-01,3007
55-64 Years,2021-04-01,1798
65 & Over,2021-04-01,659
Under 15 Years,2021-03-01,1179
15-19 Years,2021-03-01,909
20-24 Years,2021-03-01,2840
25-34 Years,2021-03-01,9570
35-44 Years,2021-03-01,7021
45-54 Years,2021-03-01,3366
55-64 Years,2021-03-01,1733
65 & Over,2021-03-01,584
Under 15 Years,2021-02-01,988
15-19 Years,2021-02-01,423
20-24 Years,2021-02-01,1885
25-34 Years,2021-02-01,6698
35-44 Years,2021-02-01,4617
45-54 Years,2021-02-01,1940
55-64 Years,2021-02-01,1156
65 & Over,2021-02-01,434
Under 15 Years,2021-01-01,1410
15-19 Years,2021-01-01,586
20-24 Years,2021-01-01,3055
25-34 Years,2021-01-01,8172
35-44 Years,2021-01-01,5396
45-54 Years,2021-01-01,2545
55-64 Years,2021-01-01,1536
65 & Over,2021-01-01,666
Under 15 Years,2020-12-01,2089
15-19 Years,2020-12-01,893
20-24 Years,2020-12-01,3349
25-34 Years,2020-12-01,7739
35-44 Years,2020-12-01,5361
45-54 Years,2020-12-01,2500
55-64 Years,2020-12-01,1572
65 & Over,2020-12-01,667
Under 15 Years,2020-11-01,1009
15-19 Years,2020-11-01,411
20-24 Years,2020-11-01,1161
25-34 Years,2020-11-01,4656
35-44 Years,2020-11-01,3869
45-54 Years,2020-11-01,2126
55-64 Years,2020-11-01,1145
65 & Over,2020-11-01,372
Under 15 Years,2020-10-01,826
15-19 Years,2020-10-01,507
20-24 Years,2020-10-01,1538
25-34 Years,2020-10-01,4452
35-44 Years,2020-10-01,3246
45-54 Years,2020-10-01,1617
55-64 Years,2020-10-01,927
65 & Over,2020-10-01,286
Under 15 Years,2020-09-01,736
15-19 Years,2020-09-01,312
20-24 Years,2020-09-01,1204
25-34 Years,2020-09-01,2897
35-44 Years,2020-09-01,2200
45-54 Years,2020-09-01,1297
55-64 Years,2020-09-01,687
65 & Over,2020-09-01,167
Under 15 Years,2020-08-01,943
15-19 Years,2020-08-01,553
20-24 Years,2020-08-01,1546
25-34 Years,2020-08-01,2325
35-44 Years,2020-08-01,1893
45-54 Years,2020-08-01,1067
55-64 Years,2020-08-01,474
65 & Over,2020-08-01,111
Under 15 Years,2020-07-01,1017
15-19 Years,2020-07-01,641
20-24 Years,2020-07-01,800
25-34 Years,2020-07-01,1643
35-44 Years,2020-07-01,1434
45-54 Years,2020-07-01,858
55-64 Years,2020-07-01,358
65 & Over,2020-07-01,92
Under 15 Years,2020-06-01,239
15-19 Years,2020-06-01,233
20-24 Years,2020-06-01,139
25-34 Years,2020-06-01,514
35-44 Years,2020-06-01,496
45-54 Years,2020-06-01,341
55-64 Years,2020-06-01,176
65 & Over,2020-06-01,33
Under 15 Years,2020-05-01,32
15-19 Years,2020-05-01,18
20-24 Years,2020-05-01,41
25-34 Years,2020-05-01,172
35-44 Years,2020-05-01,264
45-54 Years,2020-05-01,230
55-64 Years,2020-05-01,117
65 & Over,2020-05-01,6
Under 15 Years,2020-04-01,33
15-19 Years,2020-04-01,13
20-24 Years,2020-04-01,24
25-34 Years,2020-04-01,157
35-44 Years,2020-04-01,233
45-54 Years,2020-04-01,168
55-64 Years,2020-04-01,106
65 & Over,2020-04-01,16
Under 15 Years,2020-03-01,10462
15-19 Years,2020-03-01,4159
20-24 Years,2020-03-01,21276
25-34 Years,2020-03-01,64271
35-44 Years,2020-03-01,45909
45-54 Years,2020-03-01,35635
55-64 Years,2020-03-01,32708
65 & Over,2020-03-01,25581
Under 15 Years,2020-02-01,39303
15-19 Years,2020-02-01,17269
20-24 Years,2020-02-01,59710
25-34 Years,2020-02-01,174489
35-44 Years,2020-02-01,132549
45-54 Years,2020-02-01,113483
55-64 Years,2020-02-01,107733
65 & Over,2020-02-01,88430
Under 15 Years,2020-01-01,198131
15-19 Years,2020-01-01,63286
20-24 Years,2020-01-01,110621
25-34 Years,2020-01-01,331431
35-44 Years,2020-01-01,328423
45-54 Years,2020-01-01,263025
55-64 Years,2020-01-01,220710
65 & Over,2020-01-01,172475
Under 15 Years,2019-12-01,202226
15-19 Years,2019-12-01,79876
20-24 Years,2019-12-01,110732
25-34 Years,2019-12-01,345625
35-44 Years,2019-12-01,319777
45-54 Years,2019-12-01,267469
55-64 Years,2019-12-01,233744
65 & Over,2019-12-01,165512
Under 15 Years,2019-11-01,86838
15-19 Years,2019-11-01,42490
20-24 Years,2019-11-01,90550
25-34 Years,2019-11-01,348981
35-44 Years,2019-11-01,309427
45-54 Years,2019-11-01,267189
55-64 Years,2019-11-01,236512
65 & Over,2019-11-01,151681
Under 15 Years,2019-10-01,122619
15-19 Years,2019-10-01,52888
20-24 Years,2019-10-01,87326
25-34 Years,2019-10-01,350584
35-44 Years,2019-10-01,306599
45-54 Years,2019-10-01,252764
55-64 Years,2019-10-01,220329
65 & Over,2019-10-01,137370
Under 15 Years,2019-09-01,88920
15-19 Years,2019-09-01,32116
20-24 Years,2019-09-01,104935
25-34 Years,2019-09-01,367724
35-44 Years,2019-09-01,295810
45-54 Years,2019-09-01,245379
55-64 Years,2019-09-01,208317
65 & Over,2019-09-01,120342
Under 15 Years,2019-08-01,241351
15-19 Years,2019-08-01,76998
20-24 Years,2019-08-01,129418
25-34 Years,2019-08-01,364099
35-44 Years,2019-08-01,371391
45-54 Years,2019-08-01,269323
55-64 Years,2019-08-01,178831
65 & Over,2019-08-01,104691
Under 15 Years,2019-07-01,262823
15-19 Years,2019-07-01,102231
20-24 Years,2019-07-01,134811
25-34 Years,2019-07-01,352274
35-44 Years,2019-07-01,376777
45-54 Years,2019-07-01,284344
55-64 Years,2019-07-01,183056
65 & Over,2019-07-01,106277
Under 15 Years,2019-06-01,175067
15-19 Years,2019-06-01,71449
20-24 Years,2019-06-01,106258
25-34 Years,2019-06-01,325457
35-44 Years,2019-06-01,311988
45-54 Years,2019-06-01,249441
55-64 Years,2019-06-01,194262
65 & Over,2019-06-01,117925
Under 15 Years,2019-05-01,126558
15-19 Years,2019-05-01,43831
20-24 Years,2019-05-01,85956
25-34 Years,2019-05-01,326172
35-44 Years,2019-05-01,305576
45-54 Years,2019-05-01,248911
55-64 Years,2019-05-01,213824
65 & Over,2019-05-01,136963
Under 15 Years,2019-04-01,158899
15-19 Years,2019-04-01,43698
20-24 Years,2019-04-01,83078
25-34 Years,2019-04-01,346576
35-44 Years,2019-04-01,320037
45-54 Years,2019-04-01,259876
55-64 Years,2019-04-01,225655
65 & Over,2019-04-01,158905
Under 15 Years,2019-03-01,101953
15-19 Years,2019-03-01,38424
20-24 Years,2019-03-01,86146
25-34 Years,2019-03-01,330417
35-44 Years,2019-03-01,296244
45-54 Years,2019-03-01,260209
55-64 Years,2019-03-01,259435
65 & Over,2019-03-01,191836
Under 15 Years,2019-02-01,144422
15-19 Years,2019-02-01,40839
20-24 Years,2019-02-01,96595
25-34 Years,2019-02-01,312335
35-44 Years,2019-02-01,294017
45-54 Years,2019-02-01,236913
55-64 Years,2019-02-01,210103
65 & Over,2019-02-01,163827
Under 15 Years,2019-01-01,173757
15-19 Years,2019-01-01,59041
20-24 Years,2019-01-01,106986
25-34 Years,2019-01-01,319405
35-44 Years,2019-01-01,317234
45-54 Years,2019-01-01,260286
55-64 Years,2019-01-01,221242
65 & Over,2019-01-01,166642
Under 15 Years,2018-12-01,193722
15-19 Years,2018-12-01,70939
20-24 Years,2018-12-01,102776
25-34 Years,2018-12-01,322781
35-44 Years,2018-12-01,302001
45-54 Years,2018-12-01,255941
55-64 Years,2018-12-01,214465
65 & Over,2018-12-01,140592
Under 15 Years,2018-11-01,87119
15-19 Years,2018-11-01,42538
20-24 Years,2018-11-01,84627
25-34 Years,2018-11-01,321490
35-44 Years,2018-11-01,280113
45-54 Years,2018-11-01,243349
55-64 Years,2018-11-01,212227
65 & Over,2018-11-01,135522
Under 15 Years,2018-10-01,113755
15-19 Years,2018-10-01,45341
20-24 Years,2018-10-01,83504
25-34 Years,2018-10-01,341227
35-44 Years,2018-10-01,298422
45-54 Years,2018-10-01,248736
55-64 Years,2018-10-01,209339
65 & Over,2018-10-01,127056
Under 15 Years,2018-09-01,89118
15-19 Years,2018-09-01,30000
20-24 Years,2018-09-01,100917
25-34 Years,2018-09-01,361136
35-44 Years,2018-09-01,284571
45-54 Years,2018-09-01,239218
55-64 Years,2018-09-01,197755
65 & Over,2018-09-01,112434
Under 15 Years,2018-08-01,232589
15-19 Years,2018-08-01,75601
20-24 Years,2018-08-01,126185
25-34 Years,2018-08-01,353258
35-44 Years,2018-08-01,363124
45-54 Years,2018-08-01,264785
55-64 Years,2018-08-01,170394
65 & Over,2018-08-01,97186
Under 15 Years,2018-07-01,249662
15-19 Years,2018-07-01,96938
20-24 Years,2018-07-01,129865
25-34 Years,2018-07-01,339958
35-44 Years,2018-07-01,364322
45-54 Years,2018-07-01,278326
55-64 Years,2018-07-01,174911
65 & Over,2018-07-01,98914
Under 15 Years,2018-06-01,182074
15-19 Years,2018-06-01,71372
20-24 Years,2018-06-01,105056
25-34 Years,2018-06-01,321577
35-44 Years,2018-06-01,313360
45-54 Years,2018-06-01,249212
55-64 Years,2018-06-01,187827
65 & Over,2018-06-01,114201
Under 15 Years,2018-05-01,120815
15-19 Years,2018-05-01,43416
20-24 Years,2018-05-01,86281
25-34 Years,2018-05-01,326377
35-44 Years,2018-05-01,309264
45-54 Years,2018-05-01,252252
55-64 Years,2018-05-01,207555
65 & Over,2018-05-01,124931
Under 15 Years,2018-04-01,139981
15-19 Years,2018-04-01,38602
20-24 Years,2018-04-01,79114
25-34 Years,2018-04-01,338474
35-44 Years,2018-04-01,316965
45-54 Years,2018-04-01,260386
55-64 Years,2018-04-01,222322
65 & Over,2018-04-01,148404
Under 15 Years,2018-03-01,116945
15-19 Years,2018-03-01,39771
20-24 Years,2018-03-01,92967
25-34 Years,2018-03-01,338232
35-44 Years,2018-03-01,303897
45-54 Years,2018-03-01,267238
55-64 Years,2018-03-01,248755
65 & Over,2018-03-01,176601
Under 15 Years,2018-02-01,159863
15-19 Years,2018-02-01,44122
20-24 Years,2018-02-01,98803
25-34 Years,2018-02-01,306641
35-44 Years,2018-02-01,298047
45-54 Years,2018-02-01,238626
55-64 Years,2018-02-01,197036
65 & Over,2018-02-01,148832
Under 15 Years,2018-01-01,149119
15-19 Years,2018-01-01,50016
20-24 Years,2018-01-01,106183
25-34 Years,2018-01-01,317626
35-44 Years,2018-01-01,306187
45-54 Years,2018-01-01,258347
55-64 Years,2018-01-01,221091
65 & Over,2018-01-01,154790
Under 15 Years,2017-12-01,188362
15-19 Years,2017-12-01,72122
20-24 Years,2017-12-01,102656
25-34 Years,2017-12-01,319346
35-44 Years,2017-12-01,291368
45-54 Years,2017-12-01,253204
55-64 Years,2017-12-01,209638
65 & Over,2017-12-01,132920
Under 15 Years,2017-11-01,75484
15-19 Years,2017-11-01,38333
20-24 Years,2017-11-01,83729
25-34 Years,2017-11-01,316267
35-44 Years,2017-11-01,267867
45-54 Years,2017-11-01,251553
55-64 Years,2017-11-01,225004
65 & Over,2017-11-01,139093
Under 15 Years,2017-10-01,115209
15-19 Years,2017-10-01,41561
20-24 Years,2017-10-01,82868
25-34 Years,2017-10-01,328261
35-44 Years,2017-10-01,283769
45-54 Years,2017-10-01,238073
55-64 Years,2017-10-01,197533
65 & Over,2017-10-01,115025
Under 15 Years,2017-09-01,89587
15-19 Years,2017-09-01,28441
20-24 Years,2017-09-01,95416
25-34 Years,2017-09-01,329626
35-44 Years,2017-09-01,267118
45-54 Years,2017-09-01,230178
55-64 Years,2017-09-01,182310
65 & Over,2017-09-01,97374
Under 15 Years,2017-08-01,207655
15-19 Years,2017-08-01,70806
20-24 Years,2017-08-01,121838
25-34 Years,2017-08-01,328969
35-44 Years,2017-08-01,335523
45-54 Years,2017-08-01,249113
55-64 Years,2017-08-01,158076
65 & Over,2017-08-01,87303
Under 15 Years,2017-07-01,233123
15-19 Years,2017-07-01,94150
20-24 Years,2017-07-01,125434
25-34 Years,2017-07-01,319087
35-44 Years,2017-07-01,340854
45-54 Years,2017-07-01,265205
55-64 Years,2017-07-01,164059
65 & Over,2017-07-01,90223
Under 15 Years,2017-06-01,152882
15-19 Years,2017-06-01,63690
20-24 Years,2017-06-01,100600
25-34 Years,2017-06-01,288603
35-44 Years,2017-06-01,276543
45-54 Years,2017-06-01,229079
55-64 Years,2017-06-01,172997
65 & Over,2017-06-01,103207
Under 15 Years,2017-05-01,113458
15-19 Years,2017-05-01,40469
20-24 Years,2017-05-01,84214
25-34 Years,2017-05-01,310651
35-44 Years,2017-05-01,285369
45-54 Years,2017-05-01,234890
55-64 Years,2017-05-01,185929
65 & Over,2017-05-01,108917
Under 15 Years,2017-04-01,145020
15-19 Years,2017-04-01,41091
20-24 Years,2017-04-01,82805
25-34 Years,2017-04-01,330739
35-44 Years,2017-04-01,296832
45-54 Years,2017-04-01,247084
55-64 Years,2017-04-01,199962
65 & Over,2017-04-01,127217
Under 15 Years,2017-03-01,95631
15-19 Years,2017-03-01,32638
20-24 Years,2017-03-01,90847
25-34 Years,2017-03-01,324707
35-44 Years,2017-03-01,279625
45-54 Years,2017-03-01,252748
55-64 Years,2017-03-01,235475
65 & Over,2017-03-01,168490
Under 15 Years,2017-02-01,100786
15-19 Years,2017-02-01,33139
20-24 Years,2017-02-01,97903
25-34 Years,2017-02-01,288751
35-44 Years,2017-02-01,270304
45-54 Years,2017-02-01,235237
55-64 Years,2017-02-01,195190
65 & Over,2017-02-01,139700
Under 15 Years,2017-01-01,167118
15-19 Years,2017-01-01,55632
20-24 Years,2017-01-01,100621
25-34 Years,2017-01-01,297053
35-44 Years,2017-01-01,295192
45-54 Years,2017-01-01,244433
55-64 Years,2017-01-01,186917
65 & Over,2017-01-01,132925
Under 15 Years,2016-12-01,174627
15-19 Years,2016-12-01,68362
20-24 Years,2016-12-01,104051
25-34 Years,2016-12-01,313234
35-44 Years,2016-12-01,285021
45-54 Years,2016-12-01,249796
55-64 Years,2016-12-01,190131
65 & Over,2016-12-01,119397
Under 15 Years,2016-11-01,67551
15-19 Years,2016-11-01,33171
20-24 Years,2016-11-01,77853
25-34 Years,2016-11-01,285919
35-44 Years,2016-11-01,250135
45-54 Years,2016-11-01,228036
55-64 Years,2016-11-01,180800
65 & Over,2016-11-01,110645
Under 15 Years,2016-10-01,90736
15-19 Years,2016-10-01,36372
20-24 Years,2016-10-01,77843
25-34 Years,2016-10-01,292624
35-44 Years,2016-10-01,255349
45-54 Years,2016-10-01,216682
55-64 Years,2016-10-01,165688
65 & Over,2016-10-01,101035
Under 15 Years,2016-09-01,70770
15-19 Years,2016-09-01,26635
20-24 Years,2016-09-01,86706
25-34 Years,2016-09-01,293739
35-44 Years,2016-09-01,234061
45-54 Years,2016-09-01,202093
55-64 Years,2016-09-01,150015
65 & Over,2016-09-01,78854
Under 15 Years,2016-08-01,185571
15-19 Years,2016-08-01,67356
20-24 Years,2016-08-01,118869
25-34 Years,2016-08-01,312629
35-44 Years,2016-08-01,322644
45-54 Years,2016-08-01,241157
55-64 Years,2016-08-01,148963
65 & Over,2016-08-01,82900
Under 15 Years,2016-07-01,237561
15-19 Years,2016-07-01,93056
20-24 Years,2016-07-01,127175
25-34 Years,2016-07-01,317890
35-44 Years,2016-07-01,338811
45-54 Years,2016-07-01,257986
55-64 Years,2016-07-01,159781
65 & Over,2016-07-01,88145
Under 15 Years,2016-06-01,129230
15-19 Years,2016-06-01,52419
20-24 Years,2016-06-01,90968
25-34 Years,2016-06-01,276013
35-44 Years,2016-06-01,260660
45-54 Years,2016-06-01,213720
55-64 Years,2016-06-01,155979
65 & Over,2016-06-01,89797
Under 15 Years,2016-05-01,108185
15-19 Years,2016-05-01,38269
20-24 Years,2016-05-01,86320
25-34 Years,2016-05-01,309987
35-44 Years,2016-05-01,286032
45-54 Years,2016-05-01,239032
55-64 Years,2016-05-01,185338
65 & Over,2016-05-01,102723
Under 15 Years,2016-04-01,112380
15-19 Years,2016-04-01,33387
20-24 Years,2016-04-01,74862
25-34 Years,2016-04-01,308215
35-44 Years,2016-04-01,284831
45-54 Years,2016-04-01,243165
55-64 Years,2016-04-01,203081
65 & Over,2016-04-01,133548
Under 15 Years,2016-03-01,104082
15-19 Years,2016-03-01,35815
20-24 Years,2016-03-01,86912
25-34 Years,2016-03-01,303432
35-44 Years,2016-03-01,275429
45-54 Years,2016-03-01,246542
55-64 Years,2016-03-01,212274
65 & Over,2016-03-01,142111
Under 15 Years,2016-02-01,120253
15-19 Years,2016-02-01,38027
20-24 Years,2016-02-01,94991
25-34 Years,2016-02-01,286860
35-44 Years,2016-02-01,270470
45-54 Years,2016-02-01,226016
55-64 Years,2016-02-01,174408
65 & Over,2016-02-01,124072
Under 15 Years,2016-01-01,132605
15-19 Years,2016-01-01,51593
20-24 Years,2016-01-01,105460
25-34 Years,2016-01-01,293333
35-44 Years,2016-01-01,276822
45-54 Years,2016-01-01,237698
55-64 Years,2016-01-01,185404
65 & Over,2016-01-01,129207
Under 15 Years,2015-12-01,168817
15-19 Years,2015-12-01,70185
20-24 Years,2015-12-01,99027
25-34 Years,2015-12-01,296466
35-44 Years,2015-12-01,267789
45-54 Years,2015-12-01,230968
55-64 Years,2015-12-01,179412
65 & Over,2015-12-01,112314
Under 15 Years,2015-11-01,69576
15-19 Years,2015-11-01,32077
20-24 Years,2015-11-01,75163
25-34 Years,2015-11-01,282137
35-44 Years,2015-11-01,244642
45-54 Years,2015-11-01,215370
55-64 Years,2015-11-01,176824
65 & Over,2015-11-01,108203
Under 15 Years,2015-10-01,90059
15-19 Years,2015-10-01,35151
20-24 Years,2015-10-01,77497
25-34 Years,2015-10-01,303947
35-44 Years,2015-10-01,258373
45-54 Years,2015-10-01,216518
55-64 Years,2015-10-01,168337
65 & Over,2015-10-01,97065
Under 15 Years,2015-09-01,71574
15-19 Years,2015-09-01,26068
20-24 Years,2015-09-01,85772
25-34 Years,2015-09-01,295176
35-44 Years,2015-09-01,235165
45-54 Years,2015-09-01,196220
55-64 Years,2015-09-01,145024
65 & Over,2015-09-01,76977
Under 15 Years,2015-08-01,177320
15-19 Years,2015-08-01,64984
20-24 Years,2015-08-01,116219
25-34 Years,2015-08-01,315165
35-44 Years,2015-08-01,315810
45-54 Years,2015-08-01,230600
55-64 Years,2015-08-01,145104
65 & Over,2015-08-01,79860
Under 15 Years,2015-07-01,219582
15-19 Years,2015-07-01,86622
20-24 Years,2015-07-01,120068
25-34 Years,2015-07-01,305004
35-44 Years,2015-07-01,320949
45-54 Years,2015-07-01,238312
55-64 Years,2015-07-01,148909
65 & Over,2015-07-01,79787
Under 15 Years,2015-06-01,114518
15-19 Years,2015-06-01,50513
20-24 Years,2015-06-01,85015
25-34 Years,2015-06-01,265036
35-44 Years,2015-06-01,248726
45-54 Years,2015-06-01,199935
55-64 Years,2015-06-01,140932
65 & Over,2015-06-01,80072
Under 15 Years,2015-05-01,100766
15-19 Years,2015-05-01,35165
20-24 Years,2015-05-01,80471
25-34 Years,2015-05-01,292179
35-44 Years,2015-05-01,260609
45-54 Years,2015-05-01,208367
55-64 Years,2015-05-01,157075
65 & Over,2015-05-01,88204
Under 15 Years,2015-04-01,110283
15-19 Years,2015-04-01,32748
20-24 Years,2015-04-01,68571
25-34 Years,2015-04-01,275269
35-44 Years,2015-04-01,255878
45-54 Years,2015-04-01,208358
55-64 Years,2015-04-01,159755
65 & Over,2015-04-01,97760
Under 15 Years,2015-03-01,81074
15-19 Years,2015-03-01,32562
20-24 Years,2015-03-01,75694
25-34 Years,2015-03-01,272083
35-44 Years,2015-03-01,246968
45-54 Years,2015-03-01,210969
55-64 Years,2015-03-01,168740
65 & Over,2015-03-01,113558
Under 15 Years,2015-02-01,116407
15-19 Years,2015-02-01,35267
20-24 Years,2015-02-01,83588
25-34 Years,2015-02-01,251059
35-44 Years,2015-02-01,244750
45-54 Years,2015-02-01,193777
55-64 Years,2015-02-01,150901
65 & Over,2015-02-01,113069
Under 15 Years,2015-01-01,108935
15-19 Years,2015-01-01,47226
20-24 Years,2015-01-01,91577
25-34 Years,2015-01-01,270410
35-44 Years,2015-01-01,250470
45-54 Years,2015-01-01,213928
55-64 Years,2015-01-01,162938
65 & Over,2015-01-01,107124
Under 15 Years,2014-12-01,168483
15-19 Years,2014-12-01,67350
20-24 Years,2014-12-01,97897
25-34 Years,2014-12-01,288004
35-44 Years,2014-12-01,267324
45-54 Years,2014-12-01,218257
55-64 Years,2014-12-01,157827
65 & Over,2014-12-01,95399
Under 15 Years,2014-11-01,63512
15-19 Years,2014-11-01,29693
20-24 Years,2014-11-01,73071
25-34 Years,2014-11-01,277952
35-44 Years,2014-11-01,245750
45-54 Years,2014-11-01,207798
55-64 Years,2014-11-01,157573
65 & Over,2014-11-01,88881
Under 15 Years,2014-10-01,95111
15-19 Years,2014-10-01,38128
20-24 Years,2014-10-01,76597
25-34 Years,2014-10-01,294361
35-44 Years,2014-10-01,257139
45-54 Years,2014-10-01,204555
55-64 Years,2014-10-01,151573
65 & Over,2014-10-01,86063
Under 15 Years,2014-09-01,65447
15-19 Years,2014-09-01,24123
20-24 Years,2014-09-01,84021
25-34 Years,2014-09-01,288578
35-44 Years,2014-09-01,236138
45-54 Years,2014-09-01,191424
55-64 Years,2014-09-01,137939
65 & Over,2014-09-01,70956
Under 15 Years,2014-08-01,166000
15-19 Years,2014-08-01,58666
20-24 Years,2014-08-01,109775
25-34 Years,2014-08-01,303440
35-44 Years,2014-08-01,297033
45-54 Years,2014-08-01,221152
55-64 Years,2014-08-01,135709
65 & Over,2014-08-01,71160
Under 15 Years,2014-07-01,198253
15-19 Years,2014-07-01,73859
20-24 Years,2014-07-01,112592
25-34 Years,2014-07-01,288800
35-44 Years,2014-07-01,299358
45-54 Years,2014-07-01,222629
55-64 Years,2014-07-01,138987
65 & Over,2014-07-01,73922
Under 15 Years,2014-06-01,124916
15-19 Years,2014-06-01,52373
20-24 Years,2014-06-01,86220
25-34 Years,2014-06-01,265077
35-44 Years,2014-06-01,257449
45-54 Years,2014-06-01,196756
55-64 Years,2014-06-01,129031
65 & Over,2014-06-01,69600
Under 15 Years,2014-05-01,102705
15-19 Years,2014-05-01,35068
20-24 Years,2014-05-01,81960
25-34 Years,2014-05-01,297250
35-44 Years,2014-05-01,267572
45-54 Years,2014-05-01,205276
55-64 Years,2014-05-01,142940
65 & Over,2014-05-01,75761
Under 15 Years,2014-04-01,118875
15-19 Years,2014-04-01,35496
20-24 Years,2014-04-01,73347
25-34 Years,2014-04-01,286384
35-44 Years,2014-04-01,272028
45-54 Years,2014-04-01,211420
55-64 Years,2014-04-01,154993
65 & Over,2014-04-01,92763
Under 15 Years,2014-03-01,84662
15-19 Years,2014-03-01,31314
20-24 Years,2014-03-01,80844
25-34 Years,2014-03-01,298016
35-44 Years,2014-03-01,267508
45-54 Years,2014-03-01,227701
55-64 Years,2014-03-01,184072
65 & Over,2014-03-01,123434
Under 15 Years,2014-02-01,92866
15-19 Years,2014-02-01,34139
20-24 Years,2014-02-01,91093
25-34 Years,2014-02-01,278601
35-44 Years,2014-02-01,260314
45-54 Years,2014-02-01,215952
55-64 Years,2014-02-01,160593
65 & Over,2014-02-01,104680
Under 15 Years,2014-01-01,143843
15-19 Years,2014-01-01,53487
20-24 Years,2014-01-01,97818
25-34 Years,2014-01-01,289937
35-44 Years,2014-01-01,280977
45-54 Years,2014-01-01,224158
55-64 Years,2014-01-01,155723
65 & Over,2014-01-01,99899
Under 15 Years,2013-12-01,168716
15-19 Years,2013-12-01,68895
20-24 Years,2013-12-01,99581
25-34 Years,2013-12-01,296588
35-44 Years,2013-12-01,271033
45-54 Years,2013-12-01,219490
55-64 Years,2013-12-01,155138
65 & Over,2013-12-01,87961
Under 15 Years,2013-11-01,73478
15-19 Years,2013-11-01,34066
20-24 Years,2013-11-01,77197
25-34 Years,2013-11-01,280643
35-44 Years,2013-11-01,250374
45-54 Years,2013-11-01,213621
55-64 Years,2013-11-01,162989
65 & Over,2013-11-01,91634
Under 15 Years,2013-10-01,93547
15-19 Years,2013-10-01,37485
20-24 Years,2013-10-01,78004
25-34 Years,2013-10-01,288614
35-44 Years,2013-10-01,257748
45-54 Years,2013-10-01,210199
55-64 Years,2013-10-01,153095
65 & Over,2013-10-01,84454
Under 15 Years,2013-09-01,63913
15-19 Years,2013-09-01,24547
20-24 Years,2013-09-01,89118
25-34 Years,2013-09-01,303924
35-44 Years,2013-09-01,245712
45-54 Years,2013-09-01,209160
55-64 Years,2013-09-01,160082
65 & Over,2013-09-01,78158
Under 15 Years,2013-08-01,194289
15-19 Years,2013-08-01,72410
20-24 Years,2013-08-01,117354
25-34 Years,2013-08-01,318155
35-44 Years,2013-08-01,317944
45-54 Years,2013-08-01,238947
55-64 Years,2013-08-01,147777
65 & Over,2013-08-01,74630
Under 15 Years,2013-07-01,183900
15-19 Years,2013-07-01,75622
20-24 Years,2013-07-01,110234
25-34 Years,2013-07-01,292653
35-44 Years,2013-07-01,305558
45-54 Years,2013-07-01,233258
55-64 Years,2013-07-01,143570
65 & Over,2013-07-01,72555
Under 15 Years,2013-06-01,130289
15-19 Years,2013-06-01,50131
20-24 Years,2013-06-01,89065
25-34 Years,2013-06-01,287684
35-44 Years,2013-06-01,275829
45-54 Years,2013-06-01,221595
55-64 Years,2013-06-01,152181
65 & Over,2013-06-01,79822
Under 15 Years,2013-05-01,101019
15-19 Years,2013-05-01,37239
20-24 Years,2013-05-01,79717
25-34 Years,2013-05-01,295530
35-44 Years,2013-05-01,273555
45-54 Years,2013-05-01,226085
55-64 Years,2013-05-01,176333
65 & Over,2013-05-01,96521
Under 15 Years,2013-04-01,98713
15-19 Years,2013-04-01,32431
20-24 Years,2013-04-01,70791
25-34 Years,2013-04-01,283439
35-44 Years,2013-04-01,264480
45-54 Years,2013-04-01,225866
55-64 Years,2013-04-01,187983
65 & Over,2013-04-01,107412
Under 15 Years,2013-03-01,98002
15-19 Years,2013-03-01,37010
20-24 Years,2013-03-01,84020
25-34 Years,2013-03-01,296175
35-44 Years,2013-03-01,275235
45-54 Years,2013-03-01,242220
55-64 Years,2013-03-01,207566
65 & Over,2013-03-01,126495
Under 15 Years,2013-02-01,103164
15-19 Years,2013-02-01,37086
20-24 Years,2013-02-01,87694
25-34 Years,2013-02-01,269516
35-44 Years,2013-02-01,256443
45-54 Years,2013-02-01,211044
55-64 Years,2013-02-01,155939
65 & Over,2013-02-01,98860
Under 15 Years,2013-01-01,111277
15-19 Years,2013-01-01,45862
20-24 Years,2013-01-01,96847
25-34 Years,2013-01-01,288056
35-44 Years,2013-01-01,269001
45-54 Years,2013-01-01,226599
55-64 Years,2013-01-01,159958
65 & Over,2013-01-01,92734
Under 15 Years,2012-12-01,154349
15-19 Years,2012-12-01,63515
20-24 Years,2012-12-01,100716
25-34 Years,2012-12-01,294474
35-44 Years,2012-12-01,271216
45-54 Years,2012-12-01,224531
55-64 Years,2012-12-01,162566
65 & Over,2012-12-01,87115
Under 15 Years,2012-11-01,72070
15-19 Years,2012-11-01,35396
20-24 Years,2012-11-01,80536
25-34 Years,2012-11-01,283180
35-44 Years,2012-11-01,254487
45-54 Years,2012-11-01,220602
55-64 Years,2012-11-01,171920
65 & Over,2012-11-01,91819
Under 15 Years,2012-10-01,81524
15-19 Years,2012-10-01,31440
20-24 Years,2012-10-01,76866
25-34 Years,2012-10-01,286080
35-44 Years,2012-10-01,254893
45-54 Years,2012-10-01,214893
55-64 Years,2012-10-01,161104
65 & Over,2012-10-01,83467
Under 15 Years,2012-09-01,54566
15-19 Years,2012-09-01,23074
20-24 Years,2012-09-01,81004
25-34 Years,2012-09-01,276761
35-44 Years,2012-09-01,228160
45-54 Years,2012-09-01,189326
55-64 Years,2012-09-01,135375
65 & Over,2012-09-01,61938
Under 15 Years,2012-08-01,155823
15-19 Years,2012-08-01,64926
20-24 Years,2012-08-01,103976
25-34 Years,2012-08-01,287528
35-44 Years,2012-08-01,281581
45-54 Years,2012-08-01,217901
55-64 Years,2012-08-01,135029
65 & Over,2012-08-01,65264
Under 15 Years,2012-07-01,152739
15-19 Years,2012-07-01,70137
20-24 Years,2012-07-01,99793
25-34 Years,2012-07-01,272198
35-44 Years,2012-07-01,276377
45-54 Years,2012-07-01,217616
55-64 Years,2012-07-01,131333
65 & Over,2012-07-01,62618
Under 15 Years,2012-06-01,111830
15-19 Years,2012-06-01,48265
20-24 Years,2012-06-01,81911
25-34 Years,2012-06-01,257695
35-44 Years,2012-06-01,248372
45-54 Years,2012-06-01,200776
55-64 Years,2012-06-01,136072
65 & Over,2012-06-01,70841
Under 15 Years,2012-05-01,82524
15-19 Years,2012-05-01,33576
20-24 Years,2012-05-01,74951
25-34 Years,2012-05-01,267939
35-44 Years,2012-05-01,250535
45-54 Years,2012-05-01,203971
55-64 Years,2012-05-01,150496
65 & Over,2012-05-01,79955
Under 15 Years,2012-04-01,94766
15-19 Years,2012-04-01,34900
20-24 Years,2012-04-01,69814
25-34 Years,2012-04-01,271710
35-44 Years,2012-04-01,254828
45-54 Years,2012-04-01,212631
55-64 Years,2012-04-01,165844
65 & Over,2012-04-01,94267
Under 15 Years,2012-03-01,75655
15-19 Years,2012-03-01,31447
20-24 Years,2012-03-01,75010
25-34 Years,2012-03-01,281338
35-44 Years,2012-03-01,257527
45-54 Years,2012-03-01,222706
55-64 Years,2012-03-01,182668
65 & Over,2012-03-01,113867
Under 15 Years,2012-02-01,62105
15-19 Years,2012-02-01,29095
20-24 Years,2012-02-01,85617
25-34 Years,2012-02-01,266657
35-44 Years,2012-02-01,239285
45-54 Years,2012-02-01,204761
55-64 Years,2012-02-01,153810
65 & Over,2012-02-01,90789
Under 15 Years,2012-01-01,121478
15-19 Years,2012-01-01,48926
20-24 Years,2012-01-01,84079
25-34 Years,2012-01-01,258475
35-44 Years,2012-01-01,254054
45-54 Years,2012-01-01,205189
55-64 Years,2012-01-01,140878
65 & Over,2012-01-01,83110
Under 15 Years,2011-12-01,140283
15-19 Years,2011-12-01,60591
20-24 Years,2011-12-01,92406
25-34 Years,2011-12-01,268262
35-44 Years,2011-12-01,247029
45-54 Years,2011-12-01,200570
55-64 Years,2011-12-01,134277
65 & Over,2011-12-01,71094
Under 15 Years,2011-11-01,58451
15-19 Years,2011-11-01,29905
20-24 Years,2011-11-01,68325
25-34 Years,2011-11-01,248649
35-44 Years,2011-11-01,226331
45-54 Years,2011-11-01,188282
55-64 Years,2011-11-01,135188
65 & Over,2011-11-01,70733
Under 15 Years,2011-10-01,73643
15-19 Years,2011-10-01,33370
20-24 Years,2011-10-01,70497
25-34 Years,2011-10-01,256463
35-44 Years,2011-10-01,235857
45-54 Years,2011-10-01,198856
55-64 Years,2011-10-01,143084
65 & Over,2011-10-01,71199
Under 15 Years,2011-09-01,65427
15-19 Years,2011-09-01,26520
20-24 Years,2011-09-01,77793
25-34 Years,2011-09-01,264880
35-44 Years,2011-09-01,224223
45-54 Years,2011-09-01,185561
55-64 Years,2011-09-01,128604
65 & Over,2011-09-01,58584
Under 15 Years,2011-08-01,132744
15-19 Years,2011-08-01,54015
20-24 Years,2011-08-01,92871
25-34 Years,2011-08-01,262087
35-44 Years,2011-08-01,258266
45-54 Years,2011-08-01,197846
55-64 Years,2011-08-01,119853
65 & Over,2011-08-01,58375
Under 15 Years,2011-07-01,153479
15-19 Years,2011-07-01,68919
20-24 Years,2011-07-01,98949
25-34 Years,2011-07-01,268765
35-44 Years,2011-07-01,276060
45-54 Years,2011-07-01,216850
55-64 Years,2011-07-01,127939
65 & Over,2011-07-01,60193
Under 15 Years,2011-06-01,109017
15-19 Years,2011-06-01,44949
20-24 Years,2011-06-01,73709
25-34 Years,2011-06-01,242729
35-44 Years,2011-06-01,238199
45-54 Years,2011-06-01,186784
55-64 Years,2011-06-01,120988
65 & Over,2011-06-01,61555
Under 15 Years,2011-05-01,78644
15-19 Years,2011-05-01,32301
20-24 Years,2011-05-01,66713
25-34 Years,2011-05-01,245391
35-44 Years,2011-05-01,237352
45-54 Years,2011-05-01,190996
55-64 Years,2011-05-01,133128
65 & Over,2011-05-01,67245
Under 15 Years,2011-04-01,96914
15-19 Years,2011-04-01,34485
20-24 Years,2011-04-01,63711
25-34 Years,2011-04-01,245797
35-44 Years,2011-04-01,239910
45-54 Years,2011-04-01,196726
55-64 Years,2011-04-01,144455
65 & Over,2011-04-01,79175
Under 15 Years,2011-03-01,63209
15-19 Years,2011-03-01,26769
20-24 Years,2011-03-01,66747
25-34 Years,2011-03-01,242407
35-44 Years,2011-03-01,227915
45-54 Years,2011-03-01,193280
55-64 Years,2011-03-01,154177
65 & Over,2011-03-01,95021
Under 15 Years,2011-02-01,70734
15-19 Years,2011-02-01,30195
20-24 Years,2011-02-01,69573
25-34 Years,2011-02-01,224307
35-44 Years,2011-02-01,215119
45-54 Years,2011-02-01,177824
55-64 Years,2011-02-01,127659
65 & Over,2011-02-01,72581
Under 15 Years,2011-01-01,88703
15-19 Years,2011-01-01,38282
20-24 Years,2011-01-01,74506
25-34 Years,2011-01-01,234491
35-44 Years,2011-01-01,229438
45-54 Years,2011-01-01,186833
55-64 Years,2011-01-01,128853
65 & Over,2011-01-01,72837
Under 15 Years,2010-12-01,133186
15-19 Years,2010-12-01,55429
20-24 Years,2010-12-01,83600
25-34 Years,2010-12-01,240016
35-44 Years,2010-12-01,231190
45-54 Years,2010-12-01,189657
55-64 Years,2010-12-01,126060
65 & Over,2010-12-01,66638
Under 15 Years,2010-11-01,56240
15-19 Years,2010-11-01,27260
20-24 Years,2010-11-01,63027
25-34 Years,2010-11-01,225533
35-44 Years,2010-11-01,213696
45-54 Years,2010-11-01,180168
55-64 Years,2010-11-01,129839
65 & Over,2010-11-01,66758
Under 15 Years,2010-10-01,64650
15-19 Years,2010-10-01,26936
20-24 Years,2010-10-01,63602
25-34 Years,2010-10-01,233885
35-44 Years,2010-10-01,218466
45-54 Years,2010-10-01,180431
55-64 Years,2010-10-01,126901
65 & Over,2010-10-01,62171
Under 15 Years,2010-09-01,75780
15-19 Years,2010-09-01,28618
20-24 Years,2010-09-01,69641
25-34 Years,2010-09-01,230205
35-44 Years,2010-09-01,204048
45-54 Years,2010-09-01,169830
55-64 Years,2010-09-01,114764
65 & Over,2010-09-01,52893
Under 15 Years,2010-08-01,93130
15-19 Years,2010-08-01,44605
20-24 Years,2010-08-01,79045
25-34 Years,2010-08-01,225989
35-44 Years,2010-08-01,220936
45-54 Years,2010-08-01,175718
55-64 Years,2010-08-01,104654
65 & Over,2010-08-01,50772
Under 15 Years,2010-07-01,128663
15-19 Years,2010-07-01,57065
20-24 Years,2010-07-01,84146
25-34 Years,2010-07-01,230664
35-44 Years,2010-07-01,235538
45-54 Years,2010-07-01,190028
55-64 Years,2010-07-01,113066
65 & Over,2010-07-01,53593
Under 15 Years,2010-06-01,95854
15-19 Years,2010-06-01,38945
20-24 Years,2010-06-01,65082
25-34 Years,2010-06-01,210797
35-44 Years,2010-06-01,211982
45-54 Years,2010-06-01,165639
55-64 Years,2010-06-01,106037
65 & Over,2010-06-01,54462
Under 15 Years,2010-05-01,69810
15-19 Years,2010-05-01,28673
20-24 Years,2010-05-01,61959
25-34 Years,2010-05-01,224168
35-44 Years,2010-05-01,215732
45-54 Years,2010-05-01,171445
55-64 Years,2010-05-01,115531
65 & Over,2010-05-01,57060
Under 15 Years,2010-04-01,70404
15-19 Years,2010-04-01,26416
20-24 Years,2010-04-01,55605
25-34 Years,2010-04-01,215334
35-44 Years,2010-04-01,209375
45-54 Years,2010-04-01,171377
55-64 Years,2010-04-01,122394
65 & Over,2010-04-01,65671
Under 15 Years,2010-03-01,54093
15-19 Years,2010-03-01,23263
20-24 Years,2010-03-01,60207
25-34 Years,2010-03-01,210247
35-44 Years,2010-03-01,200928
45-54 Years,2010-03-01,170120
55-64 Years,2010-03-01,129811
65 & Over,2010-03-01,77627
Under 15 Years,2010-02-01,64018
15-19 Years,2010-02-01,26685
20-24 Years,2010-02-01,61865
25-34 Years,2010-02-01,191112
35-44 Years,2010-02-01,183764
45-54 Years,2010-02-01,151853
55-64 Years,2010-02-01,109704
65 & Over,2010-02-01,66199
Under 15 Years,2010-01-01,64508
15-19 Years,2010-01-01,28575
20-24 Years,2010-01-01,65892
25-34 Years,2010-01-01,207351
35-44 Years,2010-01-01,193140
45-54 Years,2010-01-01,166527
55-64 Years,2010-01-01,117187
65 & Over,2010-01-01,63062
Under 15 Years,2009-12-01,108205
15-19 Years,2009-12-01,47016
20-24 Years,2009-12-01,76892
25-34 Years,2009-12-01,213822
35-44 Years,2009-12-01,195561
45-54 Years,2009-12-01,162269
55-64 Years,2009-12-01,108380
65 & Over,2009-12-01,58193
Under 15 Years,2009-11-01,40857
15-19 Years,2009-11-01,21660
20-24 Years,2009-11-01,57218
25-34 Years,2009-11-01,198024
35-44 Years,2009-11-01,180012
45-54 Years,2009-11-01,155438
55-64 Years,2009-11-01,113552
65 & Over,2009-11-01,61845
Under 15 Years,2009-10-01,51583
15-19 Years,2009-10-01,23023
20-24 Years,2009-10-01,56676
25-34 Years,2009-10-01,206237
35-44 Years,2009-10-01,185544
45-54 Years,2009-10-01,155462
55-64 Years,2009-10-01,108512
65 & Over,2009-10-01,56213
Under 15 Years,2009-09-01,57192
15-19 Years,2009-09-01,23029
20-24 Years,2009-09-01,62629
25-34 Years,2009-09-01,200133
35-44 Years,2009-09-01,172805
45-54 Years,2009-09-01,142636
55-64 Years,2009-09-01,95143
65 & Over,2009-09-01,44157
Under 15 Years,2009-08-01,72299
15-19 Years,2009-08-01,32554
20-24 Years,2009-08-01,70810
25-34 Years,2009-08-01,200101
35-44 Years,2009-08-01,185955
45-54 Years,2009-08-01,150044
55-64 Years,2009-08-01,90065
65 & Over,2009-08-01,40924
Under 15 Years,2009-07-01,90249
15-19 Years,2009-07-01,43909
20-24 Years,2009-07-01,74385
25-34 Years,2009-07-01,196127
35-44 Years,2009-07-01,189019
45-54 Years,2009-07-01,153932
55-64 Years,2009-07-01,91565
65 & Over,2009-07-01,40733
Under 15 Years,2009-06-01,67929
15-19 Years,2009-06-01,29648
20-24 Years,2009-06-01,57829
25-34 Years,2009-06-01,174049
35-44 Years,2009-06-01,166539
45-54 Years,2009-06-01,131257
55-64 Years,2009-06-01,81756
65 & Over,2009-06-01,39837
Under 15 Years,2009-05-01,49382
15-19 Years,2009-05-01,19041
20-24 Years,2009-05-01,50387
25-34 Years,2009-05-01,178883
35-44 Years,2009-05-01,161860
45-54 Years,2009-05-01,129766
55-64 Years,2009-05-01,89554
65 & Over,2009-05-01,46010
Under 15 Years,2009-04-01,59748
15-19 Years,2009-04-01,22315
20-24 Years,2009-04-01,48774
25-34 Years,2009-04-01,176697
35-44 Years,2009-04-01,167238
45-54 Years,2009-04-01,142192
55-64 Years,2009-04-01,103085
65 & Over,2009-04-01,57310
Under 15 Years,2009-03-01,41522
15-19 Years,2009-03-01,19862
20-24 Years,2009-03-01,51922
25-34 Years,2009-03-01,178191
35-44 Years,2009-03-01,166112
45-54 Years,2009-03-01,143657
55-64 Years,2009-03-01,114318
65 & Over,2009-03-01,73873
Under 15 Years,2009-02-01,32558
15-19 Years,2009-02-01,17887
20-24 Years,2009-02-01,54288
25-34 Years,2009-02-01,161808
35-44 Years,2009-02-01,148619
45-54 Years,2009-02-01,126074
55-64 Years,2009-02-01,93857
65 & Over,2009-02-01,53233
Under 15 Years,2009-01-01,67172
15-19 Years,2009-01-01,31846
20-24 Years,2009-01-01,56822
25-34 Years,2009-01-01,172572
35-44 Years,2009-01-01,165525
45-54 Years,2009-01-01,134330
55-64 Years,2009-01-01,90860
65 & Over,2009-01-01,51349
Under 15 Years,2008-12-01,91341
15-19 Years,2008-12-01,46368
20-24 Years,2008-12-01,75030
25-34 Years,2008-12-01,203587
35-44 Years,2008-12-01,179469
45-54 Years,2008-12-01,146325
55-64 Years,2008-12-01,94665
65 & Over,2008-12-01,49678
Under 15 Years,2008-11-01,34998
15-19 Years,2008-11-01,25954
20-24 Years,2008-11-01,54097
25-34 Years,2008-11-01,185178
35-44 Years,2008-11-01,171094
45-54 Years,2008-11-01,141820
55-64 Years,2008-11-01,98974
65 & Over,2008-11-01,51580
Under 15 Years,2008-10-01,57802
15-19 Years,2008-10-01,31181
20-24 Years,2008-10-01,58077
25-34 Years,2008-10-01,202118
35-44 Years,2008-10-01,187458
45-54 Years,2008-10-01,154123
55-64 Years,2008-10-01,104824
65 & Over,2008-10-01,52177
Under 15 Years,2008-09-01,41785
15-19 Years,2008-09-01,19413
20-24 Years,2008-09-01,61250
25-34 Years,2008-09-01,194776
35-44 Years,2008-09-01,169643
45-54 Years,2008-09-01,131646
55-64 Years,2008-09-01,86060
65 & Over,2008-09-01,39821
Under 15 Years,2008-08-01,74194
15-19 Years,2008-08-01,34974
20-24 Years,2008-08-01,72037
25-34 Years,2008-08-01,203437
35-44 Years,2008-08-01,192567
45-54 Years,2008-08-01,148752
55-64 Years,2008-08-01,85315
65 & Over,2008-08-01,36870
Under 15 Years,2008-07-01,96209
15-19 Years,2008-07-01,48543
20-24 Years,2008-07-01,79156
25-34 Years,2008-07-01,206152
35-44 Years,2008-07-01,201967
45-54 Years,2008-07-01,157975
55-64 Years,2008-07-01,89684
65 & Over,2008-07-01,40952
Under 15 Years,2008-06-01,67356
15-19 Years,2008-06-01,32644
20-24 Years,2008-06-01,63928
25-34 Years,2008-06-01,193851
35-44 Years,2008-06-01,185065
45-54 Years,2008-06-01,144582
55-64 Years,2008-06-01,89878
65 & Over,2008-06-01,43717
Under 15 Years,2008-05-01,54648
15-19 Years,2008-05-01,22357
20-24 Years,2008-05-01,57002
25-34 Years,2008-05-01,199571
35-44 Years,2008-05-01,192780
45-54 Years,2008-05-01,153796
55-64 Years,2008-05-01,101502
65 & Over,2008-05-01,49991
Under 15 Years,2008-04-01,49330
15-19 Years,2008-04-01,19998
20-24 Years,2008-04-01,51674
25-34 Years,2008-04-01,194517
35-44 Years,2008-04-01,192085
45-54 Years,2008-04-01,157544
55-64 Years,2008-04-01,106607
65 & Over,2008-04-01,55842
Under 15 Years,2008-03-01,55635
15-19 Years,2008-03-01,23576
20-24 Years,2008-03-01,61040
25-34 Years,2008-03-01,207814
35-44 Years,2008-03-01,199868
45-54 Years,2008-03-01,166022
55-64 Years,2008-03-01,121051
65 & Over,2008-03-01,73515
Under 15 Years,2008-02-01,51348
15-19 Years,2008-02-01,23820
20-24 Years,2008-02-01,60680
25-34 Years,2008-02-01,186124
35-44 Years,2008-02-01,181599
45-54 Years,2008-02-01,147720
55-64 Years,2008-02-01,101764
65 & Over,2008-02-01,57564
Under 15 Years,2008-01-01,62049
15-19 Years,2008-01-01,32399
20-24 Years,2008-01-01,64999
25-34 Years,2008-01-01,200758
35-44 Years,2008-01-01,197797
45-54 Years,2008-01-01,161366
55-64 Years,2008-01-01,105838
65 & Over,2008-01-01,57795
