gender,year_month,no_of_visitors
Males,2025-01-01,774915
Females,2025-01-01,858412
Males,2024-12-01,671068
Females,2024-12-01,719426
Males,2024-11-01,625593
Females,2024-11-01,609010
Males,2024-10-01,650032
Females,2024-10-01,664347
Males,2024-09-01,643863
Females,2024-09-01,626723
Males,2024-08-01,737572
Females,2024-08-01,802168
Males,2024-07-01,760898
Females,2024-07-01,841569
Males,2024-06-01,603112
Females,2024-06-01,646958
Males,2024-05-01,628754
Females,2024-05-01,648180
Males,2024-04-01,650631
Females,2024-04-01,692587
Males,2024-03-01,680108
Females,2024-03-01,784665
Males,2024-02-01,683302
Females,2024-02-01,734394
Males,2024-01-01,677562
Females,2024-01-01,742306
Males,2023-12-01,598523
Females,2023-12-01,632992
Males,2023-11-01,556610
Females,2023-11-01,543828
Males,2023-10-01,563225
Females,2023-10-01,562723
Males,2023-09-01,576699
Females,2023-09-01,554054
Males,2023-08-01,634882
Females,2023-08-01,677793
Males,2023-07-01,681780
Females,2023-07-01,737855
Males,2023-06-01,548258
Females,2023-06-01,581045
Males,2023-05-01,545031
Females,2023-05-01,567474
Males,2023-04-01,556456
Females,2023-04-01,572144
Males,2023-03-01,515067
Females,2023-03-01,505964
Males,2023-02-01,483745
Females,2023-02-01,474086
Males,2023-01-01,464508
Females,2023-01-01,467297
Males,2022-12-01,457823
Females,2022-12-01,473507
Males,2022-11-01,428447
Females,2022-11-01,387885
Males,2022-10-01,423112
Females,2022-10-01,393712
Males,2022-09-01,419664
Females,2022-09-01,362542
Males,2022-08-01,375963
Females,2022-08-01,352779
Males,2022-07-01,371596
Females,2022-07-01,355136
Males,2022-06-01,280284
Females,2022-06-01,263439
Males,2022-05-01,223467
Females,2022-05-01,194989
Males,2022-04-01,160563
Females,2022-04-01,134525
Males,2022-03-01,73672
Females,2022-03-01,47532
Males,2022-02-01,40068
Females,2022-02-01,27679
Males,2022-01-01,32605
Females,2022-01-01,24546
Males,2021-12-01,54718
Females,2021-12-01,38070
Males,2021-11-01,24371
Females,2021-11-01,16804
Males,2021-10-01,14698
Females,2021-10-01,9307
Males,2021-09-01,11615
Females,2021-09-01,7392
Males,2021-08-01,8816
Females,2021-08-01,7071
Males,2021-07-01,10440
Females,2021-07-01,8077
Males,2021-06-01,5801
Females,2021-06-01,4228
Males,2021-05-01,7306
Females,2021-05-01,6884
Males,2021-04-01,14629
Females,2021-04-01,11108
Males,2021-03-01,16400
Females,2021-03-01,10802
Males,2021-02-01,10399
Females,2021-02-01,7742
Males,2021-01-01,12564
Females,2021-01-01,10802
Males,2020-12-01,11051
Females,2020-12-01,13119
Males,2020-11-01,6846
Females,2020-11-01,7903
Males,2020-10-01,6349
Females,2020-10-01,7050
Males,2020-09-01,4776
Females,2020-09-01,4724
Males,2020-08-01,4503
Females,2020-08-01,4409
Males,2020-07-01,3560
Females,2020-07-01,3283
Males,2020-06-01,1160
Females,2020-06-01,1011
Males,2020-05-01,724
Females,2020-05-01,156
Males,2020-04-01,548
Females,2020-04-01,202
Males,2020-03-01,127278
Females,2020-03-01,112723
Males,2020-02-01,379392
Females,2020-02-01,353574
Males,2020-01-01,823061
Females,2020-01-01,865041
Males,2019-12-01,832900
Females,2019-12-01,892061
Males,2019-11-01,771855
Females,2019-11-01,761813
Males,2019-10-01,752944
Females,2019-10-01,777535
Males,2019-09-01,736666
Females,2019-09-01,726877
Males,2019-08-01,829257
Females,2019-08-01,906845
Males,2019-07-01,872671
Females,2019-07-01,929922
Males,2019-06-01,753322
Females,2019-06-01,798525
Males,2019-05-01,723317
Females,2019-05-01,764474
Males,2019-04-01,774028
Females,2019-04-01,822696
Males,2019-03-01,769428
Females,2019-03-01,795236
Males,2019-02-01,738732
Females,2019-02-01,760319
Males,2019-01-01,800329
Females,2019-01-01,824264
Males,2018-12-01,777836
Females,2018-12-01,825381
Males,2018-11-01,715186
Females,2018-11-01,691799
Males,2018-10-01,735013
Females,2018-10-01,732367
Males,2018-09-01,721203
Females,2018-09-01,693946
Males,2018-08-01,812949
Females,2018-08-01,870173
Males,2018-07-01,845855
Females,2018-07-01,887041
Males,2018-06-01,756632
Females,2018-06-01,788047
Males,2018-05-01,719953
Females,2018-05-01,750938
Males,2018-04-01,763068
Females,2018-04-01,781180
Males,2018-03-01,784489
Females,2018-03-01,799917
Males,2018-02-01,740574
Females,2018-02-01,751396
Males,2018-01-01,775801
Females,2018-01-01,787558
Males,2017-12-01,761379
Females,2017-12-01,808237
Males,2017-11-01,706149
Females,2017-11-01,691181
Males,2017-10-01,700527
Females,2017-10-01,701772
Males,2017-09-01,665902
Females,2017-09-01,654148
Males,2017-08-01,755946
Females,2017-08-01,803337
Males,2017-07-01,798034
Females,2017-07-01,834101
Males,2017-06-01,681394
Females,2017-06-01,706207
Males,2017-05-01,686146
Females,2017-05-01,677751
Males,2017-04-01,724181
Females,2017-04-01,746569
Males,2017-03-01,740238
Females,2017-03-01,739923
Males,2017-02-01,679253
Females,2017-02-01,681757
Males,2017-01-01,736850
Females,2017-01-01,743629
Males,2016-12-01,737790
Females,2016-12-01,768344
Males,2016-11-01,641202
Females,2016-11-01,594230
Males,2016-10-01,639419
Females,2016-10-01,598255
Males,2016-09-01,597128
Females,2016-09-01,546935
Males,2016-08-01,730528
Females,2016-08-01,751348
Males,2016-07-01,793433
Females,2016-07-01,828972
Males,2016-06-01,629918
Females,2016-06-01,640612
Males,2016-05-01,688271
Females,2016-05-01,669272
Males,2016-04-01,700832
Females,2016-04-01,693140
Males,2016-03-01,710528
Females,2016-03-01,696076
Males,2016-02-01,674006
Females,2016-02-01,661091
Males,2016-01-01,714543
Females,2016-01-01,697579
Males,2015-12-01,709381
Females,2015-12-01,715595
Males,2015-11-01,634001
Females,2015-11-01,569989
Males,2015-10-01,653060
Females,2015-10-01,593887
Males,2015-09-01,594245
Females,2015-09-01,537730
Males,2015-08-01,721691
Females,2015-08-01,723371
Males,2015-07-01,755224
Females,2015-07-01,764009
Males,2015-06-01,616339
Females,2015-06-01,568407
Males,2015-05-01,633551
Females,2015-05-01,589284
Males,2015-04-01,623986
Females,2015-04-01,584636
Males,2015-03-01,640840
Females,2015-03-01,560805
Males,2015-02-01,607141
Females,2015-02-01,581677
Males,2015-01-01,652300
Females,2015-01-01,600306
Males,2014-12-01,689723
Females,2014-12-01,670815
Males,2014-11-01,618137
Females,2014-11-01,526090
Males,2014-10-01,631458
Females,2014-10-01,572069
Males,2014-09-01,592472
Females,2014-09-01,506151
Males,2014-08-01,697415
Females,2014-08-01,665517
Males,2014-07-01,710614
Females,2014-07-01,697781
Males,2014-06-01,622431
Females,2014-06-01,558989
Males,2014-05-01,631907
Females,2014-05-01,576624
Males,2014-04-01,652417
Females,2014-04-01,592889
Males,2014-03-01,679459
Females,2014-03-01,618092
Males,2014-02-01,650550
Females,2014-02-01,587689
Males,2014-01-01,696300
Females,2014-01-01,649542
Males,2013-12-01,698285
Females,2013-12-01,669119
Males,2013-11-01,634990
Females,2013-11-01,549012
Males,2013-10-01,638692
Females,2013-10-01,565020
Males,2013-09-01,626712
Females,2013-09-01,549348
Males,2013-08-01,747592
Females,2013-08-01,735814
Males,2013-07-01,725630
Females,2013-07-01,693924
Males,2013-06-01,672466
Females,2013-06-01,616059
Males,2013-05-01,667974
Females,2013-05-01,619497
Males,2013-04-01,662096
Females,2013-04-01,611040
Males,2013-03-01,715279
Females,2013-03-01,652561
Males,2013-02-01,633301
Females,2013-02-01,586968
Males,2013-01-01,681803
Females,2013-01-01,609769
Males,2012-12-01,697079
Females,2012-12-01,663344
Males,2012-11-01,649004
Females,2012-11-01,562908
Males,2012-10-01,637353
Females,2012-10-01,555053
Males,2012-09-01,575995
Females,2012-09-01,475264
Males,2012-08-01,667449
Females,2012-08-01,645975
Males,2012-07-01,663541
Females,2012-07-01,619358
Males,2012-06-01,592137
Females,2012-06-01,522268
Males,2012-05-01,581905
Females,2012-05-01,510969
Males,2012-04-01,599781
Females,2012-04-01,545695
Males,2012-03-01,626009
Females,2012-03-01,556197
Males,2012-02-01,584219
Females,2012-02-01,498084
Males,2012-01-01,596901
Females,2012-01-01,549860
Males,2011-12-01,605532
Females,2011-12-01,559845
Males,2011-11-01,544357
Females,2011-11-01,442463
Males,2011-10-01,561283
Females,2011-10-01,479971
Males,2011-09-01,541368
Females,2011-09-01,451004
Males,2011-08-01,583067
Females,2011-08-01,548759
Males,2011-07-01,630411
Females,2011-07-01,592837
Males,2011-06-01,555336
Females,2011-06-01,483537
Males,2011-05-01,550154
Females,2011-05-01,467595
Males,2011-04-01,559379
Females,2011-04-01,504643
Males,2011-03-01,557628
Females,2011-03-01,475032
Males,2011-02-01,511367
Females,2011-02-01,444254
Males,2011-01-01,544026
Females,2011-01-01,470081
Males,2010-12-01,558839
Females,2010-12-01,513023
Males,2010-11-01,508957
Females,2010-11-01,412570
Males,2010-10-01,517606
Females,2010-10-01,423450
Males,2010-09-01,498514
Females,2010-09-01,408698
Males,2010-08-01,511945
Females,2010-08-01,448620
Males,2010-07-01,551436
Females,2010-07-01,499723
Males,2010-06-01,499518
Females,2010-06-01,419704
Males,2010-05-01,494422
Females,2010-05-01,416396
Males,2010-04-01,485213
Females,2010-04-01,413385
Males,2010-03-01,488124
Females,2010-03-01,399250
Males,2010-02-01,441164
Females,2010-02-01,380690
Males,2010-01-01,473341
Females,2010-01-01,395495
Males,2009-12-01,484106
Females,2009-12-01,441056
Males,2009-11-01,444569
Females,2009-11-01,350101
Males,2009-10-01,449502
Females,2009-10-01,361118
Males,2009-09-01,423427
Females,2009-09-01,342901
Males,2009-08-01,438283
Females,2009-08-01,377336
Males,2009-07-01,458927
Females,2009-07-01,394749
Males,2009-06-01,403955
Females,2009-06-01,321821
Males,2009-05-01,387605
Females,2009-05-01,311551
Males,2009-04-01,403963
Females,2009-04-01,344593
Males,2009-03-01,416921
Females,2009-03-01,343014
Males,2009-02-01,371497
Females,2009-02-01,288864
Males,2009-01-01,398390
Females,2009-01-01,338613
Males,2008-12-01,449520
Females,2008-12-01,392608
Males,2008-11-01,417044
Females,2008-11-01,309320
Males,2008-10-01,454584
Females,2008-10-01,352764
Males,2008-09-01,409758
Females,2008-09-01,300237
Males,2008-08-01,448387
Females,2008-08-01,362814
Males,2008-07-01,483300
Females,2008-07-01,397249
Males,2008-06-01,444397
Females,2008-06-01,338901
Males,2008-05-01,449229
Females,2008-05-01,339988
Males,2008-04-01,445014
Females,2008-04-01,337205
Males,2008-03-01,473780
Females,2008-03-01,375731
Males,2008-02-01,427013
Females,2008-02-01,335176
Males,2008-01-01,472297
Females,2008-01-01,366846
Females,2025-01-01,858412
Females,2024-12-01,719426
Females,2024-11-01,609010
Females,2024-10-01,664347
Females,2024-09-01,626723
Females,2024-08-01,802168
Females,2024-07-01,841569
Females,2024-06-01,646958
Females,2024-05-01,648180
Females,2024-04-01,692587
Females,2024-03-01,784665
Females,2024-02-01,734394
Females,2024-01-01,742306
Females,2023-12-01,632992
Females,2023-11-01,543828
Females,2023-10-01,562723
Females,2023-09-01,554054
Females,2023-08-01,677793
Females,2023-07-01,737855
Females,2023-06-01,581045
Females,2023-05-01,567474
Females,2023-04-01,572144
Females,2023-03-01,505964
Females,2023-02-01,474086
Females,2023-01-01,467297
Females,2022-12-01,473507
Females,2022-11-01,387885
Females,2022-10-01,393712
Females,2022-09-01,362542
Females,2022-08-01,352779
Females,2022-07-01,355136
Females,2022-06-01,263439
Females,2022-05-01,194989
Females,2022-04-01,134525
Females,2022-03-01,47532
Females,2022-02-01,27679
Females,2022-01-01,24546
Females,2021-12-01,38070
Females,2021-11-01,16804
Females,2021-10-01,9307
Females,2021-09-01,7392
Females,2021-08-01,7071
Females,2021-07-01,8077
Females,2021-06-01,4228
Females,2021-05-01,6884
Females,2021-04-01,11108
Females,2021-03-01,10802
Females,2021-02-01,7742
Females,2021-01-01,10802
Females,2020-12-01,13119
Females,2020-11-01,7903
Females,2020-10-01,7050
Females,2020-09-01,4724
Females,2020-08-01,4409
Females,2020-07-01,3283
Females,2020-06-01,1011
Females,2020-05-01,156
Females,2020-04-01,202
Females,2020-03-01,112723
Females,2020-02-01,353574
Females,2020-01-01,865041
Females,2019-12-01,892061
Females,2019-11-01,761813
Females,2019-10-01,777535
Females,2019-09-01,726877
Females,2019-08-01,906845
Females,2019-07-01,929922
Females,2019-06-01,798525
Females,2019-05-01,764474
Females,2019-04-01,822696
Females,2019-03-01,795236
Females,2019-02-01,760319
Females,2019-01-01,824264
Females,2018-12-01,825381
Females,2018-11-01,691799
Females,2018-10-01,732367
Females,2018-09-01,693946
Females,2018-08-01,870173
Females,2018-07-01,887041
Females,2018-06-01,788047
Females,2018-05-01,750938
Females,2018-04-01,781180
Females,2018-03-01,799917
Females,2018-02-01,751396
Females,2018-01-01,787558
Females,2017-12-01,808237
Females,2017-11-01,691181
Females,2017-10-01,701772
Females,2017-09-01,654148
Females,2017-08-01,803337
Females,2017-07-01,834101
Females,2017-06-01,706207
Females,2017-05-01,677751
Females,2017-04-01,746569
Females,2017-03-01,739923
Females,2017-02-01,681757
Females,2017-01-01,743629
Females,2016-12-01,768344
Females,2016-11-01,594230
Females,2016-10-01,598255
Females,2016-09-01,546935
Females,2016-08-01,751348
Females,2016-07-01,828972
Females,2016-06-01,640612
Females,2016-05-01,669272
Females,2016-04-01,693140
Females,2016-03-01,696076
Females,2016-02-01,661091
Females,2016-01-01,697579
Females,2015-12-01,715595
Females,2015-11-01,569989
Females,2015-10-01,593887
Females,2015-09-01,537730
Females,2015-08-01,723371
Females,2015-07-01,764009
Females,2015-06-01,568407
Females,2015-05-01,589284
Females,2015-04-01,584636
Females,2015-03-01,560805
Females,2015-02-01,581677
Females,2015-01-01,600306
Females,2014-12-01,670815
Females,2014-11-01,526090
Females,2014-10-01,572069
Females,2014-09-01,506151
Females,2014-08-01,665517
Females,2014-07-01,697781
Females,2014-06-01,558989
Females,2014-05-01,576624
Females,2014-04-01,592889
Females,2014-03-01,618092
Females,2014-02-01,587689
Females,2014-01-01,649542
Females,2013-12-01,669119
Females,2013-11-01,549012
Females,2013-10-01,565020
Females,2013-09-01,549348
Females,2013-08-01,735814
Females,2013-07-01,693924
Females,2013-06-01,616059
Females,2013-05-01,619497
Females,2013-04-01,611040
Females,2013-03-01,652561
Females,2013-02-01,586968
Females,2013-01-01,609769
Females,2012-12-01,663344
Females,2012-11-01,562908
Females,2012-10-01,555053
Females,2012-09-01,475264
Females,2012-08-01,645975
Females,2012-07-01,619358
Females,2012-06-01,522268
Females,2012-05-01,510969
Females,2012-04-01,545695
Females,2012-03-01,556197
Females,2012-02-01,498084
Females,2012-01-01,549860
Females,2011-12-01,559845
Females,2011-11-01,442463
Females,2011-10-01,479971
Females,2011-09-01,451004
Females,2011-08-01,548759
Females,2011-07-01,592837
Females,2011-06-01,483537
Females,2011-05-01,467595
Females,2011-04-01,504643
Females,2011-03-01,475032
Females,2011-02-01,444254
Females,2011-01-01,470081
Females,2010-12-01,513023
Females,2010-11-01,412570
Females,2010-10-01,423450
Females,2010-09-01,408698
Females,2010-08-01,448620
Females,2010-07-01,499723
Females,2010-06-01,419704
Females,2010-05-01,416396
Females,2010-04-01,413385
Females,2010-03-01,399250
Females,2010-02-01,380690
Females,2010-01-01,395495
Females,2009-12-01,441056
Females,2009-11-01,350101
Females,2009-10-01,361118
Females,2009-09-01,342901
Females,2009-08-01,377336
Females,2009-07-01,394749
Females,2009-06-01,321821
Females,2009-05-01,311551
Females,2009-04-01,344593
Females,2009-03-01,343014
Females,2009-02-01,288864
Females,2009-01-01,338613
Females,2008-12-01,392608
Females,2008-11-01,309320
Females,2008-10-01,352764
Females,2008-09-01,300237
Females,2008-08-01,362814
Females,2008-07-01,397249
Females,2008-06-01,338901
Females,2008-05-01,339988
Females,2008-04-01,337205
Females,2008-03-01,375731
Females,2008-02-01,335176
Females,2008-01-01,366846
