date,station_id,station_name,latitude,longitude,windspeed
2017-01-06,S60,Sentosa,1.25,103.8279,2.79
2017-01-07,S60,Sentosa,1.25,103.8279,3.64
2017-01-08,S60,Sentosa,1.25,103.8279,3.52
2017-01-09,S60,Sentosa,1.25,103.8279,2.16
2017-01-10,S60,Sentosa,1.25,103.8279,2.1
2017-01-11,S60,Sentosa,1.25,103.8279,2.44
2017-01-12,S60,Sentosa,1.25,103.8279,2.2
2017-01-13,S60,Sentosa,1.25,103.8279,1.79
2017-01-14,S60,Sentosa,1.25,103.8279,2.68
2017-01-15,S60,Sentosa,1.25,103.8279,1.69
2017-01-16,S60,Sentosa,1.25,103.8279,1.85
2017-01-18,S60,Sentosa,1.25,103.8279,2.87
2017-01-19,S60,Sentosa,1.25,103.8279,3.19
2017-01-22,S60,Sentosa,1.25,103.8279,3.17
2017-01-25,S60,Sentosa,1.25,103.8279,2.4
2017-08-31,S60,Sentosa,1.25,103.8279,6.03
2017-09-01,S60,Sentosa,1.25,103.8279,5.77
2017-09-02,S60,Sentosa,1.25,103.8279,6.01
2017-09-03,S60,Sentosa,1.25,103.8279,4.46
2017-09-04,S60,Sentosa,1.25,103.8279,2.2
2017-09-05,S60,Sentosa,1.25,103.8279,2.22
2017-09-06,S60,Sentosa,1.25,103.8279,1.48
2017-09-07,S60,Sentosa,1.25,103.8279,4.08
2017-09-08,S60,Sentosa,1.25,103.8279,2.83
2017-09-09,S60,Sentosa,1.25,103.8279,1.56
2017-09-10,S60,Sentosa,1.25,103.8279,2.79
2017-09-11,S60,Sentosa,1.25,103.8279,2.49
2017-09-12,S60,Sentosa,1.25,103.8279,3.16
2017-09-13,S60,Sentosa,1.25,103.8279,4.65
2017-09-14,S60,Sentosa,1.25,103.8279,1.58
2017-09-15,S60,Sentosa,1.25,103.8279,1.76
2017-09-16,S60,Sentosa,1.25,103.8279,4.97
2017-09-17,S60,Sentosa,1.25,103.8279,3.75
2017-09-18,S60,Sentosa,1.25,103.8279,3.15
2017-09-19,S60,Sentosa,1.25,103.8279,2.38
2017-09-20,S60,Sentosa,1.25,103.8279,12.85
2017-09-21,S60,Sentosa,1.25,103.8279,2.34
2017-09-22,S60,Sentosa,1.25,103.8279,3.17
2017-09-23,S60,Sentosa,1.25,103.8279,4.96
2017-09-24,S60,Sentosa,1.25,103.8279,3.19
2017-09-25,S60,Sentosa,1.25,103.8279,4.51
2017-09-26,S60,Sentosa,1.25,103.8279,1.45
2017-09-27,S60,Sentosa,1.25,103.8279,2.07
2017-09-28,S60,Sentosa,1.25,103.8279,3.4
2017-09-29,S60,Sentosa,1.25,103.8279,1.3
2017-09-30,S60,Sentosa,1.25,103.8279,1.39
2017-10-01,S60,Sentosa,1.25,103.8279,2.45
2017-10-02,S60,Sentosa,1.25,103.8279,1.35
2017-10-03,S60,Sentosa,1.25,103.8279,3.21
2017-10-04,S60,Sentosa,1.25,103.8279,2.13
2017-10-05,S60,Sentosa,1.25,103.8279,3.04
2017-10-06,S60,Sentosa,1.25,103.8279,3.55
2017-10-07,S60,Sentosa,1.25,103.8279,2.83
2017-10-08,S60,Sentosa,1.25,103.8279,2.31
2017-10-09,S60,Sentosa,1.25,103.8279,7.48
2017-10-10,S60,Sentosa,1.25,103.8279,3.75
2017-10-11,S60,Sentosa,1.25,103.8279,4.49
2017-10-12,S60,Sentosa,1.25,103.8279,3.06
2017-10-13,S60,Sentosa,1.25,103.8279,5.05
2017-10-14,S60,Sentosa,1.25,103.8279,1.37
2017-10-15,S60,Sentosa,1.25,103.8279,5.05
2017-10-16,S60,Sentosa,1.25,103.8279,3.98
2017-10-17,S60,Sentosa,1.25,103.8279,3.28
2017-10-18,S60,Sentosa,1.25,103.8279,4.74
2017-10-19,S60,Sentosa,1.25,103.8279,1.33
2017-10-20,S60,Sentosa,1.25,103.8279,5.69
2017-10-21,S60,Sentosa,1.25,103.8279,3.15
2017-10-22,S60,Sentosa,1.25,103.8279,1.9
2017-10-23,S60,Sentosa,1.25,103.8279,2.68
2017-10-24,S60,Sentosa,1.25,103.8279,3.26
2017-10-25,S60,Sentosa,1.25,103.8279,2.64
2017-10-26,S60,Sentosa,1.25,103.8279,1.48
2017-10-27,S60,Sentosa,1.25,103.8279,3.52
2017-10-28,S60,Sentosa,1.25,103.8279,2.91
2017-10-29,S60,Sentosa,1.25,103.8279,3.01
2017-10-30,S60,Sentosa,1.25,103.8279,1.24
2017-10-31,S60,Sentosa,1.25,103.8279,1.66
2017-11-01,S60,Sentosa,1.25,103.8279,2.54
2017-11-03,S60,Sentosa,1.25,103.8279,3.8
2017-11-04,S60,Sentosa,1.25,103.8279,2.56
2017-11-05,S60,Sentosa,1.25,103.8279,4.6
2017-11-06,S60,Sentosa,1.25,103.8279,3.38
2017-11-07,S60,Sentosa,1.25,103.8279,2.08
2017-11-21,S60,Sentosa,1.25,103.8279,2.08
2017-11-22,S60,Sentosa,1.25,103.8279,2.93
2017-11-23,S60,Sentosa,1.25,103.8279,3.43
2017-11-24,S60,Sentosa,1.25,103.8279,2.67
2017-11-25,S60,Sentosa,1.25,103.8279,2.87
2017-11-26,S60,Sentosa,1.25,103.8279,3.56
2017-11-29,S60,Sentosa,1.25,103.8279,8.23
2017-11-30,S60,Sentosa,1.25,103.8279,6.75
2017-12-01,S60,Sentosa,1.25,103.8279,3.91
2017-12-02,S60,Sentosa,1.25,103.8279,3.16
2017-12-03,S60,Sentosa,1.25,103.8279,2.93
2017-12-04,S60,Sentosa,1.25,103.8279,1.91
2017-12-05,S60,Sentosa,1.25,103.8279,4.23
2017-12-06,S60,Sentosa,1.25,103.8279,5.0
2017-12-07,S60,Sentosa,1.25,103.8279,5.76
2017-12-08,S60,Sentosa,1.25,103.8279,5.15
2017-12-09,S60,Sentosa,1.25,103.8279,3.07
2017-12-10,S60,Sentosa,1.25,103.8279,5.55
2017-12-11,S60,Sentosa,1.25,103.8279,3.28
2017-12-12,S60,Sentosa,1.25,103.8279,2.99
2017-12-13,S60,Sentosa,1.25,103.8279,3.26
2017-12-14,S60,Sentosa,1.25,103.8279,3.49
2017-12-15,S60,Sentosa,1.25,103.8279,3.96
2017-12-16,S60,Sentosa,1.25,103.8279,3.49
2017-12-17,S60,Sentosa,1.25,103.8279,6.81
2017-12-18,S60,Sentosa,1.25,103.8279,6.99
2017-12-19,S60,Sentosa,1.25,103.8279,4.67
2017-12-20,S60,Sentosa,1.25,103.8279,7.5
2017-12-22,S60,Sentosa,1.25,103.8279,6.55
2017-12-23,S60,Sentosa,1.25,103.8279,5.47
2017-12-24,S60,Sentosa,1.25,103.8279,4.7
2017-12-25,S60,Sentosa,1.25,103.8279,2.21
2017-12-26,S60,Sentosa,1.25,103.8279,3.23
2017-12-27,S60,Sentosa,1.25,103.8279,3.07
2017-12-28,S60,Sentosa,1.25,103.8279,6.12
2017-12-29,S60,Sentosa,1.25,103.8279,6.65
2017-12-30,S60,Sentosa,1.25,103.8279,4.23
2018-01-03,S60,Sentosa,1.25,103.8279,2.92
2018-01-04,S60,Sentosa,1.25,103.8279,3.79
2018-01-05,S60,Sentosa,1.25,103.8279,2.26
2018-01-06,S60,Sentosa,1.25,103.8279,4.8
2018-01-07,S60,Sentosa,1.25,103.8279,4.77
2018-01-08,S60,Sentosa,1.25,103.8279,2.03
2018-01-09,S60,Sentosa,1.25,103.8279,1.98
2018-01-11,S60,Sentosa,1.25,103.8279,8.54
2018-01-12,S60,Sentosa,1.25,103.8279,7.22
2018-01-13,S60,Sentosa,1.25,103.8279,4.5
2018-01-14,S60,Sentosa,1.25,103.8279,4.43
2018-01-15,S60,Sentosa,1.25,103.8279,5.68
2018-01-16,S60,Sentosa,1.25,103.8279,4.01
2018-01-17,S60,Sentosa,1.25,103.8279,5.18
2018-01-18,S60,Sentosa,1.25,103.8279,4.52
2018-01-19,S60,Sentosa,1.25,103.8279,3.18
2018-01-20,S60,Sentosa,1.25,103.8279,3.33
2018-01-21,S60,Sentosa,1.25,103.8279,2.04
2018-01-22,S60,Sentosa,1.25,103.8279,7.42
2018-01-30,S60,Sentosa,1.25,103.8279,3.35
2018-01-31,S60,Sentosa,1.25,103.8279,3.06
2018-02-01,S60,Sentosa,1.25,103.8279,2.55
2018-02-08,S60,Sentosa,1.25,103.8279,3.42
2018-02-09,S60,Sentosa,1.25,103.8279,3.95
2018-02-10,S60,Sentosa,1.25,103.8279,4.57
2018-02-11,S60,Sentosa,1.25,103.8279,4.15
2018-02-12,S60,Sentosa,1.25,103.8279,3.6
2018-02-13,S60,Sentosa,1.25,103.8279,3.81
2018-02-14,S60,Sentosa,1.25,103.8279,3.07
2018-02-15,S60,Sentosa,1.25,103.8279,2.52
2018-02-16,S60,Sentosa,1.25,103.8279,2.41
2018-02-17,S60,Sentosa,1.25,103.8279,3.15
2018-02-19,S60,Sentosa,1.25,103.8279,2.98
2018-02-20,S60,Sentosa,1.25,103.8279,5.58
2018-02-21,S60,Sentosa,1.25,103.8279,2.45
2018-02-22,S60,Sentosa,1.25,103.8279,3.1
2018-02-23,S60,Sentosa,1.25,103.8279,1.22
2018-02-24,S60,Sentosa,1.25,103.8279,1.39
2018-02-25,S60,Sentosa,1.25,103.8279,3.04
2018-02-26,S60,Sentosa,1.25,103.8279,2.83
2018-02-27,S60,Sentosa,1.25,103.8279,2.65
2018-02-28,S60,Sentosa,1.25,103.8279,2.06
2018-03-01,S60,Sentosa,1.25,103.8279,2.85
2018-03-02,S60,Sentosa,1.25,103.8279,2.46
2018-03-03,S60,Sentosa,1.25,103.8279,1.78
2018-03-04,S60,Sentosa,1.25,103.8279,2.71
2018-03-05,S60,Sentosa,1.25,103.8279,2.4
2018-03-06,S60,Sentosa,1.25,103.8279,2.21
2018-03-07,S60,Sentosa,1.25,103.8279,0.92
2018-03-08,S60,Sentosa,1.25,103.8279,2.59
2018-03-09,S60,Sentosa,1.25,103.8279,3.33
2018-03-10,S60,Sentosa,1.25,103.8279,3.68
2018-03-11,S60,Sentosa,1.25,103.8279,3.36
2018-03-12,S60,Sentosa,1.25,103.8279,2.87
2018-03-13,S60,Sentosa,1.25,103.8279,2.75
2018-03-14,S60,Sentosa,1.25,103.8279,2.63
2018-03-15,S60,Sentosa,1.25,103.8279,3.08
2018-03-16,S60,Sentosa,1.25,103.8279,3.25
2018-03-17,S60,Sentosa,1.25,103.8279,3.41
2018-03-18,S60,Sentosa,1.25,103.8279,3.36
2018-03-19,S60,Sentosa,1.25,103.8279,3.6
2018-03-20,S60,Sentosa,1.25,103.8279,1.52
2018-03-21,S60,Sentosa,1.25,103.8279,2.19
2018-03-22,S60,Sentosa,1.25,103.8279,2.9
2018-03-23,S60,Sentosa,1.25,103.8279,2.58
2018-03-24,S60,Sentosa,1.25,103.8279,2.38
2018-03-25,S60,Sentosa,1.25,103.8279,1.97
2018-03-26,S60,Sentosa,1.25,103.8279,1.62
2018-03-27,S60,Sentosa,1.25,103.8279,1.98
2018-03-28,S60,Sentosa,1.25,103.8279,1.64
2018-03-29,S60,Sentosa,1.25,103.8279,1.37
2018-03-30,S60,Sentosa,1.25,103.8279,1.5
2018-03-31,S60,Sentosa,1.25,103.8279,2.42
2018-04-01,S60,Sentosa,1.25,103.8279,1.44
2018-04-02,S60,Sentosa,1.25,103.8279,2.35
2018-04-03,S60,Sentosa,1.25,103.8279,1.96
2018-04-04,S60,Sentosa,1.25,103.8279,3.96
2018-04-05,S60,Sentosa,1.25,103.8279,3.03
2018-04-06,S60,Sentosa,1.25,103.8279,2.7
2018-04-07,S60,Sentosa,1.25,103.8279,2.4
2018-04-08,S60,Sentosa,1.25,103.8279,3.08
2018-04-09,S60,Sentosa,1.25,103.8279,2.93
2018-04-10,S60,Sentosa,1.25,103.8279,2.42
2018-04-11,S60,Sentosa,1.25,103.8279,2.67
2018-04-12,S60,Sentosa,1.25,103.8279,2.51
2018-04-13,S60,Sentosa,1.25,103.8279,2.34
2018-04-14,S60,Sentosa,1.25,103.8279,1.03
2018-04-15,S60,Sentosa,1.25,103.8279,0.95
2018-04-16,S60,Sentosa,1.25,103.8279,0.94
2018-04-17,S60,Sentosa,1.25,103.8279,1.63
2018-04-18,S60,Sentosa,1.25,103.8279,1.6
2018-04-19,S60,Sentosa,1.25,103.8279,2.11
2018-04-20,S60,Sentosa,1.25,103.8279,1.13
2018-04-21,S60,Sentosa,1.25,103.8279,1.87
2018-04-22,S60,Sentosa,1.25,103.8279,2.33
2018-04-23,S60,Sentosa,1.25,103.8279,1.61
2018-04-24,S60,Sentosa,1.25,103.8279,2.63
2018-04-25,S60,Sentosa,1.25,103.8279,1.46
2018-04-26,S60,Sentosa,1.25,103.8279,1.4
2018-04-27,S60,Sentosa,1.25,103.8279,1.61
2018-04-28,S60,Sentosa,1.25,103.8279,4.5
2018-04-29,S60,Sentosa,1.25,103.8279,3.17
2018-04-30,S60,Sentosa,1.25,103.8279,2.41
2018-05-01,S60,Sentosa,1.25,103.8279,1.84
2018-05-02,S60,Sentosa,1.25,103.8279,1.65
2018-05-03,S60,Sentosa,1.25,103.8279,1.81
2018-05-04,S60,Sentosa,1.25,103.8279,1.65
2018-05-05,S60,Sentosa,1.25,103.8279,3.26
2018-05-06,S60,Sentosa,1.25,103.8279,1.56
2018-05-07,S60,Sentosa,1.25,103.8279,2.95
2018-05-08,S60,Sentosa,1.25,103.8279,4.01
2018-05-09,S60,Sentosa,1.25,103.8279,4.15
2018-05-10,S60,Sentosa,1.25,103.8279,3.92
2018-05-11,S60,Sentosa,1.25,103.8279,2.64
2018-05-12,S60,Sentosa,1.25,103.8279,3.06
2018-05-13,S60,Sentosa,1.25,103.8279,1.86
2018-05-14,S60,Sentosa,1.25,103.8279,2.94
2018-05-15,S60,Sentosa,1.25,103.8279,1.45
2018-05-16,S60,Sentosa,1.25,103.8279,0.86
2018-05-17,S60,Sentosa,1.25,103.8279,2.85
2018-05-18,S60,Sentosa,1.25,103.8279,0.57
2018-05-19,S60,Sentosa,1.25,103.8279,0.76
2018-05-20,S60,Sentosa,1.25,103.8279,1.53
2018-05-21,S60,Sentosa,1.25,103.8279,2.72
2018-05-22,S60,Sentosa,1.25,103.8279,1.16
2018-05-23,S60,Sentosa,1.25,103.8279,4.77
2018-05-24,S60,Sentosa,1.25,103.8279,2.02
2018-05-25,S60,Sentosa,1.25,103.8279,2.97
2018-05-26,S60,Sentosa,1.25,103.8279,1.36
2018-05-27,S60,Sentosa,1.25,103.8279,1.74
2018-05-28,S60,Sentosa,1.25,103.8279,4.53
2018-05-29,S60,Sentosa,1.25,103.8279,1.19
2018-05-30,S60,Sentosa,1.25,103.8279,1.6
2018-05-31,S60,Sentosa,1.25,103.8279,1.18
2018-06-01,S60,Sentosa,1.25,103.8279,1.1
2018-06-02,S60,Sentosa,1.25,103.8279,1.14
2018-06-04,S60,Sentosa,1.25,103.8279,2.32
2018-06-05,S60,Sentosa,1.25,103.8279,3.66
2018-06-06,S60,Sentosa,1.25,103.8279,3.44
2018-06-07,S60,Sentosa,1.25,103.8279,2.71
2018-06-11,S60,Sentosa,1.25,103.8279,1.9
2018-06-12,S60,Sentosa,1.25,103.8279,3.84
2018-06-13,S60,Sentosa,1.25,103.8279,1.98
2018-06-14,S60,Sentosa,1.25,103.8279,1.32
2018-06-15,S60,Sentosa,1.25,103.8279,1.0
2018-06-16,S60,Sentosa,1.25,103.8279,2.07
2018-06-17,S60,Sentosa,1.25,103.8279,2.43
2018-06-18,S60,Sentosa,1.25,103.8279,2.3
2018-06-19,S60,Sentosa,1.25,103.8279,2.55
2018-06-20,S60,Sentosa,1.25,103.8279,2.9
2018-06-21,S60,Sentosa,1.25,103.8279,1.65
2018-06-22,S60,Sentosa,1.25,103.8279,2.92
2018-06-23,S60,Sentosa,1.25,103.8279,2.72
2018-06-24,S60,Sentosa,1.25,103.8279,4.01
2018-06-25,S60,Sentosa,1.25,103.8279,3.36
2018-06-26,S60,Sentosa,1.25,103.8279,3.22
2018-06-27,S60,Sentosa,1.25,103.8279,1.36
2018-06-28,S60,Sentosa,1.25,103.8279,3.28
2018-06-29,S60,Sentosa,1.25,103.8279,2.42
2018-06-30,S60,Sentosa,1.25,103.8279,3.39
2018-07-01,S60,Sentosa,1.25,103.8279,0.88
2018-07-02,S60,Sentosa,1.25,103.8279,1.84
2018-07-03,S60,Sentosa,1.25,103.8279,1.98
2018-07-04,S60,Sentosa,1.25,103.8279,3.88
2018-07-05,S60,Sentosa,1.25,103.8279,2.28
2018-07-06,S60,Sentosa,1.25,103.8279,4.43
2018-07-07,S60,Sentosa,1.25,103.8279,1.96
2018-07-08,S60,Sentosa,1.25,103.8279,2.16
2018-07-09,S60,Sentosa,1.25,103.8279,2.37
2018-07-10,S60,Sentosa,1.25,103.8279,3.41
2018-07-11,S60,Sentosa,1.25,103.8279,1.98
2018-07-12,S60,Sentosa,1.25,103.8279,4.76
2018-07-13,S60,Sentosa,1.25,103.8279,2.89
2018-07-14,S60,Sentosa,1.25,103.8279,2.62
2018-07-16,S60,Sentosa,1.25,103.8279,3.79
2018-07-17,S60,Sentosa,1.25,103.8279,3.68
2018-07-18,S60,Sentosa,1.25,103.8279,3.2
2018-07-19,S60,Sentosa,1.25,103.8279,1.79
2018-07-20,S60,Sentosa,1.25,103.8279,1.74
2018-07-21,S60,Sentosa,1.25,103.8279,1.92
2018-07-22,S60,Sentosa,1.25,103.8279,2.19
2018-07-23,S60,Sentosa,1.25,103.8279,3.88
2018-07-24,S60,Sentosa,1.25,103.8279,4.45
2018-07-25,S60,Sentosa,1.25,103.8279,1.24
2018-07-26,S60,Sentosa,1.25,103.8279,3.24
2018-07-27,S60,Sentosa,1.25,103.8279,4.55
2018-07-28,S60,Sentosa,1.25,103.8279,4.42
2018-07-29,S60,Sentosa,1.25,103.8279,2.91
2018-07-30,S60,Sentosa,1.25,103.8279,1.05
2018-07-31,S60,Sentosa,1.25,103.8279,2.26
2018-08-01,S60,Sentosa,1.25,103.8279,2.61
2018-08-02,S60,Sentosa,1.25,103.8279,2.62
2018-08-03,S60,Sentosa,1.25,103.8279,3.97
2018-08-04,S60,Sentosa,1.25,103.8279,3.95
2018-08-05,S60,Sentosa,1.25,103.8279,3.37
2018-08-06,S60,Sentosa,1.25,103.8279,4.96
2018-08-07,S60,Sentosa,1.25,103.8279,3.96
2018-08-08,S60,Sentosa,1.25,103.8279,3.16
2018-08-09,S60,Sentosa,1.25,103.8279,2.34
2018-08-10,S60,Sentosa,1.25,103.8279,2.4
2018-08-11,S60,Sentosa,1.25,103.8279,2.56
2018-08-12,S60,Sentosa,1.25,103.8279,4.15
2018-08-13,S60,Sentosa,1.25,103.8279,3.38
2018-08-14,S60,Sentosa,1.25,103.8279,3.15
2018-08-15,S60,Sentosa,1.25,103.8279,4.08
2018-08-16,S60,Sentosa,1.25,103.8279,3.8
2018-08-17,S60,Sentosa,1.25,103.8279,3.8
2018-08-18,S60,Sentosa,1.25,103.8279,6.15
2018-08-19,S60,Sentosa,1.25,103.8279,5.64
2018-08-20,S60,Sentosa,1.25,103.8279,4.04
2018-08-21,S60,Sentosa,1.25,103.8279,4.65
2018-08-23,S60,Sentosa,1.25,103.8279,2.91
2018-08-24,S60,Sentosa,1.25,103.8279,2.32
2018-08-25,S60,Sentosa,1.25,103.8279,3.18
2018-08-26,S60,Sentosa,1.25,103.8279,3.87
2018-08-27,S60,Sentosa,1.25,103.8279,3.96
2018-08-28,S60,Sentosa,1.25,103.8279,0.92
2018-08-29,S60,Sentosa,1.25,103.8279,2.75
2018-08-30,S60,Sentosa,1.25,103.8279,2.84
2018-08-31,S60,Sentosa,1.25,103.8279,1.94
2018-09-01,S60,Sentosa,1.25,103.8279,2.53
2018-09-02,S60,Sentosa,1.25,103.8279,1.9
2018-09-03,S60,Sentosa,1.25,103.8279,1.3
2018-09-04,S60,Sentosa,1.25,103.8279,1.64
2018-09-05,S60,Sentosa,1.25,103.8279,2.43
2018-09-06,S60,Sentosa,1.25,103.8279,1.51
2018-09-07,S60,Sentosa,1.25,103.8279,0.67
2018-09-08,S60,Sentosa,1.25,103.8279,1.59
2018-09-09,S60,Sentosa,1.25,103.8279,2.61
2018-09-10,S60,Sentosa,1.25,103.8279,0.99
2018-09-11,S60,Sentosa,1.25,103.8279,0.46
2018-09-13,S60,Sentosa,1.25,103.8279,2.43
2018-09-14,S60,Sentosa,1.25,103.8279,3.32
2018-09-15,S60,Sentosa,1.25,103.8279,3.72
2018-09-16,S60,Sentosa,1.25,103.8279,2.87
2018-09-17,S60,Sentosa,1.25,103.8279,4.48
2018-09-18,S60,Sentosa,1.25,103.8279,2.42
2018-09-19,S60,Sentosa,1.25,103.8279,1.37
2018-09-20,S60,Sentosa,1.25,103.8279,1.36
2018-09-21,S60,Sentosa,1.25,103.8279,3.03
2018-09-22,S60,Sentosa,1.25,103.8279,1.25
2018-09-23,S60,Sentosa,1.25,103.8279,3.55
2018-09-24,S60,Sentosa,1.25,103.8279,2.91
2018-09-25,S60,Sentosa,1.25,103.8279,4.16
2018-09-26,S60,Sentosa,1.25,103.8279,3.8
2018-09-27,S60,Sentosa,1.25,103.8279,2.57
2018-09-28,S60,Sentosa,1.25,103.8279,1.99
2018-09-29,S60,Sentosa,1.25,103.8279,4.63
2018-09-30,S60,Sentosa,1.25,103.8279,4.13
2018-10-01,S60,Sentosa,1.25,103.8279,4.27
2018-10-02,S60,Sentosa,1.25,103.8279,1.99
2018-10-03,S60,Sentosa,1.25,103.8279,3.95
2018-10-04,S60,Sentosa,1.25,103.8279,2.24
2018-10-05,S60,Sentosa,1.25,103.8279,4.76
2018-10-06,S60,Sentosa,1.25,103.8279,2.64
2018-10-07,S60,Sentosa,1.25,103.8279,2.69
2018-10-08,S60,Sentosa,1.25,103.8279,1.87
2018-10-09,S60,Sentosa,1.25,103.8279,1.14
2018-10-10,S60,Sentosa,1.25,103.8279,0.99
2018-10-11,S60,Sentosa,1.25,103.8279,1.49
2018-10-12,S60,Sentosa,1.25,103.8279,2.42
2018-10-13,S60,Sentosa,1.25,103.8279,2.67
2018-10-14,S60,Sentosa,1.25,103.8279,1.7
2018-10-15,S60,Sentosa,1.25,103.8279,1.5
2018-10-16,S60,Sentosa,1.25,103.8279,1.65
2018-10-17,S60,Sentosa,1.25,103.8279,0.89
2018-10-18,S60,Sentosa,1.25,103.8279,2.45
2018-10-19,S60,Sentosa,1.25,103.8279,1.74
2018-10-20,S60,Sentosa,1.25,103.8279,4.28
2018-10-21,S60,Sentosa,1.25,103.8279,3.45
2018-10-22,S60,Sentosa,1.25,103.8279,3.08
2018-10-23,S60,Sentosa,1.25,103.8279,3.89
2018-10-24,S60,Sentosa,1.25,103.8279,1.2
2018-10-25,S60,Sentosa,1.25,103.8279,1.13
2018-10-26,S60,Sentosa,1.25,103.8279,2.4
2018-10-27,S60,Sentosa,1.25,103.8279,1.2
2018-10-28,S60,Sentosa,1.25,103.8279,1.37
2018-10-29,S60,Sentosa,1.25,103.8279,1.53
2018-10-30,S60,Sentosa,1.25,103.8279,0.74
2018-10-31,S60,Sentosa,1.25,103.8279,1.43
2018-11-01,S60,Sentosa,1.25,103.8279,1.88
2018-11-02,S60,Sentosa,1.25,103.8279,1.52
2018-11-03,S60,Sentosa,1.25,103.8279,1.68
2018-11-04,S60,Sentosa,1.25,103.8279,0.96
2018-11-05,S60,Sentosa,1.25,103.8279,2.25
2018-11-06,S60,Sentosa,1.25,103.8279,1.31
2018-11-07,S60,Sentosa,1.25,103.8279,3.49
2018-11-08,S60,Sentosa,1.25,103.8279,2.11
2018-11-09,S60,Sentosa,1.25,103.8279,1.61
2018-11-12,S60,Sentosa,1.25,103.8279,1.28
2018-11-13,S60,Sentosa,1.25,103.8279,0.69
2018-11-14,S60,Sentosa,1.25,103.8279,3.4
2018-11-15,S60,Sentosa,1.25,103.8279,0.79
2018-11-16,S60,Sentosa,1.25,103.8279,2.03
2018-11-17,S60,Sentosa,1.25,103.8279,1.11
2018-11-18,S60,Sentosa,1.25,103.8279,1.61
2018-11-19,S60,Sentosa,1.25,103.8279,1.09
2018-11-20,S60,Sentosa,1.25,103.8279,2.52
2018-11-21,S60,Sentosa,1.25,103.8279,1.07
2018-11-22,S60,Sentosa,1.25,103.8279,1.14
2018-11-23,S60,Sentosa,1.25,103.8279,1.21
2018-11-24,S60,Sentosa,1.25,103.8279,1.29
2018-11-25,S60,Sentosa,1.25,103.8279,1.28
2018-11-26,S60,Sentosa,1.25,103.8279,2.03
2018-11-27,S60,Sentosa,1.25,103.8279,1.72
2018-11-28,S60,Sentosa,1.25,103.8279,1.72
2018-11-29,S60,Sentosa,1.25,103.8279,1.48
2018-11-30,S60,Sentosa,1.25,103.8279,1.82
2018-12-01,S60,Sentosa,1.25,103.8279,1.68
2018-12-02,S60,Sentosa,1.25,103.8279,1.82
2018-12-03,S60,Sentosa,1.25,103.8279,1.08
2018-12-04,S60,Sentosa,1.25,103.8279,2.78
2018-12-05,S60,Sentosa,1.25,103.8279,1.67
2018-12-06,S60,Sentosa,1.25,103.8279,2.02
2018-12-07,S60,Sentosa,1.25,103.8279,1.6
2018-12-08,S60,Sentosa,1.25,103.8279,1.84
2018-12-09,S60,Sentosa,1.25,103.8279,1.23
2018-12-10,S60,Sentosa,1.25,103.8279,1.63
2018-12-11,S60,Sentosa,1.25,103.8279,1.64
2018-12-12,S60,Sentosa,1.25,103.8279,1.75
2018-12-13,S60,Sentosa,1.25,103.8279,1.72
2018-12-14,S60,Sentosa,1.25,103.8279,1.72
2018-12-15,S60,Sentosa,1.25,103.8279,1.96
2018-12-16,S60,Sentosa,1.25,103.8279,1.71
2018-12-17,S60,Sentosa,1.25,103.8279,1.15
2018-12-18,S60,Sentosa,1.25,103.8279,2.38
2018-12-19,S60,Sentosa,1.25,103.8279,2.39
2018-12-20,S60,Sentosa,1.25,103.8279,2.41
2018-12-21,S60,Sentosa,1.25,103.8279,2.32
2018-12-22,S60,Sentosa,1.25,103.8279,1.96
2018-12-23,S60,Sentosa,1.25,103.8279,1.49
2018-12-24,S60,Sentosa,1.25,103.8279,1.78
2018-12-25,S60,Sentosa,1.25,103.8279,2.42
2018-12-26,S60,Sentosa,1.25,103.8279,3.74
2018-12-27,S60,Sentosa,1.25,103.8279,3.11
2018-12-28,S60,Sentosa,1.25,103.8279,1.07
2018-12-29,S60,Sentosa,1.25,103.8279,2.59
2019-01-02,S60,Sentosa,1.25,103.8279,6.36
2019-01-03,S60,Sentosa,1.25,103.8279,7.75
2019-01-04,S60,Sentosa,1.25,103.8279,2.15
2019-01-05,S60,Sentosa,1.25,103.8279,2.57
2019-01-06,S60,Sentosa,1.25,103.8279,3.07
2019-01-07,S60,Sentosa,1.25,103.8279,2.98
2019-01-08,S60,Sentosa,1.25,103.8279,2.72
2019-01-09,S60,Sentosa,1.25,103.8279,2.77
2019-01-10,S60,Sentosa,1.25,103.8279,2.49
2019-01-11,S60,Sentosa,1.25,103.8279,2.76
2019-01-12,S60,Sentosa,1.25,103.8279,2.74
2019-01-13,S60,Sentosa,1.25,103.8279,2.96
2019-01-14,S60,Sentosa,1.25,103.8279,2.68
2019-01-15,S60,Sentosa,1.25,103.8279,1.98
2019-01-16,S60,Sentosa,1.25,103.8279,3.69
2019-01-17,S60,Sentosa,1.25,103.8279,1.67
2019-01-18,S60,Sentosa,1.25,103.8279,2.24
2019-01-19,S60,Sentosa,1.25,103.8279,2.9
2019-01-20,S60,Sentosa,1.25,103.8279,2.63
2019-01-21,S60,Sentosa,1.25,103.8279,3.78
2019-01-22,S60,Sentosa,1.25,103.8279,4.07
2019-01-23,S60,Sentosa,1.25,103.8279,3.15
2019-01-24,S60,Sentosa,1.25,103.8279,3.01
2019-01-29,S60,Sentosa,1.25,103.8279,3.47
2019-01-30,S60,Sentosa,1.25,103.8279,3.19
2019-01-31,S60,Sentosa,1.25,103.8279,2.66
2019-02-01,S60,Sentosa,1.25,103.8279,3.27
2019-02-02,S60,Sentosa,1.25,103.8279,2.48
2019-02-03,S60,Sentosa,1.25,103.8279,2.27
2019-02-04,S60,Sentosa,1.25,103.8279,2.18
2019-02-05,S60,Sentosa,1.25,103.8279,3.38
2019-02-06,S60,Sentosa,1.25,103.8279,2.9
2019-02-07,S60,Sentosa,1.25,103.8279,2.75
2019-02-08,S60,Sentosa,1.25,103.8279,2.54
2019-02-09,S60,Sentosa,1.25,103.8279,3.19
2019-02-10,S60,Sentosa,1.25,103.8279,3.13
2019-02-11,S60,Sentosa,1.25,103.8279,2.52
2019-02-12,S60,Sentosa,1.25,103.8279,2.99
2019-02-13,S60,Sentosa,1.25,103.8279,3.13
2019-02-14,S60,Sentosa,1.25,103.8279,3.0
2019-02-15,S60,Sentosa,1.25,103.8279,3.41
2019-02-16,S60,Sentosa,1.25,103.8279,2.9
2019-02-17,S60,Sentosa,1.25,103.8279,1.96
2019-02-18,S60,Sentosa,1.25,103.8279,2.17
2019-02-19,S60,Sentosa,1.25,103.8279,2.88
2019-02-20,S60,Sentosa,1.25,103.8279,2.42
2019-02-21,S60,Sentosa,1.25,103.8279,2.88
2019-02-22,S60,Sentosa,1.25,103.8279,3.06
2019-02-23,S60,Sentosa,1.25,103.8279,3.1
2019-02-24,S60,Sentosa,1.25,103.8279,3.58
2019-02-25,S60,Sentosa,1.25,103.8279,2.58
2019-02-26,S60,Sentosa,1.25,103.8279,3.05
2019-02-27,S60,Sentosa,1.25,103.8279,3.06
2019-02-28,S60,Sentosa,1.25,103.8279,3.14
2019-03-01,S60,Sentosa,1.25,103.8279,3.16
2019-03-02,S60,Sentosa,1.25,103.8279,3.45
2019-03-03,S60,Sentosa,1.25,103.8279,3.23
2019-03-04,S60,Sentosa,1.25,103.8279,2.53
2019-03-05,S60,Sentosa,1.25,103.8279,2.05
2019-03-06,S60,Sentosa,1.25,103.8279,2.11
2019-03-07,S60,Sentosa,1.25,103.8279,3.55
2019-03-08,S60,Sentosa,1.25,103.8279,2.84
2019-03-09,S60,Sentosa,1.25,103.8279,3.21
2019-03-10,S60,Sentosa,1.25,103.8279,2.84
2019-03-11,S60,Sentosa,1.25,103.8279,1.17
2019-03-12,S60,Sentosa,1.25,103.8279,1.94
2019-03-13,S60,Sentosa,1.25,103.8279,3.12
2019-03-14,S60,Sentosa,1.25,103.8279,2.39
2019-03-15,S60,Sentosa,1.25,103.8279,2.52
2019-03-16,S60,Sentosa,1.25,103.8279,2.69
2019-03-17,S60,Sentosa,1.25,103.8279,2.3
2019-03-18,S60,Sentosa,1.25,103.8279,2.16
2019-03-19,S60,Sentosa,1.25,103.8279,3.64
2019-03-20,S60,Sentosa,1.25,103.8279,2.3
2019-03-21,S60,Sentosa,1.25,103.8279,1.98
2019-03-22,S60,Sentosa,1.25,103.8279,1.33
2019-03-23,S60,Sentosa,1.25,103.8279,1.81
2019-03-24,S60,Sentosa,1.25,103.8279,2.11
2019-03-25,S60,Sentosa,1.25,103.8279,3.02
2019-03-26,S60,Sentosa,1.25,103.8279,3.14
2019-03-27,S60,Sentosa,1.25,103.8279,2.35
2019-03-28,S60,Sentosa,1.25,103.8279,1.16
2019-03-29,S60,Sentosa,1.25,103.8279,2.54
2019-03-30,S60,Sentosa,1.25,103.8279,0.62
2019-03-31,S60,Sentosa,1.25,103.8279,2.5
2019-04-01,S60,Sentosa,1.25,103.8279,1.12
2019-04-02,S60,Sentosa,1.25,103.8279,2.07
2019-04-03,S60,Sentosa,1.25,103.8279,2.69
2019-04-04,S60,Sentosa,1.25,103.8279,2.02
2019-04-05,S60,Sentosa,1.25,103.8279,1.77
2019-04-06,S60,Sentosa,1.25,103.8279,2.89
2019-04-07,S60,Sentosa,1.25,103.8279,2.87
2019-04-08,S60,Sentosa,1.25,103.8279,2.39
2019-04-09,S60,Sentosa,1.25,103.8279,2.41
2019-04-10,S60,Sentosa,1.25,103.8279,1.2
2019-04-11,S60,Sentosa,1.25,103.8279,1.42
2019-04-12,S60,Sentosa,1.25,103.8279,1.09
2019-04-13,S60,Sentosa,1.25,103.8279,1.98
2019-04-14,S60,Sentosa,1.25,103.8279,0.89
2019-04-15,S60,Sentosa,1.25,103.8279,2.69
2019-04-16,S60,Sentosa,1.25,103.8279,3.56
2019-04-17,S60,Sentosa,1.25,103.8279,3.49
2019-04-18,S60,Sentosa,1.25,103.8279,3.45
2019-04-19,S60,Sentosa,1.25,103.8279,1.88
2019-04-20,S60,Sentosa,1.25,103.8279,3.54
2019-04-23,S60,Sentosa,1.25,103.8279,1.51
2019-04-24,S60,Sentosa,1.25,103.8279,1.86
2019-04-25,S60,Sentosa,1.25,103.8279,1.64
2019-04-26,S60,Sentosa,1.25,103.8279,1.34
2019-04-27,S60,Sentosa,1.25,103.8279,2.21
2019-04-28,S60,Sentosa,1.25,103.8279,2.08
2019-04-29,S60,Sentosa,1.25,103.8279,2.97
2019-04-30,S60,Sentosa,1.25,103.8279,0.96
2019-05-01,S60,Sentosa,1.25,103.8279,0.81
2019-05-02,S60,Sentosa,1.25,103.8279,1.82
2019-05-03,S60,Sentosa,1.25,103.8279,2.06
2019-05-04,S60,Sentosa,1.25,103.8279,1.69
2019-05-05,S60,Sentosa,1.25,103.8279,5.95
2019-05-06,S60,Sentosa,1.25,103.8279,2.33
2019-05-07,S60,Sentosa,1.25,103.8279,2.35
2019-05-08,S60,Sentosa,1.25,103.8279,1.52
2019-05-09,S60,Sentosa,1.25,103.8279,1.92
2019-05-11,S60,Sentosa,1.25,103.8279,1.26
2019-05-12,S60,Sentosa,1.25,103.8279,1.17
2019-05-13,S60,Sentosa,1.25,103.8279,1.45
2019-05-14,S60,Sentosa,1.25,103.8279,2.89
2019-05-15,S60,Sentosa,1.25,103.8279,2.14
2019-05-16,S60,Sentosa,1.25,103.8279,1.46
2019-05-17,S60,Sentosa,1.25,103.8279,1.94
2019-05-18,S60,Sentosa,1.25,103.8279,1.7
2019-05-19,S60,Sentosa,1.25,103.8279,0.7
2019-05-20,S60,Sentosa,1.25,103.8279,0.8
2019-05-21,S60,Sentosa,1.25,103.8279,2.78
2019-05-22,S60,Sentosa,1.25,103.8279,1.45
2019-05-23,S60,Sentosa,1.25,103.8279,1.65
2019-05-24,S60,Sentosa,1.25,103.8279,2.04
2019-05-25,S60,Sentosa,1.25,103.8279,2.0
2019-05-26,S60,Sentosa,1.25,103.8279,1.77
2019-05-27,S60,Sentosa,1.25,103.8279,3.54
2019-05-29,S60,Sentosa,1.25,103.8279,1.5
2019-05-30,S60,Sentosa,1.25,103.8279,1.76
2019-05-31,S60,Sentosa,1.25,103.8279,1.91
2019-06-01,S60,Sentosa,1.25,103.8279,2.94
2019-06-02,S60,Sentosa,1.25,103.8279,1.72
2019-06-03,S60,Sentosa,1.25,103.8279,2.72
2019-06-04,S60,Sentosa,1.25,103.8279,3.58
2019-06-05,S60,Sentosa,1.25,103.8279,1.61
2019-06-06,S60,Sentosa,1.25,103.8279,2.81
2019-06-07,S60,Sentosa,1.25,103.8279,1.0
2019-06-08,S60,Sentosa,1.25,103.8279,2.92
2019-06-09,S60,Sentosa,1.25,103.8279,2.66
2019-06-10,S60,Sentosa,1.25,103.8279,3.15
2019-06-11,S60,Sentosa,1.25,103.8279,6.23
2019-06-12,S60,Sentosa,1.25,103.8279,3.75
2019-06-13,S60,Sentosa,1.25,103.8279,4.01
2019-06-14,S60,Sentosa,1.25,103.8279,3.12
2019-06-15,S60,Sentosa,1.25,103.8279,2.39
2019-06-16,S60,Sentosa,1.25,103.8279,3.44
2019-06-17,S60,Sentosa,1.25,103.8279,3.01
2019-06-18,S60,Sentosa,1.25,103.8279,3.55
2019-06-19,S60,Sentosa,1.25,103.8279,2.16
2019-06-20,S60,Sentosa,1.25,103.8279,3.58
2019-06-21,S60,Sentosa,1.25,103.8279,2.97
2019-06-22,S60,Sentosa,1.25,103.8279,2.56
2019-06-24,S60,Sentosa,1.25,103.8279,2.61
2019-06-25,S60,Sentosa,1.25,103.8279,4.24
2019-06-26,S60,Sentosa,1.25,103.8279,1.04
2019-06-27,S60,Sentosa,1.25,103.8279,2.72
2019-06-28,S60,Sentosa,1.25,103.8279,4.04
2019-06-29,S60,Sentosa,1.25,103.8279,3.87
2019-06-30,S60,Sentosa,1.25,103.8279,1.79
2019-07-01,S60,Sentosa,1.25,103.8279,5.32
2019-07-02,S60,Sentosa,1.25,103.8279,4.1
2019-07-03,S60,Sentosa,1.25,103.8279,2.35
2019-07-04,S60,Sentosa,1.25,103.8279,3.42
2019-07-05,S60,Sentosa,1.25,103.8279,4.48
2019-07-06,S60,Sentosa,1.25,103.8279,2.43
2019-07-07,S60,Sentosa,1.25,103.8279,2.12
2019-07-08,S60,Sentosa,1.25,103.8279,1.42
2019-07-09,S60,Sentosa,1.25,103.8279,3.12
2019-07-10,S60,Sentosa,1.25,103.8279,4.87
2019-07-11,S60,Sentosa,1.25,103.8279,3.36
2019-07-12,S60,Sentosa,1.25,103.8279,1.18
2019-07-13,S60,Sentosa,1.25,103.8279,3.26
2019-07-14,S60,Sentosa,1.25,103.8279,5.08
2019-07-15,S60,Sentosa,1.25,103.8279,2.13
2019-07-16,S60,Sentosa,1.25,103.8279,1.78
2019-07-17,S60,Sentosa,1.25,103.8279,5.12
2019-07-18,S60,Sentosa,1.25,103.8279,4.88
2019-07-19,S60,Sentosa,1.25,103.8279,1.76
2019-07-20,S60,Sentosa,1.25,103.8279,2.76
2019-07-25,S60,Sentosa,1.25,103.8279,3.32
2019-07-26,S60,Sentosa,1.25,103.8279,3.97
2019-07-27,S60,Sentosa,1.25,103.8279,3.88
2019-07-28,S60,Sentosa,1.25,103.8279,3.9
2019-07-29,S60,Sentosa,1.25,103.8279,5.01
2019-07-30,S60,Sentosa,1.25,103.8279,4.14
2019-07-31,S60,Sentosa,1.25,103.8279,2.46
2019-08-01,S60,Sentosa,1.25,103.8279,2.96
2019-08-02,S60,Sentosa,1.25,103.8279,3.25
2019-08-03,S60,Sentosa,1.25,103.8279,2.97
2019-08-04,S60,Sentosa,1.25,103.8279,3.53
2019-08-05,S60,Sentosa,1.25,103.8279,3.71
2019-08-06,S60,Sentosa,1.25,103.8279,3.02
2019-08-07,S60,Sentosa,1.25,103.8279,4.37
2019-08-08,S60,Sentosa,1.25,103.8279,3.95
2019-08-09,S60,Sentosa,1.25,103.8279,4.71
2019-08-11,S60,Sentosa,1.25,103.8279,3.72
2019-08-12,S60,Sentosa,1.25,103.8279,5.49
2019-08-13,S60,Sentosa,1.25,103.8279,4.69
2019-08-14,S60,Sentosa,1.25,103.8279,3.2
2019-08-15,S60,Sentosa,1.25,103.8279,4.74
2019-08-16,S60,Sentosa,1.25,103.8279,3.9
2019-08-17,S60,Sentosa,1.25,103.8279,5.04
2019-08-18,S60,Sentosa,1.25,103.8279,5.04
2019-08-19,S60,Sentosa,1.25,103.8279,2.99
2019-08-20,S60,Sentosa,1.25,103.8279,6.6
2019-08-21,S60,Sentosa,1.25,103.8279,4.75
2019-08-22,S60,Sentosa,1.25,103.8279,5.43
2019-08-23,S60,Sentosa,1.25,103.8279,4.35
2019-08-24,S60,Sentosa,1.25,103.8279,3.65
2019-08-25,S60,Sentosa,1.25,103.8279,2.9
2019-08-26,S60,Sentosa,1.25,103.8279,1.5
2019-08-27,S60,Sentosa,1.25,103.8279,1.88
2019-08-28,S60,Sentosa,1.25,103.8279,3.5
2019-08-29,S60,Sentosa,1.25,103.8279,3.22
2019-08-30,S60,Sentosa,1.25,103.8279,3.76
2019-08-31,S60,Sentosa,1.25,103.8279,3.52
2019-09-01,S60,Sentosa,1.25,103.8279,3.9
2019-09-02,S60,Sentosa,1.25,103.8279,3.72
2019-09-03,S60,Sentosa,1.25,103.8279,5.18
2019-09-04,S60,Sentosa,1.25,103.8279,3.08
2019-09-05,S60,Sentosa,1.25,103.8279,3.88
2019-09-06,S60,Sentosa,1.25,103.8279,4.98
2019-09-07,S60,Sentosa,1.25,103.8279,5.75
2019-09-08,S60,Sentosa,1.25,103.8279,4.44
2019-09-09,S60,Sentosa,1.25,103.8279,3.48
2019-09-10,S60,Sentosa,1.25,103.8279,4.14
2019-09-11,S60,Sentosa,1.25,103.8279,3.74
2019-09-12,S60,Sentosa,1.25,103.8279,3.23
2019-09-13,S60,Sentosa,1.25,103.8279,4.46
2019-09-14,S60,Sentosa,1.25,103.8279,2.0
2019-09-15,S60,Sentosa,1.25,103.8279,3.46
2019-09-16,S60,Sentosa,1.25,103.8279,3.45
2019-09-17,S60,Sentosa,1.25,103.8279,3.58
2019-09-18,S60,Sentosa,1.25,103.8279,5.53
2019-09-19,S60,Sentosa,1.25,103.8279,3.94
2019-09-20,S60,Sentosa,1.25,103.8279,4.13
2019-09-21,S60,Sentosa,1.25,103.8279,3.24
2019-09-22,S60,Sentosa,1.25,103.8279,4.24
2019-09-23,S60,Sentosa,1.25,103.8279,1.74
2019-09-24,S60,Sentosa,1.25,103.8279,2.03
2019-09-25,S60,Sentosa,1.25,103.8279,0.86
2019-09-26,S60,Sentosa,1.25,103.8279,2.35
2019-09-27,S60,Sentosa,1.25,103.8279,3.77
2019-09-28,S60,Sentosa,1.25,103.8279,2.34
2019-09-29,S60,Sentosa,1.25,103.8279,1.73
2019-09-30,S60,Sentosa,1.25,103.8279,0.74
2019-10-01,S60,Sentosa,1.25,103.8279,0.91
2019-10-02,S60,Sentosa,1.25,103.8279,1.01
2019-10-03,S60,Sentosa,1.25,103.8279,3.35
2019-10-04,S60,Sentosa,1.25,103.8279,4.14
2019-10-05,S60,Sentosa,1.25,103.8279,1.92
2019-10-06,S60,Sentosa,1.25,103.8279,1.46
2019-10-07,S60,Sentosa,1.25,103.8279,1.58
2019-10-08,S60,Sentosa,1.25,103.8279,1.83
2019-10-09,S60,Sentosa,1.25,103.8279,1.38
2019-10-10,S60,Sentosa,1.25,103.8279,2.08
2019-10-11,S60,Sentosa,1.25,103.8279,3.1
2019-10-12,S60,Sentosa,1.25,103.8279,3.21
2019-10-13,S60,Sentosa,1.25,103.8279,3.4
2019-10-14,S60,Sentosa,1.25,103.8279,2.16
2019-10-15,S60,Sentosa,1.25,103.8279,2.34
2019-10-16,S60,Sentosa,1.25,103.8279,3.0
2019-10-17,S60,Sentosa,1.25,103.8279,1.33
2019-10-18,S60,Sentosa,1.25,103.8279,1.96
2019-10-19,S60,Sentosa,1.25,103.8279,3.15
2019-10-20,S60,Sentosa,1.25,103.8279,1.6
2019-10-21,S60,Sentosa,1.25,103.8279,1.79
2019-10-22,S60,Sentosa,1.25,103.8279,1.6
2019-10-23,S60,Sentosa,1.25,103.8279,1.96
2019-10-24,S60,Sentosa,1.25,103.8279,3.66
2019-10-25,S60,Sentosa,1.25,103.8279,0.7
2019-10-26,S60,Sentosa,1.25,103.8279,1.62
2019-10-27,S60,Sentosa,1.25,103.8279,1.79
2019-10-28,S60,Sentosa,1.25,103.8279,1.16
2019-10-29,S60,Sentosa,1.25,103.8279,2.31
2019-10-30,S60,Sentosa,1.25,103.8279,0.76
2019-10-31,S60,Sentosa,1.25,103.8279,2.68
2019-11-01,S60,Sentosa,1.25,103.8279,1.83
2019-11-02,S60,Sentosa,1.25,103.8279,1.25
2019-11-03,S60,Sentosa,1.25,103.8279,1.14
2019-11-04,S60,Sentosa,1.25,103.8279,0.92
2019-11-05,S60,Sentosa,1.25,103.8279,1.93
2019-11-06,S60,Sentosa,1.25,103.8279,3.76
2019-11-07,S60,Sentosa,1.25,103.8279,4.36
2019-11-08,S60,Sentosa,1.25,103.8279,1.99
2019-11-09,S60,Sentosa,1.25,103.8279,2.25
2019-11-10,S60,Sentosa,1.25,103.8279,1.37
2019-11-11,S60,Sentosa,1.25,103.8279,2.09
2019-11-12,S60,Sentosa,1.25,103.8279,1.01
2019-11-14,S60,Sentosa,1.25,103.8279,3.2
2019-11-15,S60,Sentosa,1.25,103.8279,1.16
2019-11-16,S60,Sentosa,1.25,103.8279,1.73
2019-11-17,S60,Sentosa,1.25,103.8279,2.09
2019-11-18,S60,Sentosa,1.25,103.8279,1.99
2019-11-19,S60,Sentosa,1.25,103.8279,1.18
2019-11-20,S60,Sentosa,1.25,103.8279,1.96
2019-11-21,S60,Sentosa,1.25,103.8279,2.59
2019-11-22,S60,Sentosa,1.25,103.8279,2.13
2019-11-23,S60,Sentosa,1.25,103.8279,1.56
2019-11-24,S60,Sentosa,1.25,103.8279,0.98
2019-11-25,S60,Sentosa,1.25,103.8279,2.23
2019-11-26,S60,Sentosa,1.25,103.8279,2.36
2019-11-27,S60,Sentosa,1.25,103.8279,1.66
2019-11-28,S60,Sentosa,1.25,103.8279,1.81
2019-11-29,S60,Sentosa,1.25,103.8279,1.38
2019-11-30,S60,Sentosa,1.25,103.8279,2.03
2019-12-01,S60,Sentosa,1.25,103.8279,2.29
2019-12-02,S60,Sentosa,1.25,103.8279,3.22
2019-12-03,S60,Sentosa,1.25,103.8279,2.45
2019-12-04,S60,Sentosa,1.25,103.8279,3.1
2019-12-05,S60,Sentosa,1.25,103.8279,3.02
2019-12-06,S60,Sentosa,1.25,103.8279,3.97
2019-12-07,S60,Sentosa,1.25,103.8279,3.08
2019-12-12,S60,Sentosa,1.25,103.8279,3.37
2019-12-13,S60,Sentosa,1.25,103.8279,1.7
2019-12-14,S60,Sentosa,1.25,103.8279,2.39
2019-12-16,S60,Sentosa,1.25,103.8279,1.43
2019-12-17,S60,Sentosa,1.25,103.8279,0.79
2019-12-18,S60,Sentosa,1.25,103.8279,1.6
2019-12-19,S60,Sentosa,1.25,103.8279,1.74
2019-12-20,S60,Sentosa,1.25,103.8279,2.16
2019-12-21,S60,Sentosa,1.25,103.8279,2.21
2019-12-22,S60,Sentosa,1.25,103.8279,2.09
2019-12-23,S60,Sentosa,1.25,103.8279,2.42
2019-12-24,S60,Sentosa,1.25,103.8279,2.82
2019-12-25,S60,Sentosa,1.25,103.8279,2.13
2019-12-26,S60,Sentosa,1.25,103.8279,2.84
2019-12-27,S60,Sentosa,1.25,103.8279,3.61
2019-12-28,S60,Sentosa,1.25,103.8279,2.87
2019-12-29,S60,Sentosa,1.25,103.8279,2.6
2019-12-30,S60,Sentosa,1.25,103.8279,3.23
2019-12-31,S60,Sentosa,1.25,103.8279,3.83
2020-01-01,S60,Sentosa,1.25,103.8279,3.1
2020-01-03,S60,Sentosa,1.25,103.8279,3.23
2020-01-04,S60,Sentosa,1.25,103.8279,2.88
2020-01-05,S60,Sentosa,1.25,103.8279,3.53
2020-01-06,S60,Sentosa,1.25,103.8279,4.02
2020-01-07,S60,Sentosa,1.25,103.8279,2.55
2020-01-08,S60,Sentosa,1.25,103.8279,2.9
2020-01-09,S60,Sentosa,1.25,103.8279,2.53
2020-01-10,S60,Sentosa,1.25,103.8279,1.52
2020-01-11,S60,Sentosa,1.25,103.8279,1.71
2020-01-12,S60,Sentosa,1.25,103.8279,2.03
2020-01-13,S60,Sentosa,1.25,103.8279,2.44
2020-01-14,S60,Sentosa,1.25,103.8279,3.08
2020-01-15,S60,Sentosa,1.25,103.8279,2.8
2020-01-16,S60,Sentosa,1.25,103.8279,2.73
2020-01-17,S60,Sentosa,1.25,103.8279,3.27
2020-01-18,S60,Sentosa,1.25,103.8279,2.41
2020-01-19,S60,Sentosa,1.25,103.8279,2.93
2020-01-20,S60,Sentosa,1.25,103.8279,3.48
2020-01-21,S60,Sentosa,1.25,103.8279,2.72
2020-01-22,S60,Sentosa,1.25,103.8279,3.44
2020-01-23,S60,Sentosa,1.25,103.8279,3.76
2020-01-24,S60,Sentosa,1.25,103.8279,2.42
2020-01-25,S60,Sentosa,1.25,103.8279,2.2
2020-01-26,S60,Sentosa,1.25,103.8279,3.23
2020-01-27,S60,Sentosa,1.25,103.8279,2.68
2020-01-28,S60,Sentosa,1.25,103.8279,2.61
2020-01-29,S60,Sentosa,1.25,103.8279,2.75
2020-01-30,S60,Sentosa,1.25,103.8279,2.56
2020-01-31,S60,Sentosa,1.25,103.8279,3.14
2020-02-01,S60,Sentosa,1.25,103.8279,3.04
2020-02-02,S60,Sentosa,1.25,103.8279,3.22
2020-02-03,S60,Sentosa,1.25,103.8279,3.34
2020-02-04,S60,Sentosa,1.25,103.8279,3.22
2020-02-05,S60,Sentosa,1.25,103.8279,2.81
2020-02-06,S60,Sentosa,1.25,103.8279,3.39
2020-02-07,S60,Sentosa,1.25,103.8279,3.03
2020-02-08,S60,Sentosa,1.25,103.8279,2.41
2020-02-09,S60,Sentosa,1.25,103.8279,4.58
2020-02-10,S60,Sentosa,1.25,103.8279,2.55
2020-02-11,S60,Sentosa,1.25,103.8279,1.54
2020-02-12,S60,Sentosa,1.25,103.8279,3.63
2020-02-13,S60,Sentosa,1.25,103.8279,3.08
2020-02-14,S60,Sentosa,1.25,103.8279,2.57
2020-02-16,S60,Sentosa,1.25,103.8279,1.54
2020-02-17,S60,Sentosa,1.25,103.8279,3.1
2020-02-18,S60,Sentosa,1.25,103.8279,2.66
2020-02-19,S60,Sentosa,1.25,103.8279,3.87
2020-02-20,S60,Sentosa,1.25,103.8279,3.17
2020-02-21,S60,Sentosa,1.25,103.8279,3.66
2020-02-22,S60,Sentosa,1.25,103.8279,3.92
2020-02-24,S60,Sentosa,1.25,103.8279,2.96
2020-02-25,S60,Sentosa,1.25,103.8279,2.97
2020-02-26,S60,Sentosa,1.25,103.8279,2.45
2020-02-27,S60,Sentosa,1.25,103.8279,2.83
2020-02-28,S60,Sentosa,1.25,103.8279,3.1
2020-02-29,S60,Sentosa,1.25,103.8279,3.1
2020-03-01,S60,Sentosa,1.25,103.8279,1.9
2020-03-02,S60,Sentosa,1.25,103.8279,2.37
2020-03-03,S60,Sentosa,1.25,103.8279,3.57
2020-03-04,S60,Sentosa,1.25,103.8279,3.37
2020-03-05,S60,Sentosa,1.25,103.8279,1.85
2020-03-06,S60,Sentosa,1.25,103.8279,2.35
2020-03-07,S60,Sentosa,1.25,103.8279,1.6
2020-03-08,S60,Sentosa,1.25,103.8279,1.19
2020-03-09,S60,Sentosa,1.25,103.8279,3.69
2020-03-10,S60,Sentosa,1.25,103.8279,2.97
2020-03-11,S60,Sentosa,1.25,103.8279,2.62
2020-03-12,S60,Sentosa,1.25,103.8279,2.78
2020-03-13,S60,Sentosa,1.25,103.8279,2.66
2020-03-14,S60,Sentosa,1.25,103.8279,2.73
2020-03-15,S60,Sentosa,1.25,103.8279,3.4
2020-03-16,S60,Sentosa,1.25,103.8279,2.29
2020-03-17,S60,Sentosa,1.25,103.8279,2.82
2020-03-18,S60,Sentosa,1.25,103.8279,2.38
2020-03-19,S60,Sentosa,1.25,103.8279,1.99
2020-03-20,S60,Sentosa,1.25,103.8279,2.35
2020-03-21,S60,Sentosa,1.25,103.8279,4.5
2020-03-22,S60,Sentosa,1.25,103.8279,1.9
2020-03-23,S60,Sentosa,1.25,103.8279,1.53
2020-03-24,S60,Sentosa,1.25,103.8279,2.16
2020-03-25,S60,Sentosa,1.25,103.8279,2.42
2020-03-26,S60,Sentosa,1.25,103.8279,2.36
2020-03-27,S60,Sentosa,1.25,103.8279,2.11
2020-03-28,S60,Sentosa,1.25,103.8279,2.44
2020-03-29,S60,Sentosa,1.25,103.8279,2.97
2020-03-30,S60,Sentosa,1.25,103.8279,2.59
2020-03-31,S60,Sentosa,1.25,103.8279,2.75
2020-04-01,S60,Sentosa,1.25,103.8279,2.73
2020-04-02,S60,Sentosa,1.25,103.8279,3.0
2020-04-03,S60,Sentosa,1.25,103.8279,1.68
2020-04-04,S60,Sentosa,1.25,103.8279,2.63
2020-04-05,S60,Sentosa,1.25,103.8279,2.09
2020-04-06,S60,Sentosa,1.25,103.8279,0.52
2020-04-07,S60,Sentosa,1.25,103.8279,1.98
2020-04-08,S60,Sentosa,1.25,103.8279,2.04
2020-04-09,S60,Sentosa,1.25,103.8279,2.72
2020-04-10,S60,Sentosa,1.25,103.8279,2.3
2020-04-11,S60,Sentosa,1.25,103.8279,2.27
2020-04-12,S60,Sentosa,1.25,103.8279,2.8
2020-04-13,S60,Sentosa,1.25,103.8279,2.13
2020-04-14,S60,Sentosa,1.25,103.8279,1.96
2020-04-15,S60,Sentosa,1.25,103.8279,3.37
2020-04-16,S60,Sentosa,1.25,103.8279,3.31
2020-06-11,S60,Sentosa,1.25,103.8279,2.97
2020-06-12,S60,Sentosa,1.25,103.8279,1.54
2020-06-13,S60,Sentosa,1.25,103.8279,1.75
2020-06-14,S60,Sentosa,1.25,103.8279,2.45
2020-06-15,S60,Sentosa,1.25,103.8279,3.27
2020-06-16,S60,Sentosa,1.25,103.8279,0.72
2020-06-17,S60,Sentosa,1.25,103.8279,1.3
2020-06-18,S60,Sentosa,1.25,103.8279,2.21
2020-06-19,S60,Sentosa,1.25,103.8279,2.68
2020-06-20,S60,Sentosa,1.25,103.8279,1.62
2020-06-21,S60,Sentosa,1.25,103.8279,2.57
2020-06-22,S60,Sentosa,1.25,103.8279,2.94
2020-06-24,S60,Sentosa,1.25,103.8279,2.59
2020-06-25,S60,Sentosa,1.25,103.8279,1.8
2020-06-26,S60,Sentosa,1.25,103.8279,3.84
2020-06-27,S60,Sentosa,1.25,103.8279,3.37
2020-06-28,S60,Sentosa,1.25,103.8279,3.25
2020-06-29,S60,Sentosa,1.25,103.8279,2.3
2020-06-30,S60,Sentosa,1.25,103.8279,2.57
2020-07-01,S60,Sentosa,1.25,103.8279,4.74
2020-07-02,S60,Sentosa,1.25,103.8279,5.05
2020-07-03,S60,Sentosa,1.25,103.8279,3.37
2020-07-04,S60,Sentosa,1.25,103.8279,3.29
2020-07-05,S60,Sentosa,1.25,103.8279,3.13
2020-07-06,S60,Sentosa,1.25,103.8279,2.06
2020-07-07,S60,Sentosa,1.25,103.8279,1.92
2020-07-08,S60,Sentosa,1.25,103.8279,1.83
2020-07-09,S60,Sentosa,1.25,103.8279,5.18
2020-07-10,S60,Sentosa,1.25,103.8279,0.5
2020-07-11,S60,Sentosa,1.25,103.8279,3.3
2020-07-12,S60,Sentosa,1.25,103.8279,2.06
2020-07-13,S60,Sentosa,1.25,103.8279,4.82
2020-07-14,S60,Sentosa,1.25,103.8279,1.57
2020-07-15,S60,Sentosa,1.25,103.8279,2.28
2020-07-17,S60,Sentosa,1.25,103.8279,2.92
2020-07-18,S60,Sentosa,1.25,103.8279,1.3
2020-07-19,S60,Sentosa,1.25,103.8279,3.1
2020-07-20,S60,Sentosa,1.25,103.8279,2.62
2020-07-21,S60,Sentosa,1.25,103.8279,2.24
2020-07-22,S60,Sentosa,1.25,103.8279,1.14
2020-07-23,S60,Sentosa,1.25,103.8279,2.24
2020-07-24,S60,Sentosa,1.25,103.8279,3.51
2020-07-25,S60,Sentosa,1.25,103.8279,1.85
2020-07-26,S60,Sentosa,1.25,103.8279,2.0
2020-07-27,S60,Sentosa,1.25,103.8279,3.19
2020-07-28,S60,Sentosa,1.25,103.8279,2.22
2020-07-29,S60,Sentosa,1.25,103.8279,1.0
2020-07-30,S60,Sentosa,1.25,103.8279,3.43
2020-07-31,S60,Sentosa,1.25,103.8279,3.7
2020-08-03,S60,Sentosa,1.25,103.8279,3.86
2020-08-04,S60,Sentosa,1.25,103.8279,3.05
2020-08-05,S60,Sentosa,1.25,103.8279,2.3
2020-08-06,S60,Sentosa,1.25,103.8279,3.66
2020-08-07,S60,Sentosa,1.25,103.8279,3.53
2020-08-08,S60,Sentosa,1.25,103.8279,3.38
2020-08-09,S60,Sentosa,1.25,103.8279,4.03
2020-08-10,S60,Sentosa,1.25,103.8279,3.27
2020-08-11,S60,Sentosa,1.25,103.8279,1.67
2020-08-12,S60,Sentosa,1.25,103.8279,0.93
2020-08-13,S60,Sentosa,1.25,103.8279,1.48
2020-08-14,S60,Sentosa,1.25,103.8279,1.66
2020-08-15,S60,Sentosa,1.25,103.8279,1.08
2020-08-16,S60,Sentosa,1.25,103.8279,1.13
2020-08-17,S60,Sentosa,1.25,103.8279,1.45
2020-08-18,S60,Sentosa,1.25,103.8279,2.41
2020-08-19,S60,Sentosa,1.25,103.8279,3.77
2020-08-20,S60,Sentosa,1.25,103.8279,4.18
2020-08-21,S60,Sentosa,1.25,103.8279,4.33
2020-08-22,S60,Sentosa,1.25,103.8279,1.26
2020-08-23,S60,Sentosa,1.25,103.8279,2.71
2020-08-24,S60,Sentosa,1.25,103.8279,1.95
2020-08-25,S60,Sentosa,1.25,103.8279,3.14
2020-08-26,S60,Sentosa,1.25,103.8279,2.54
2020-08-27,S60,Sentosa,1.25,103.8279,1.93
2020-08-28,S60,Sentosa,1.25,103.8279,1.9
2020-08-29,S60,Sentosa,1.25,103.8279,1.9
2020-08-30,S60,Sentosa,1.25,103.8279,2.0
2020-08-31,S60,Sentosa,1.25,103.8279,2.03
2020-09-01,S60,Sentosa,1.25,103.8279,2.21
2020-09-02,S60,Sentosa,1.25,103.8279,1.33
2020-09-03,S60,Sentosa,1.25,103.8279,2.45
2020-09-04,S60,Sentosa,1.25,103.8279,0.47
2020-09-05,S60,Sentosa,1.25,103.8279,2.06
2020-09-06,S60,Sentosa,1.25,103.8279,0.7
2020-09-07,S60,Sentosa,1.25,103.8279,2.17
2020-09-08,S60,Sentosa,1.25,103.8279,1.77
2020-09-09,S60,Sentosa,1.25,103.8279,1.14
2020-09-10,S60,Sentosa,1.25,103.8279,2.37
2020-09-11,S60,Sentosa,1.25,103.8279,1.94
2020-09-12,S60,Sentosa,1.25,103.8279,1.55
2020-09-13,S60,Sentosa,1.25,103.8279,2.58
2020-09-14,S60,Sentosa,1.25,103.8279,1.39
2020-09-15,S60,Sentosa,1.25,103.8279,2.51
2020-09-16,S60,Sentosa,1.25,103.8279,2.82
2020-09-17,S60,Sentosa,1.25,103.8279,2.13
2020-09-18,S60,Sentosa,1.25,103.8279,2.97
2020-09-19,S60,Sentosa,1.25,103.8279,1.63
2020-09-20,S60,Sentosa,1.25,103.8279,1.65
2020-09-21,S60,Sentosa,1.25,103.8279,3.12
2020-09-22,S60,Sentosa,1.25,103.8279,2.6
2020-09-23,S60,Sentosa,1.25,103.8279,2.06
2020-09-24,S60,Sentosa,1.25,103.8279,2.16
2020-09-25,S60,Sentosa,1.25,103.8279,4.84
2020-09-26,S60,Sentosa,1.25,103.8279,3.47
2020-09-27,S60,Sentosa,1.25,103.8279,3.59
2020-09-28,S60,Sentosa,1.25,103.8279,1.62
2020-09-29,S60,Sentosa,1.25,103.8279,3.45
2020-09-30,S60,Sentosa,1.25,103.8279,2.26
2020-10-01,S60,Sentosa,1.25,103.8279,1.07
2020-10-02,S60,Sentosa,1.25,103.8279,4.2
2020-10-03,S60,Sentosa,1.25,103.8279,2.13
2020-10-04,S60,Sentosa,1.25,103.8279,1.55
2020-10-05,S60,Sentosa,1.25,103.8279,2.0
2020-10-06,S60,Sentosa,1.25,103.8279,2.32
2020-10-07,S60,Sentosa,1.25,103.8279,2.7
2020-10-08,S60,Sentosa,1.25,103.8279,3.02
2020-10-09,S60,Sentosa,1.25,103.8279,1.93
2020-10-10,S60,Sentosa,1.25,103.8279,1.08
2020-10-11,S60,Sentosa,1.25,103.8279,3.65
2020-10-12,S60,Sentosa,1.25,103.8279,3.26
2020-10-13,S60,Sentosa,1.25,103.8279,1.84
2020-10-14,S60,Sentosa,1.25,103.8279,2.73
2020-10-15,S60,Sentosa,1.25,103.8279,2.45
2020-10-16,S60,Sentosa,1.25,103.8279,1.98
2020-10-17,S60,Sentosa,1.25,103.8279,3.51
2020-10-18,S60,Sentosa,1.25,103.8279,3.54
2020-10-19,S60,Sentosa,1.25,103.8279,2.5
2020-10-20,S60,Sentosa,1.25,103.8279,0.7
2020-10-21,S60,Sentosa,1.25,103.8279,1.55
2020-10-22,S60,Sentosa,1.25,103.8279,3.04
2020-10-23,S60,Sentosa,1.25,103.8279,2.22
2020-10-24,S60,Sentosa,1.25,103.8279,1.18
2020-10-25,S60,Sentosa,1.25,103.8279,2.26
2020-10-26,S60,Sentosa,1.25,103.8279,0.7
2020-10-27,S60,Sentosa,1.25,103.8279,1.68
2020-10-28,S60,Sentosa,1.25,103.8279,2.13
2020-10-29,S60,Sentosa,1.25,103.8279,1.43
2020-10-30,S60,Sentosa,1.25,103.8279,2.36
2020-10-31,S60,Sentosa,1.25,103.8279,1.86
2020-11-01,S60,Sentosa,1.25,103.8279,1.97
2020-11-02,S60,Sentosa,1.25,103.8279,0.86
2020-11-03,S60,Sentosa,1.25,103.8279,1.58
2020-11-04,S60,Sentosa,1.25,103.8279,1.44
2020-11-05,S60,Sentosa,1.25,103.8279,2.22
2020-11-06,S60,Sentosa,1.25,103.8279,1.75
2020-11-07,S60,Sentosa,1.25,103.8279,0.79
2020-11-08,S60,Sentosa,1.25,103.8279,1.47
2020-11-09,S60,Sentosa,1.25,103.8279,1.4
2020-11-10,S60,Sentosa,1.25,103.8279,1.34
2020-11-11,S60,Sentosa,1.25,103.8279,3.55
2020-11-12,S60,Sentosa,1.25,103.8279,3.19
2020-11-13,S60,Sentosa,1.25,103.8279,2.48
2020-11-14,S60,Sentosa,1.25,103.8279,2.62
2020-11-15,S60,Sentosa,1.25,103.8279,1.45
2020-11-16,S60,Sentosa,1.25,103.8279,2.91
2020-11-17,S60,Sentosa,1.25,103.8279,1.1
2020-11-18,S60,Sentosa,1.25,103.8279,1.91
2020-11-19,S60,Sentosa,1.25,103.8279,0.58
2020-11-20,S60,Sentosa,1.25,103.8279,1.25
2020-11-21,S60,Sentosa,1.25,103.8279,1.67
2020-11-22,S60,Sentosa,1.25,103.8279,1.01
2020-11-23,S60,Sentosa,1.25,103.8279,0.9
2020-11-24,S60,Sentosa,1.25,103.8279,1.74
2020-11-25,S60,Sentosa,1.25,103.8279,1.91
2020-11-26,S60,Sentosa,1.25,103.8279,1.42
2020-11-27,S60,Sentosa,1.25,103.8279,2.24
2020-11-28,S60,Sentosa,1.25,103.8279,2.02
2020-11-29,S60,Sentosa,1.25,103.8279,1.31
2020-11-30,S60,Sentosa,1.25,103.8279,1.91
2020-12-01,S60,Sentosa,1.25,103.8279,1.47
2020-12-02,S60,Sentosa,1.25,103.8279,1.59
2020-12-03,S60,Sentosa,1.25,103.8279,3.15
2020-12-04,S60,Sentosa,1.25,103.8279,2.64
2020-12-05,S60,Sentosa,1.25,103.8279,4.24
2020-12-06,S60,Sentosa,1.25,103.8279,2.9
2020-12-07,S60,Sentosa,1.25,103.8279,2.09
2020-12-08,S60,Sentosa,1.25,103.8279,3.35
2020-12-09,S60,Sentosa,1.25,103.8279,1.36
2020-12-10,S60,Sentosa,1.25,103.8279,2.03
2020-12-11,S60,Sentosa,1.25,103.8279,2.3
2020-12-12,S60,Sentosa,1.25,103.8279,2.95
2020-12-13,S60,Sentosa,1.25,103.8279,0.95
2020-12-14,S60,Sentosa,1.25,103.8279,2.25
2020-12-15,S60,Sentosa,1.25,103.8279,1.57
2020-12-16,S60,Sentosa,1.25,103.8279,1.76
2020-12-17,S60,Sentosa,1.25,103.8279,1.25
2020-12-18,S60,Sentosa,1.25,103.8279,1.96
2020-12-19,S60,Sentosa,1.25,103.8279,2.33
2020-12-20,S60,Sentosa,1.25,103.8279,2.56
2020-12-21,S60,Sentosa,1.25,103.8279,1.94
2020-12-22,S60,Sentosa,1.25,103.8279,2.32
2020-12-23,S60,Sentosa,1.25,103.8279,2.1
2020-12-24,S60,Sentosa,1.25,103.8279,1.98
2020-12-25,S60,Sentosa,1.25,103.8279,3.54
2020-12-26,S60,Sentosa,1.25,103.8279,1.73
2020-12-27,S60,Sentosa,1.25,103.8279,2.27
2020-12-28,S60,Sentosa,1.25,103.8279,2.28
2020-12-29,S60,Sentosa,1.25,103.8279,1.31
2020-12-30,S60,Sentosa,1.25,103.8279,2.53
2020-12-31,S60,Sentosa,1.25,103.8279,2.75
2021-01-01,S60,Sentosa,1.25,103.8279,4.15
2021-05-05,S60,Sentosa,1.25,103.8279,1.86
2021-05-06,S60,Sentosa,1.25,103.8279,1.24
2021-05-07,S60,Sentosa,1.25,103.8279,1.23
2021-05-08,S60,Sentosa,1.25,103.8279,1.24
2021-05-09,S60,Sentosa,1.25,103.8279,2.35
2021-05-10,S60,Sentosa,1.25,103.8279,3.38
2021-05-11,S60,Sentosa,1.25,103.8279,2.58
2021-05-12,S60,Sentosa,1.25,103.8279,1.39
2021-05-13,S60,Sentosa,1.25,103.8279,2.28
2021-05-14,S60,Sentosa,1.25,103.8279,1.36
2021-05-15,S60,Sentosa,1.25,103.8279,1.54
2021-05-16,S60,Sentosa,1.25,103.8279,1.67
2021-05-17,S60,Sentosa,1.25,103.8279,1.97
2021-05-18,S60,Sentosa,1.25,103.8279,3.89
2021-05-19,S60,Sentosa,1.25,103.8279,1.91
2021-05-20,S60,Sentosa,1.25,103.8279,2.41
2021-05-21,S60,Sentosa,1.25,103.8279,1.88
2021-05-22,S60,Sentosa,1.25,103.8279,2.34
2021-05-23,S60,Sentosa,1.25,103.8279,2.52
2021-05-24,S60,Sentosa,1.25,103.8279,3.68
2021-05-25,S60,Sentosa,1.25,103.8279,3.71
2021-05-26,S60,Sentosa,1.25,103.8279,3.94
2021-05-27,S60,Sentosa,1.25,103.8279,1.13
2021-05-28,S60,Sentosa,1.25,103.8279,1.93
2021-05-29,S60,Sentosa,1.25,103.8279,2.01
2021-05-31,S60,Sentosa,1.25,103.8279,1.71
2021-06-01,S60,Sentosa,1.25,103.8279,1.85
2021-06-03,S60,Sentosa,1.25,103.8279,2.52
2021-06-04,S60,Sentosa,1.25,103.8279,1.94
2021-06-05,S60,Sentosa,1.25,103.8279,1.44
2021-06-06,S60,Sentosa,1.25,103.8279,1.46
2021-06-07,S60,Sentosa,1.25,103.8279,1.8
2021-06-08,S60,Sentosa,1.25,103.8279,2.94
2021-06-09,S60,Sentosa,1.25,103.8279,1.44
2021-06-10,S60,Sentosa,1.25,103.8279,1.1
2021-06-11,S60,Sentosa,1.25,103.8279,4.06
2021-06-12,S60,Sentosa,1.25,103.8279,1.23
2021-06-13,S60,Sentosa,1.25,103.8279,1.61
2021-06-14,S60,Sentosa,1.25,103.8279,1.66
2021-06-15,S60,Sentosa,1.25,103.8279,1.25
2021-06-16,S60,Sentosa,1.25,103.8279,1.5
2021-06-17,S60,Sentosa,1.25,103.8279,2.09
2021-06-18,S60,Sentosa,1.25,103.8279,1.98
2021-06-19,S60,Sentosa,1.25,103.8279,1.29
2021-06-20,S60,Sentosa,1.25,103.8279,1.18
2021-06-21,S60,Sentosa,1.25,103.8279,2.12
2021-06-22,S60,Sentosa,1.25,103.8279,2.74
2021-06-23,S60,Sentosa,1.25,103.8279,0.9
2021-06-24,S60,Sentosa,1.25,103.8279,1.11
2021-06-25,S60,Sentosa,1.25,103.8279,2.04
2021-06-27,S60,Sentosa,1.25,103.8279,1.08
2021-06-28,S60,Sentosa,1.25,103.8279,1.46
2021-06-29,S60,Sentosa,1.25,103.8279,3.06
2021-06-30,S60,Sentosa,1.25,103.8279,1.45
2021-07-01,S60,Sentosa,1.25,103.8279,4.79
2021-07-02,S60,Sentosa,1.25,103.8279,2.0
2021-07-03,S60,Sentosa,1.25,103.8279,0.9
2021-07-04,S60,Sentosa,1.25,103.8279,2.63
2021-07-05,S60,Sentosa,1.25,103.8279,2.81
2021-07-06,S60,Sentosa,1.25,103.8279,1.38
2021-07-07,S60,Sentosa,1.25,103.8279,2.05
2021-07-08,S60,Sentosa,1.25,103.8279,2.37
2021-07-09,S60,Sentosa,1.25,103.8279,3.21
2021-07-10,S60,Sentosa,1.25,103.8279,2.03
2021-07-11,S60,Sentosa,1.25,103.8279,1.25
2021-07-12,S60,Sentosa,1.25,103.8279,1.66
2021-07-13,S60,Sentosa,1.25,103.8279,4.19
2021-07-14,S60,Sentosa,1.25,103.8279,1.15
2021-07-15,S60,Sentosa,1.25,103.8279,3.77
2021-07-16,S60,Sentosa,1.25,103.8279,3.91
2021-07-17,S60,Sentosa,1.25,103.8279,2.87
2021-07-18,S60,Sentosa,1.25,103.8279,2.68
2021-07-19,S60,Sentosa,1.25,103.8279,1.8
2021-07-20,S60,Sentosa,1.25,103.8279,1.94
2021-07-21,S60,Sentosa,1.25,103.8279,3.71
2021-07-22,S60,Sentosa,1.25,103.8279,3.16
2021-07-23,S60,Sentosa,1.25,103.8279,1.4
2021-07-24,S60,Sentosa,1.25,103.8279,3.66
2021-07-25,S60,Sentosa,1.25,103.8279,3.06
2021-07-26,S60,Sentosa,1.25,103.8279,3.33
2021-07-27,S60,Sentosa,1.25,103.8279,3.77
2021-07-28,S60,Sentosa,1.25,103.8279,4.3
2021-07-29,S60,Sentosa,1.25,103.8279,3.2
2021-07-30,S60,Sentosa,1.25,103.8279,1.32
2021-07-31,S60,Sentosa,1.25,103.8279,1.11
2021-08-01,S60,Sentosa,1.25,103.8279,1.16
2021-08-02,S60,Sentosa,1.25,103.8279,2.47
2021-08-03,S60,Sentosa,1.25,103.8279,4.3
2021-08-04,S60,Sentosa,1.25,103.8279,3.36
2021-08-05,S60,Sentosa,1.25,103.8279,2.11
2021-08-06,S60,Sentosa,1.25,103.8279,2.04
2021-08-07,S60,Sentosa,1.25,103.8279,1.43
2021-08-08,S60,Sentosa,1.25,103.8279,1.6
2021-08-09,S60,Sentosa,1.25,103.8279,3.06
2021-08-16,S60,Sentosa,1.25,103.8279,1.69
2021-08-17,S60,Sentosa,1.25,103.8279,5.15
2021-08-18,S60,Sentosa,1.25,103.8279,0.97
2021-08-19,S60,Sentosa,1.25,103.8279,1.74
2021-08-20,S60,Sentosa,1.25,103.8279,2.4
2021-08-21,S60,Sentosa,1.25,103.8279,2.38
2021-08-22,S60,Sentosa,1.25,103.8279,1.82
2021-08-23,S60,Sentosa,1.25,103.8279,2.3
2021-08-24,S60,Sentosa,1.25,103.8279,1.54
2021-08-25,S60,Sentosa,1.25,103.8279,0.88
2021-08-26,S60,Sentosa,1.25,103.8279,1.39
2021-08-27,S60,Sentosa,1.25,103.8279,4.2
2021-08-28,S60,Sentosa,1.25,103.8279,1.79
2021-08-29,S60,Sentosa,1.25,103.8279,0.65
2021-08-30,S60,Sentosa,1.25,103.8279,1.31
2021-08-31,S60,Sentosa,1.25,103.8279,2.19
2021-09-01,S60,Sentosa,1.25,103.8279,1.78
2021-09-02,S60,Sentosa,1.25,103.8279,1.57
2021-09-03,S60,Sentosa,1.25,103.8279,2.88
2021-09-04,S60,Sentosa,1.25,103.8279,1.9
2021-09-05,S60,Sentosa,1.25,103.8279,3.19
2021-09-06,S60,Sentosa,1.25,103.8279,1.27
2021-09-07,S60,Sentosa,1.25,103.8279,1.76
2021-09-08,S60,Sentosa,1.25,103.8279,3.34
2021-09-10,S60,Sentosa,1.25,103.8279,1.56
2021-09-11,S60,Sentosa,1.25,103.8279,1.74
2021-09-12,S60,Sentosa,1.25,103.8279,0.69
2021-09-13,S60,Sentosa,1.25,103.8279,5.06
2021-09-14,S60,Sentosa,1.25,103.8279,2.25
2021-09-15,S60,Sentosa,1.25,103.8279,4.91
2021-09-16,S60,Sentosa,1.25,103.8279,4.44
2021-09-17,S60,Sentosa,1.25,103.8279,2.41
2021-09-18,S60,Sentosa,1.25,103.8279,1.31
2021-09-19,S60,Sentosa,1.25,103.8279,1.97
2021-09-20,S60,Sentosa,1.25,103.8279,3.98
2021-09-21,S60,Sentosa,1.25,103.8279,2.96
2021-09-22,S60,Sentosa,1.25,103.8279,1.7
2021-09-23,S60,Sentosa,1.25,103.8279,1.95
2021-09-24,S60,Sentosa,1.25,103.8279,1.92
2021-09-25,S60,Sentosa,1.25,103.8279,2.09
2021-09-26,S60,Sentosa,1.25,103.8279,1.56
2021-09-27,S60,Sentosa,1.25,103.8279,1.74
2021-09-28,S60,Sentosa,1.25,103.8279,0.79
2021-09-29,S60,Sentosa,1.25,103.8279,2.14
2021-09-30,S60,Sentosa,1.25,103.8279,3.81
2021-10-01,S60,Sentosa,1.25,103.8279,3.21
2021-10-02,S60,Sentosa,1.25,103.8279,1.54
2021-10-03,S60,Sentosa,1.25,103.8279,1.97
2021-10-04,S60,Sentosa,1.25,103.8279,2.64
2021-10-05,S60,Sentosa,1.25,103.8279,3.54
2021-10-06,S60,Sentosa,1.25,103.8279,4.02
2021-10-07,S60,Sentosa,1.25,103.8279,3.46
2021-10-08,S60,Sentosa,1.25,103.8279,4.39
2021-10-09,S60,Sentosa,1.25,103.8279,2.4
2021-10-10,S60,Sentosa,1.25,103.8279,3.81
2021-10-11,S60,Sentosa,1.25,103.8279,2.73
2021-10-12,S60,Sentosa,1.25,103.8279,1.84
2021-10-15,S60,Sentosa,1.25,103.8279,2.29
2021-10-17,S60,Sentosa,1.25,103.8279,1.91
2021-10-18,S60,Sentosa,1.25,103.8279,1.26
2021-10-19,S60,Sentosa,1.25,103.8279,2.98
2021-10-20,S60,Sentosa,1.25,103.8279,3.99
2021-10-21,S60,Sentosa,1.25,103.8279,1.24
2021-10-22,S60,Sentosa,1.25,103.8279,1.36
2021-10-23,S60,Sentosa,1.25,103.8279,1.33
2021-10-24,S60,Sentosa,1.25,103.8279,1.23
2021-10-25,S60,Sentosa,1.25,103.8279,1.54
2021-10-26,S60,Sentosa,1.25,103.8279,2.3
2021-10-27,S60,Sentosa,1.25,103.8279,1.68
2021-10-28,S60,Sentosa,1.25,103.8279,3.17
2021-10-29,S60,Sentosa,1.25,103.8279,3.8
2021-10-30,S60,Sentosa,1.25,103.8279,1.53
2021-10-31,S60,Sentosa,1.25,103.8279,0.95
2021-11-01,S60,Sentosa,1.25,103.8279,0.99
2021-11-02,S60,Sentosa,1.25,103.8279,2.05
2021-11-03,S60,Sentosa,1.25,103.8279,0.91
2021-11-04,S60,Sentosa,1.25,103.8279,1.24
2021-11-05,S60,Sentosa,1.25,103.8279,1.05
2021-11-07,S60,Sentosa,1.25,103.8279,2.34
2021-11-08,S60,Sentosa,1.25,103.8279,1.16
2021-11-09,S60,Sentosa,1.25,103.8279,1.46
2021-11-10,S60,Sentosa,1.25,103.8279,6.11
2021-11-11,S60,Sentosa,1.25,103.8279,1.04
2021-11-12,S60,Sentosa,1.25,103.8279,3.21
2021-11-13,S60,Sentosa,1.25,103.8279,1.35
2021-11-14,S60,Sentosa,1.25,103.8279,1.84
2021-11-15,S60,Sentosa,1.25,103.8279,2.88
2021-11-16,S60,Sentosa,1.25,103.8279,4.23
2021-11-17,S60,Sentosa,1.25,103.8279,2.55
2021-11-18,S60,Sentosa,1.25,103.8279,1.65
2021-11-19,S60,Sentosa,1.25,103.8279,1.32
2021-11-20,S60,Sentosa,1.25,103.8279,1.14
2021-11-21,S60,Sentosa,1.25,103.8279,1.2
2021-11-22,S60,Sentosa,1.25,103.8279,1.05
2021-11-23,S60,Sentosa,1.25,103.8279,1.13
2021-11-24,S60,Sentosa,1.25,103.8279,1.15
2021-11-25,S60,Sentosa,1.25,103.8279,2.09
2021-11-26,S60,Sentosa,1.25,103.8279,1.74
2021-11-27,S60,Sentosa,1.25,103.8279,1.32
2021-11-28,S60,Sentosa,1.25,103.8279,1.02
2021-11-29,S60,Sentosa,1.25,103.8279,1.31
2021-11-30,S60,Sentosa,1.25,103.8279,3.39
2021-12-01,S60,Sentosa,1.25,103.8279,3.82
2021-12-02,S60,Sentosa,1.25,103.8279,1.25
2021-12-03,S60,Sentosa,1.25,103.8279,2.92
2021-12-04,S60,Sentosa,1.25,103.8279,2.59
2021-12-05,S60,Sentosa,1.25,103.8279,4.04
2021-12-06,S60,Sentosa,1.25,103.8279,2.63
2021-12-07,S60,Sentosa,1.25,103.8279,3.86
2021-12-08,S60,Sentosa,1.25,103.8279,3.34
2021-12-09,S60,Sentosa,1.25,103.8279,2.58
2021-12-10,S60,Sentosa,1.25,103.8279,1.56
2021-12-11,S60,Sentosa,1.25,103.8279,1.99
2021-12-12,S60,Sentosa,1.25,103.8279,2.06
2021-12-13,S60,Sentosa,1.25,103.8279,2.64
2021-12-14,S60,Sentosa,1.25,103.8279,3.4
2021-12-15,S60,Sentosa,1.25,103.8279,2.55
2021-12-16,S60,Sentosa,1.25,103.8279,3.82
2021-12-17,S60,Sentosa,1.25,103.8279,3.57
2021-12-18,S60,Sentosa,1.25,103.8279,1.78
2021-12-19,S60,Sentosa,1.25,103.8279,2.24
2021-12-20,S60,Sentosa,1.25,103.8279,1.83
2021-12-21,S60,Sentosa,1.25,103.8279,3.44
2021-12-22,S60,Sentosa,1.25,103.8279,1.16
2021-12-23,S60,Sentosa,1.25,103.8279,1.3
2021-12-24,S60,Sentosa,1.25,103.8279,2.67
2021-12-25,S60,Sentosa,1.25,103.8279,2.46
2021-12-26,S60,Sentosa,1.25,103.8279,2.76
2021-12-27,S60,Sentosa,1.25,103.8279,3.02
2021-12-28,S60,Sentosa,1.25,103.8279,2.08
2021-12-29,S60,Sentosa,1.25,103.8279,2.14
2021-12-30,S60,Sentosa,1.25,103.8279,2.44
2021-12-31,S60,Sentosa,1.25,103.8279,3.96
2022-01-01,S60,Sentosa,1.25,103.8279,2.22
2022-01-02,S60,Sentosa,1.25,103.8279,3.97
2022-01-03,S60,Sentosa,1.25,103.8279,3.08
2022-01-04,S60,Sentosa,1.25,103.8279,2.37
2022-01-05,S60,Sentosa,1.25,103.8279,1.5
2022-01-06,S60,Sentosa,1.25,103.8279,2.76
2022-01-07,S60,Sentosa,1.25,103.8279,1.92
2022-01-08,S60,Sentosa,1.25,103.8279,2.68
2022-01-09,S60,Sentosa,1.25,103.8279,2.78
2022-01-10,S60,Sentosa,1.25,103.8279,2.91
2022-01-11,S60,Sentosa,1.25,103.8279,2.31
2022-01-12,S60,Sentosa,1.25,103.8279,3.26
2022-01-13,S60,Sentosa,1.25,103.8279,3.84
2022-01-14,S60,Sentosa,1.25,103.8279,3.0
2022-01-15,S60,Sentosa,1.25,103.8279,2.95
2022-01-16,S60,Sentosa,1.25,103.8279,2.98
2022-01-17,S60,Sentosa,1.25,103.8279,3.68
2022-01-18,S60,Sentosa,1.25,103.8279,3.84
2022-01-19,S60,Sentosa,1.25,103.8279,3.07
2022-01-20,S60,Sentosa,1.25,103.8279,2.69
2022-01-21,S60,Sentosa,1.25,103.8279,2.6
2022-01-22,S60,Sentosa,1.25,103.8279,2.2
2022-01-23,S60,Sentosa,1.25,103.8279,2.19
2022-01-24,S60,Sentosa,1.25,103.8279,2.44
2022-01-25,S60,Sentosa,1.25,103.8279,2.79
2022-01-26,S60,Sentosa,1.25,103.8279,2.4
2022-01-27,S60,Sentosa,1.25,103.8279,1.88
2022-01-28,S60,Sentosa,1.25,103.8279,2.14
2022-01-29,S60,Sentosa,1.25,103.8279,3.45
2022-01-30,S60,Sentosa,1.25,103.8279,2.34
2022-01-31,S60,Sentosa,1.25,103.8279,2.84
2022-02-01,S60,Sentosa,1.25,103.8279,3.03
2022-02-02,S60,Sentosa,1.25,103.8279,2.13
2022-02-03,S60,Sentosa,1.25,103.8279,2.83
2022-02-04,S60,Sentosa,1.25,103.8279,3.71
2022-02-05,S60,Sentosa,1.25,103.8279,3.1
2022-02-06,S60,Sentosa,1.25,103.8279,1.49
2022-02-07,S60,Sentosa,1.25,103.8279,2.49
2022-02-08,S60,Sentosa,1.25,103.8279,2.02
2022-02-09,S60,Sentosa,1.25,103.8279,1.2
2022-02-10,S60,Sentosa,1.25,103.8279,2.1
2022-02-11,S60,Sentosa,1.25,103.8279,0.87
2022-02-12,S60,Sentosa,1.25,103.8279,2.37
2022-02-13,S60,Sentosa,1.25,103.8279,2.09
2022-02-14,S60,Sentosa,1.25,103.8279,3.13
2022-02-15,S60,Sentosa,1.25,103.8279,3.77
2022-02-16,S60,Sentosa,1.25,103.8279,1.51
2022-02-17,S60,Sentosa,1.25,103.8279,2.7
2022-02-18,S60,Sentosa,1.25,103.8279,3.29
2022-02-19,S60,Sentosa,1.25,103.8279,1.49
2022-02-21,S60,Sentosa,1.25,103.8279,3.27
2022-02-22,S60,Sentosa,1.25,103.8279,2.07
2022-02-23,S60,Sentosa,1.25,103.8279,2.26
2022-02-24,S60,Sentosa,1.25,103.8279,2.44
2022-02-26,S60,Sentosa,1.25,103.8279,3.19
2022-02-27,S60,Sentosa,1.25,103.8279,3.1
2022-02-28,S60,Sentosa,1.25,103.8279,3.41
2022-03-01,S60,Sentosa,1.25,103.8279,0.96
2022-03-02,S60,Sentosa,1.25,103.8279,2.65
2022-03-03,S60,Sentosa,1.25,103.8279,1.89
2022-03-06,S60,Sentosa,1.25,103.8279,1.01
2022-03-07,S60,Sentosa,1.25,103.8279,2.42
2022-03-08,S60,Sentosa,1.25,103.8279,2.61
2022-03-09,S60,Sentosa,1.25,103.8279,3.32
2022-03-10,S60,Sentosa,1.25,103.8279,2.47
2022-03-11,S60,Sentosa,1.25,103.8279,2.43
2022-03-12,S60,Sentosa,1.25,103.8279,2.22
2022-03-13,S60,Sentosa,1.25,103.8279,2.75
2022-03-14,S60,Sentosa,1.25,103.8279,2.85
2022-03-15,S60,Sentosa,1.25,103.8279,1.6
2022-03-16,S60,Sentosa,1.25,103.8279,2.39
2022-03-17,S60,Sentosa,1.25,103.8279,0.71
2022-03-18,S60,Sentosa,1.25,103.8279,1.57
2022-03-19,S60,Sentosa,1.25,103.8279,3.66
2022-03-20,S60,Sentosa,1.25,103.8279,1.18
2022-03-21,S60,Sentosa,1.25,103.8279,3.9
2022-03-22,S60,Sentosa,1.25,103.8279,3.56
2022-03-23,S60,Sentosa,1.25,103.8279,3.58
2022-03-24,S60,Sentosa,1.25,103.8279,2.57
2022-03-25,S60,Sentosa,1.25,103.8279,3.03
2022-03-26,S60,Sentosa,1.25,103.8279,1.96
2022-03-27,S60,Sentosa,1.25,103.8279,1.06
2022-03-28,S60,Sentosa,1.25,103.8279,2.07
2022-03-29,S60,Sentosa,1.25,103.8279,2.68
2022-03-30,S60,Sentosa,1.25,103.8279,2.98
2022-03-31,S60,Sentosa,1.25,103.8279,1.24
2022-04-01,S60,Sentosa,1.25,103.8279,2.4
2022-04-02,S60,Sentosa,1.25,103.8279,0.72
2022-04-03,S60,Sentosa,1.25,103.8279,2.07
2022-04-04,S60,Sentosa,1.25,103.8279,1.81
2022-04-05,S60,Sentosa,1.25,103.8279,1.07
2022-04-06,S60,Sentosa,1.25,103.8279,1.94
2022-04-07,S60,Sentosa,1.25,103.8279,1.48
2022-04-08,S60,Sentosa,1.25,103.8279,2.26
2022-04-09,S60,Sentosa,1.25,103.8279,1.93
2022-04-10,S60,Sentosa,1.25,103.8279,2.02
2022-04-11,S60,Sentosa,1.25,103.8279,0.94
2022-04-12,S60,Sentosa,1.25,103.8279,2.89
2022-04-13,S60,Sentosa,1.25,103.8279,1.4
2022-04-14,S60,Sentosa,1.25,103.8279,1.9
2022-04-15,S60,Sentosa,1.25,103.8279,1.88
2022-04-16,S60,Sentosa,1.25,103.8279,1.71
2022-04-17,S60,Sentosa,1.25,103.8279,2.02
2022-04-18,S60,Sentosa,1.25,103.8279,1.4
2022-04-19,S60,Sentosa,1.25,103.8279,1.03
2022-04-21,S60,Sentosa,1.25,103.8279,0.98
2022-04-22,S60,Sentosa,1.25,103.8279,2.48
2022-04-23,S60,Sentosa,1.25,103.8279,0.78
2022-04-24,S60,Sentosa,1.25,103.8279,3.77
2022-04-25,S60,Sentosa,1.25,103.8279,1.35
2022-04-26,S60,Sentosa,1.25,103.8279,1.17
2022-04-27,S60,Sentosa,1.25,103.8279,1.29
2022-04-28,S60,Sentosa,1.25,103.8279,0.92
2022-04-29,S60,Sentosa,1.25,103.8279,1.82
2022-04-30,S60,Sentosa,1.25,103.8279,0.89
2022-05-01,S60,Sentosa,1.25,103.8279,2.13
2022-05-02,S60,Sentosa,1.25,103.8279,3.15
2022-05-03,S60,Sentosa,1.25,103.8279,1.67
2022-05-04,S60,Sentosa,1.25,103.8279,1.62
2022-05-05,S60,Sentosa,1.25,103.8279,1.88
2022-05-06,S60,Sentosa,1.25,103.8279,2.55
2022-05-07,S60,Sentosa,1.25,103.8279,4.02
2022-05-08,S60,Sentosa,1.25,103.8279,2.64
2022-05-09,S60,Sentosa,1.25,103.8279,2.84
2022-05-10,S60,Sentosa,1.25,103.8279,4.62
2022-05-11,S60,Sentosa,1.25,103.8279,1.79
2022-05-12,S60,Sentosa,1.25,103.8279,1.26
2022-05-13,S60,Sentosa,1.25,103.8279,2.7
2022-05-14,S60,Sentosa,1.25,103.8279,4.6
2022-05-15,S60,Sentosa,1.25,103.8279,1.49
2022-05-16,S60,Sentosa,1.25,103.8279,0.93
2022-05-17,S60,Sentosa,1.25,103.8279,3.49
2022-05-18,S60,Sentosa,1.25,103.8279,2.91
2022-05-19,S60,Sentosa,1.25,103.8279,1.03
2022-05-20,S60,Sentosa,1.25,103.8279,1.24
2022-05-21,S60,Sentosa,1.25,103.8279,1.88
2022-05-22,S60,Sentosa,1.25,103.8279,1.68
2022-05-23,S60,Sentosa,1.25,103.8279,3.12
2022-05-24,S60,Sentosa,1.25,103.8279,3.14
2022-05-25,S60,Sentosa,1.25,103.8279,2.77
2022-05-26,S60,Sentosa,1.25,103.8279,3.2
2022-05-27,S60,Sentosa,1.25,103.8279,0.88
2022-05-28,S60,Sentosa,1.25,103.8279,1.45
2022-05-29,S60,Sentosa,1.25,103.8279,1.56
2022-05-30,S60,Sentosa,1.25,103.8279,1.97
2022-05-31,S60,Sentosa,1.25,103.8279,2.2
2022-06-01,S60,Sentosa,1.25,103.8279,2.41
2022-06-02,S60,Sentosa,1.25,103.8279,2.88
2022-06-03,S60,Sentosa,1.25,103.8279,2.48
2022-06-04,S60,Sentosa,1.25,103.8279,3.07
2022-06-05,S60,Sentosa,1.25,103.8279,1.36
2022-06-06,S60,Sentosa,1.25,103.8279,1.53
2022-06-07,S60,Sentosa,1.25,103.8279,1.05
2022-06-08,S60,Sentosa,1.25,103.8279,3.99
2022-06-09,S60,Sentosa,1.25,103.8279,1.96
2022-06-10,S60,Sentosa,1.25,103.8279,1.71
2022-06-11,S60,Sentosa,1.25,103.8279,3.75
2022-06-12,S60,Sentosa,1.25,103.8279,1.65
2022-06-13,S60,Sentosa,1.25,103.8279,1.34
2022-06-14,S60,Sentosa,1.25,103.8279,1.72
2022-06-15,S60,Sentosa,1.25,103.8279,1.52
2022-06-16,S60,Sentosa,1.25,103.8279,3.81
2022-06-17,S60,Sentosa,1.25,103.8279,1.03
2022-06-18,S60,Sentosa,1.25,103.8279,1.26
2022-06-19,S60,Sentosa,1.25,103.8279,1.18
2022-06-20,S60,Sentosa,1.25,103.8279,2.12
2022-06-21,S60,Sentosa,1.25,103.8279,1.65
2022-06-22,S60,Sentosa,1.25,103.8279,2.6
2022-06-23,S60,Sentosa,1.25,103.8279,3.49
2022-06-24,S60,Sentosa,1.25,103.8279,2.45
2022-06-25,S60,Sentosa,1.25,103.8279,1.66
2022-06-26,S60,Sentosa,1.25,103.8279,1.77
2022-06-27,S60,Sentosa,1.25,103.8279,1.8
2022-06-28,S60,Sentosa,1.25,103.8279,1.14
2022-06-29,S60,Sentosa,1.25,103.8279,1.87
2022-06-30,S60,Sentosa,1.25,103.8279,2.81
2022-07-01,S60,Sentosa,1.25,103.8279,2.18
2022-07-02,S60,Sentosa,1.25,103.8279,1.63
2022-07-03,S60,Sentosa,1.25,103.8279,1.35
2022-07-04,S60,Sentosa,1.25,103.8279,3.6
2022-07-05,S60,Sentosa,1.25,103.8279,2.78
2022-07-06,S60,Sentosa,1.25,103.8279,2.95
2022-07-07,S60,Sentosa,1.25,103.8279,2.28
2022-07-08,S60,Sentosa,1.25,103.8279,2.06
2022-07-09,S60,Sentosa,1.25,103.8279,1.13
2022-07-10,S60,Sentosa,1.25,103.8279,1.59
2022-07-11,S60,Sentosa,1.25,103.8279,1.76
2022-07-12,S60,Sentosa,1.25,103.8279,1.64
2022-07-13,S60,Sentosa,1.25,103.8279,2.4
2022-07-14,S60,Sentosa,1.25,103.8279,2.58
2022-07-15,S60,Sentosa,1.25,103.8279,3.16
2022-07-16,S60,Sentosa,1.25,103.8279,2.64
2022-07-17,S60,Sentosa,1.25,103.8279,3.53
2022-07-18,S60,Sentosa,1.25,103.8279,4.2
2022-07-19,S60,Sentosa,1.25,103.8279,5.0
2022-07-20,S60,Sentosa,1.25,103.8279,1.78
2022-07-21,S60,Sentosa,1.25,103.8279,3.27
2022-07-22,S60,Sentosa,1.25,103.8279,1.53
2022-07-23,S60,Sentosa,1.25,103.8279,1.29
2022-07-24,S60,Sentosa,1.25,103.8279,0.78
2022-07-25,S60,Sentosa,1.25,103.8279,2.02
2022-07-26,S60,Sentosa,1.25,103.8279,2.46
2022-07-27,S60,Sentosa,1.25,103.8279,2.85
2022-07-28,S60,Sentosa,1.25,103.8279,4.66
2022-07-29,S60,Sentosa,1.25,103.8279,2.45
2022-07-30,S60,Sentosa,1.25,103.8279,2.56
2022-07-31,S60,Sentosa,1.25,103.8279,3.92
2022-08-01,S60,Sentosa,1.25,103.8279,3.09
2022-08-02,S60,Sentosa,1.25,103.8279,0.86
2022-08-03,S60,Sentosa,1.25,103.8279,3.87
2022-08-04,S60,Sentosa,1.25,103.8279,1.82
2022-08-05,S60,Sentosa,1.25,103.8279,0.95
2022-08-06,S60,Sentosa,1.25,103.8279,2.84
2022-08-07,S60,Sentosa,1.25,103.8279,3.78
2022-08-08,S60,Sentosa,1.25,103.8279,2.19
2022-08-09,S60,Sentosa,1.25,103.8279,2.91
2022-08-10,S60,Sentosa,1.25,103.8279,3.62
2022-08-12,S60,Sentosa,1.25,103.8279,3.32
2022-08-13,S60,Sentosa,1.25,103.8279,0.65
2022-08-14,S60,Sentosa,1.25,103.8279,2.45
2022-08-15,S60,Sentosa,1.25,103.8279,1.05
2022-08-16,S60,Sentosa,1.25,103.8279,1.76
2022-08-17,S60,Sentosa,1.25,103.8279,3.18
2022-08-18,S60,Sentosa,1.25,103.8279,3.08
2022-08-19,S60,Sentosa,1.25,103.8279,1.58
2022-08-20,S60,Sentosa,1.25,103.8279,0.67
2022-08-21,S60,Sentosa,1.25,103.8279,1.77
2022-08-22,S60,Sentosa,1.25,103.8279,2.71
2022-08-23,S60,Sentosa,1.25,103.8279,1.03
2022-08-24,S60,Sentosa,1.25,103.8279,1.48
2022-08-25,S60,Sentosa,1.25,103.8279,3.43
2022-08-26,S60,Sentosa,1.25,103.8279,0.81
2022-08-27,S60,Sentosa,1.25,103.8279,2.4
2022-08-28,S60,Sentosa,1.25,103.8279,1.26
2022-08-29,S60,Sentosa,1.25,103.8279,2.11
2022-08-30,S60,Sentosa,1.25,103.8279,2.94
2022-08-31,S60,Sentosa,1.25,103.8279,4.69
2022-09-01,S60,Sentosa,1.25,103.8279,1.76
2022-09-02,S60,Sentosa,1.25,103.8279,2.76
2022-09-03,S60,Sentosa,1.25,103.8279,2.78
2022-09-04,S60,Sentosa,1.25,103.8279,2.46
2022-09-05,S60,Sentosa,1.25,103.8279,4.76
2022-09-06,S60,Sentosa,1.25,103.8279,0.98
2022-09-07,S60,Sentosa,1.25,103.8279,1.55
2022-09-08,S60,Sentosa,1.25,103.8279,1.82
2022-09-09,S60,Sentosa,1.25,103.8279,3.81
2022-09-10,S60,Sentosa,1.25,103.8279,2.14
2022-09-11,S60,Sentosa,1.25,103.8279,1.39
2022-09-12,S60,Sentosa,1.25,103.8279,1.55
2022-09-14,S60,Sentosa,1.25,103.8279,4.96
2022-09-15,S60,Sentosa,1.25,103.8279,1.52
2022-09-16,S60,Sentosa,1.25,103.8279,1.16
2022-09-17,S60,Sentosa,1.25,103.8279,1.86
2022-09-18,S60,Sentosa,1.25,103.8279,3.24
2022-09-19,S60,Sentosa,1.25,103.8279,2.6
2022-09-20,S60,Sentosa,1.25,103.8279,1.24
2022-09-21,S60,Sentosa,1.25,103.8279,1.59
2022-09-22,S60,Sentosa,1.25,103.8279,2.29
2022-09-23,S60,Sentosa,1.25,103.8279,2.09
2022-09-24,S60,Sentosa,1.25,103.8279,1.83
2022-09-25,S60,Sentosa,1.25,103.8279,1.73
2022-09-26,S60,Sentosa,1.25,103.8279,1.24
2022-09-27,S60,Sentosa,1.25,103.8279,1.69
2022-09-28,S60,Sentosa,1.25,103.8279,1.23
2022-09-29,S60,Sentosa,1.25,103.8279,0.96
2022-09-30,S60,Sentosa,1.25,103.8279,2.3
2022-10-01,S60,Sentosa,1.25,103.8279,1.18
2022-10-02,S60,Sentosa,1.25,103.8279,0.82
2022-10-03,S60,Sentosa,1.25,103.8279,0.68
2022-10-04,S60,Sentosa,1.25,103.8279,2.47
2022-10-05,S60,Sentosa,1.25,103.8279,2.88
2022-10-06,S60,Sentosa,1.25,103.8279,2.34
2022-10-07,S60,Sentosa,1.25,103.8279,1.93
2022-10-08,S60,Sentosa,1.25,103.8279,2.6
2022-10-09,S60,Sentosa,1.25,103.8279,1.32
2022-10-10,S60,Sentosa,1.25,103.8279,1.56
2022-10-11,S60,Sentosa,1.25,103.8279,1.74
2022-10-12,S60,Sentosa,1.25,103.8279,2.7
2022-10-13,S60,Sentosa,1.25,103.8279,1.12
2022-10-14,S60,Sentosa,1.25,103.8279,3.98
2022-10-15,S60,Sentosa,1.25,103.8279,2.17
2022-10-16,S60,Sentosa,1.25,103.8279,0.86
2022-10-17,S60,Sentosa,1.25,103.8279,0.84
2022-10-18,S60,Sentosa,1.25,103.8279,2.18
2022-10-19,S60,Sentosa,1.25,103.8279,2.72
2022-10-20,S60,Sentosa,1.25,103.8279,2.48
2022-10-21,S60,Sentosa,1.25,103.8279,1.02
2022-10-22,S60,Sentosa,1.25,103.8279,3.42
2022-10-23,S60,Sentosa,1.25,103.8279,1.85
2022-10-24,S60,Sentosa,1.25,103.8279,1.88
2022-10-25,S60,Sentosa,1.25,103.8279,3.35
2022-10-26,S60,Sentosa,1.25,103.8279,3.42
2022-10-27,S60,Sentosa,1.25,103.8279,3.78
2022-10-28,S60,Sentosa,1.25,103.8279,2.45
2022-10-29,S60,Sentosa,1.25,103.8279,1.52
2022-10-30,S60,Sentosa,1.25,103.8279,4.17
2022-10-31,S60,Sentosa,1.25,103.8279,1.1
2022-11-01,S60,Sentosa,1.25,103.8279,2.41
2022-11-02,S60,Sentosa,1.25,103.8279,1.43
2022-11-03,S60,Sentosa,1.25,103.8279,2.16
2022-11-04,S60,Sentosa,1.25,103.8279,4.17
2022-11-05,S60,Sentosa,1.25,103.8279,0.76
2022-11-06,S60,Sentosa,1.25,103.8279,1.79
2022-11-07,S60,Sentosa,1.25,103.8279,0.76
2022-11-08,S60,Sentosa,1.25,103.8279,1.07
2022-11-09,S60,Sentosa,1.25,103.8279,1.72
2022-11-10,S60,Sentosa,1.25,103.8279,0.98
2022-11-11,S60,Sentosa,1.25,103.8279,1.39
2022-11-12,S60,Sentosa,1.25,103.8279,1.97
2022-11-15,S60,Sentosa,1.25,103.8279,1.88
2022-11-16,S60,Sentosa,1.25,103.8279,2.43
2022-11-17,S60,Sentosa,1.25,103.8279,1.5
2022-11-18,S60,Sentosa,1.25,103.8279,1.75
2022-11-19,S60,Sentosa,1.25,103.8279,3.94
2022-11-20,S60,Sentosa,1.25,103.8279,3.27
2022-11-21,S60,Sentosa,1.25,103.8279,4.02
2022-11-22,S60,Sentosa,1.25,103.8279,2.46
2022-11-24,S60,Sentosa,1.25,103.8279,7.14
2022-11-25,S60,Sentosa,1.25,103.8279,1.68
2022-11-26,S60,Sentosa,1.25,103.8279,2.69
2022-11-27,S60,Sentosa,1.25,103.8279,0.75
2022-11-28,S60,Sentosa,1.25,103.8279,2.4
2022-11-29,S60,Sentosa,1.25,103.8279,1.25
2022-11-30,S60,Sentosa,1.25,103.8279,1.85
2022-12-01,S60,Sentosa,1.25,103.8279,1.59
2022-12-02,S60,Sentosa,1.25,103.8279,2.26
2022-12-03,S60,Sentosa,1.25,103.8279,2.41
2022-12-04,S60,Sentosa,1.25,103.8279,1.74
2022-12-05,S60,Sentosa,1.25,103.8279,0.93
2022-12-06,S60,Sentosa,1.25,103.8279,1.2
2022-12-07,S60,Sentosa,1.25,103.8279,1.68
2022-12-08,S60,Sentosa,1.25,103.8279,3.75
2022-12-09,S60,Sentosa,1.25,103.8279,2.26
2022-12-10,S60,Sentosa,1.25,103.8279,1.47
2022-12-11,S60,Sentosa,1.25,103.8279,1.09
2022-12-12,S60,Sentosa,1.25,103.8279,1.77
2022-12-13,S60,Sentosa,1.25,103.8279,3.16
2022-12-14,S60,Sentosa,1.25,103.8279,1.9
2022-12-15,S60,Sentosa,1.25,103.8279,1.49
2022-12-16,S60,Sentosa,1.25,103.8279,1.48
2022-12-17,S60,Sentosa,1.25,103.8279,1.86
2022-12-18,S60,Sentosa,1.25,103.8279,1.71
2022-12-19,S60,Sentosa,1.25,103.8279,2.42
2022-12-20,S60,Sentosa,1.25,103.8279,1.44
2022-12-21,S60,Sentosa,1.25,103.8279,2.46
2022-12-22,S60,Sentosa,1.25,103.8279,2.65
2022-12-23,S60,Sentosa,1.25,103.8279,0.81
2022-12-24,S60,Sentosa,1.25,103.8279,3.35
2022-12-25,S60,Sentosa,1.25,103.8279,3.74
2022-12-26,S60,Sentosa,1.25,103.8279,3.41
2022-12-27,S60,Sentosa,1.25,103.8279,2.96
2022-12-28,S60,Sentosa,1.25,103.8279,1.42
2022-12-29,S60,Sentosa,1.25,103.8279,3.12
2022-12-30,S60,Sentosa,1.25,103.8279,3.39
2022-12-31,S60,Sentosa,1.25,103.8279,3.1
2023-01-01,S60,Sentosa,1.25,103.8279,2.43
2023-01-10,S60,Sentosa,1.25,103.8279,1.42
2023-01-11,S60,Sentosa,1.25,103.8279,2.02
2023-01-12,S60,Sentosa,1.25,103.8279,2.27
2023-01-13,S60,Sentosa,1.25,103.8279,4.82
2023-01-16,S60,Sentosa,1.25,103.8279,2.41
2023-01-17,S60,Sentosa,1.25,103.8279,2.85
2023-01-18,S60,Sentosa,1.25,103.8279,3.25
2023-01-19,S60,Sentosa,1.25,103.8279,1.77
2023-01-20,S60,Sentosa,1.25,103.8279,2.11
2023-01-21,S60,Sentosa,1.25,103.8279,2.36
2023-01-22,S60,Sentosa,1.25,103.8279,1.68
2023-01-23,S60,Sentosa,1.25,103.8279,2.0
2023-01-24,S60,Sentosa,1.25,103.8279,2.58
2023-01-26,S60,Sentosa,1.25,103.8279,2.89
2023-01-27,S60,Sentosa,1.25,103.8279,4.04
2023-01-28,S60,Sentosa,1.25,103.8279,2.9
2023-01-29,S60,Sentosa,1.25,103.8279,2.66
2023-01-30,S60,Sentosa,1.25,103.8279,3.42
2023-01-31,S60,Sentosa,1.25,103.8279,1.6
2023-02-01,S60,Sentosa,1.25,103.8279,2.11
2023-02-02,S60,Sentosa,1.25,103.8279,1.38
2023-02-03,S60,Sentosa,1.25,103.8279,1.41
2023-02-04,S60,Sentosa,1.25,103.8279,1.62
2023-02-05,S60,Sentosa,1.25,103.8279,1.33
2023-02-06,S60,Sentosa,1.25,103.8279,1.26
2023-02-07,S60,Sentosa,1.25,103.8279,3.02
2023-02-08,S60,Sentosa,1.25,103.8279,2.38
2023-02-09,S60,Sentosa,1.25,103.8279,2.35
2023-02-10,S60,Sentosa,1.25,103.8279,2.38
2023-02-11,S60,Sentosa,1.25,103.8279,2.13
2023-02-12,S60,Sentosa,1.25,103.8279,1.49
2023-02-13,S60,Sentosa,1.25,103.8279,1.92
2023-02-14,S60,Sentosa,1.25,103.8279,3.1
2023-02-15,S60,Sentosa,1.25,103.8279,2.42
2023-02-16,S60,Sentosa,1.25,103.8279,1.83
2023-02-17,S60,Sentosa,1.25,103.8279,2.72
2023-02-18,S60,Sentosa,1.25,103.8279,2.52
2023-02-19,S60,Sentosa,1.25,103.8279,2.78
2023-02-20,S60,Sentosa,1.25,103.8279,2.47
2023-02-21,S60,Sentosa,1.25,103.8279,2.8
2023-02-22,S60,Sentosa,1.25,103.8279,3.45
2023-02-23,S60,Sentosa,1.25,103.8279,2.9
2023-02-24,S60,Sentosa,1.25,103.8279,2.46
2023-02-25,S60,Sentosa,1.25,103.8279,3.67
2023-02-26,S60,Sentosa,1.25,103.8279,3.66
2023-02-27,S60,Sentosa,1.25,103.8279,3.3
2023-02-28,S60,Sentosa,1.25,103.8279,3.92
2023-03-01,S60,Sentosa,1.25,103.8279,1.66
2023-03-02,S60,Sentosa,1.25,103.8279,1.66
2023-03-03,S60,Sentosa,1.25,103.8279,2.08
2023-03-04,S60,Sentosa,1.25,103.8279,3.03
2023-03-05,S60,Sentosa,1.25,103.8279,2.13
2023-03-06,S60,Sentosa,1.25,103.8279,3.02
2023-03-07,S60,Sentosa,1.25,103.8279,2.78
2023-03-08,S60,Sentosa,1.25,103.8279,2.71
2023-03-09,S60,Sentosa,1.25,103.8279,2.92
2023-03-10,S60,Sentosa,1.25,103.8279,2.94
2023-03-11,S60,Sentosa,1.25,103.8279,2.47
2023-03-12,S60,Sentosa,1.25,103.8279,3.26
2023-03-13,S60,Sentosa,1.25,103.8279,2.63
2023-03-14,S60,Sentosa,1.25,103.8279,2.67
2023-03-15,S60,Sentosa,1.25,103.8279,2.96
2023-03-16,S60,Sentosa,1.25,103.8279,2.4
2023-03-17,S60,Sentosa,1.25,103.8279,2.95
2023-03-18,S60,Sentosa,1.25,103.8279,2.39
2023-03-19,S60,Sentosa,1.25,103.8279,3.1
2023-03-20,S60,Sentosa,1.25,103.8279,2.76
2023-03-21,S60,Sentosa,1.25,103.8279,1.37
2023-03-22,S60,Sentosa,1.25,103.8279,3.26
2023-03-23,S60,Sentosa,1.25,103.8279,1.45
2023-03-24,S60,Sentosa,1.25,103.8279,2.26
2023-03-25,S60,Sentosa,1.25,103.8279,0.83
2023-03-26,S60,Sentosa,1.25,103.8279,2.18
2023-03-27,S60,Sentosa,1.25,103.8279,1.21
2023-03-28,S60,Sentosa,1.25,103.8279,2.2
2023-03-29,S60,Sentosa,1.25,103.8279,2.74
2023-03-30,S60,Sentosa,1.25,103.8279,0.75
2023-03-31,S60,Sentosa,1.25,103.8279,1.16
2023-04-01,S60,Sentosa,1.25,103.8279,1.17
2023-04-02,S60,Sentosa,1.25,103.8279,1.13
2023-04-03,S60,Sentosa,1.25,103.8279,2.53
2023-04-04,S60,Sentosa,1.25,103.8279,0.86
2023-04-05,S60,Sentosa,1.25,103.8279,0.99
2023-04-06,S60,Sentosa,1.25,103.8279,1.7
2023-04-07,S60,Sentosa,1.25,103.8279,1.12
2023-04-08,S60,Sentosa,1.25,103.8279,1.78
2023-04-09,S60,Sentosa,1.25,103.8279,2.0
2023-04-10,S60,Sentosa,1.25,103.8279,1.66
2023-04-11,S60,Sentosa,1.25,103.8279,2.66
2023-04-12,S60,Sentosa,1.25,103.8279,1.09
2023-04-13,S60,Sentosa,1.25,103.8279,2.7
2023-04-17,S60,Sentosa,1.25,103.8279,2.21
2023-04-18,S60,Sentosa,1.25,103.8279,1.55
2023-04-19,S60,Sentosa,1.25,103.8279,3.09
2023-04-20,S60,Sentosa,1.25,103.8279,1.08
2023-04-21,S60,Sentosa,1.25,103.8279,2.24
2023-04-22,S60,Sentosa,1.25,103.8279,2.97
2023-04-23,S60,Sentosa,1.25,103.8279,3.5
2023-04-24,S60,Sentosa,1.25,103.8279,2.32
2023-04-25,S60,Sentosa,1.25,103.8279,1.12
2023-04-26,S60,Sentosa,1.25,103.8279,2.29
2023-04-27,S60,Sentosa,1.25,103.8279,1.31
2023-04-28,S60,Sentosa,1.25,103.8279,0.89
2023-04-29,S60,Sentosa,1.25,103.8279,0.59
2023-04-30,S60,Sentosa,1.25,103.8279,1.71
2023-05-01,S60,Sentosa,1.25,103.8279,1.86
2023-05-02,S60,Sentosa,1.25,103.8279,2.62
2023-05-03,S60,Sentosa,1.25,103.8279,1.49
2023-05-04,S60,Sentosa,1.25,103.8279,0.78
2023-05-05,S60,Sentosa,1.25,103.8279,1.87
2023-05-06,S60,Sentosa,1.25,103.8279,2.36
2023-05-07,S60,Sentosa,1.25,103.8279,3.08
2023-05-08,S60,Sentosa,1.25,103.8279,4.22
2023-05-09,S60,Sentosa,1.25,103.8279,2.42
2023-05-10,S60,Sentosa,1.25,103.8279,4.04
2023-05-11,S60,Sentosa,1.25,103.8279,4.78
2023-05-12,S60,Sentosa,1.25,103.8279,4.03
2023-05-13,S60,Sentosa,1.25,103.8279,2.7
2023-05-14,S60,Sentosa,1.25,103.8279,2.91
2023-05-15,S60,Sentosa,1.25,103.8279,1.17
2023-05-16,S60,Sentosa,1.25,103.8279,1.16
2023-05-17,S60,Sentosa,1.25,103.8279,1.95
2023-05-18,S60,Sentosa,1.25,103.8279,0.9
2023-05-19,S60,Sentosa,1.25,103.8279,3.17
2023-05-20,S60,Sentosa,1.25,103.8279,1.58
2023-05-21,S60,Sentosa,1.25,103.8279,1.86
2023-05-22,S60,Sentosa,1.25,103.8279,2.04
2023-05-23,S60,Sentosa,1.25,103.8279,3.71
2023-05-24,S60,Sentosa,1.25,103.8279,2.31
2023-05-25,S60,Sentosa,1.25,103.8279,2.39
2023-05-26,S60,Sentosa,1.25,103.8279,1.23
2023-05-27,S60,Sentosa,1.25,103.8279,2.21
2023-05-28,S60,Sentosa,1.25,103.8279,3.44
2023-05-29,S60,Sentosa,1.25,103.8279,1.78
2023-05-30,S60,Sentosa,1.25,103.8279,3.32
2023-05-31,S60,Sentosa,1.25,103.8279,1.21
2023-06-01,S60,Sentosa,1.25,103.8279,2.08
2023-06-02,S60,Sentosa,1.25,103.8279,1.77
2023-06-03,S60,Sentosa,1.25,103.8279,2.3
2023-06-04,S60,Sentosa,1.25,103.8279,2.33
2023-06-05,S60,Sentosa,1.25,103.8279,1.5
2023-06-06,S60,Sentosa,1.25,103.8279,2.31
2023-06-07,S60,Sentosa,1.25,103.8279,2.46
2023-06-08,S60,Sentosa,1.25,103.8279,2.86
2023-06-09,S60,Sentosa,1.25,103.8279,3.01
2023-06-10,S60,Sentosa,1.25,103.8279,2.57
2023-06-11,S60,Sentosa,1.25,103.8279,2.64
2023-06-12,S60,Sentosa,1.25,103.8279,1.35
2023-06-13,S60,Sentosa,1.25,103.8279,2.74
2023-06-14,S60,Sentosa,1.25,103.8279,1.92
2023-06-15,S60,Sentosa,1.25,103.8279,2.2
2023-06-16,S60,Sentosa,1.25,103.8279,3.42
2023-06-17,S60,Sentosa,1.25,103.8279,2.83
2023-06-18,S60,Sentosa,1.25,103.8279,0.79
2023-06-19,S60,Sentosa,1.25,103.8279,2.6
2023-06-20,S60,Sentosa,1.25,103.8279,3.74
2023-06-21,S60,Sentosa,1.25,103.8279,3.65
2023-06-22,S60,Sentosa,1.25,103.8279,2.62
2023-06-23,S60,Sentosa,1.25,103.8279,1.8
2023-06-24,S60,Sentosa,1.25,103.8279,1.57
2023-06-25,S60,Sentosa,1.25,103.8279,1.09
2023-06-26,S60,Sentosa,1.25,103.8279,0.75
2023-06-27,S60,Sentosa,1.25,103.8279,2.37
2023-06-28,S60,Sentosa,1.25,103.8279,2.31
2023-06-29,S60,Sentosa,1.25,103.8279,2.02
2023-06-30,S60,Sentosa,1.25,103.8279,1.92
2023-07-01,S60,Sentosa,1.25,103.8279,2.88
2023-07-02,S60,Sentosa,1.25,103.8279,2.29
2023-07-03,S60,Sentosa,1.25,103.8279,3.63
2023-07-04,S60,Sentosa,1.25,103.8279,4.18
2023-07-05,S60,Sentosa,1.25,103.8279,2.68
2023-07-06,S60,Sentosa,1.25,103.8279,0.89
2023-07-07,S60,Sentosa,1.25,103.8279,1.94
2023-07-08,S60,Sentosa,1.25,103.8279,1.96
2023-07-09,S60,Sentosa,1.25,103.8279,1.1
2023-07-10,S60,Sentosa,1.25,103.8279,2.45
2023-07-11,S60,Sentosa,1.25,103.8279,0.88
2023-07-12,S60,Sentosa,1.25,103.8279,1.13
2023-07-13,S60,Sentosa,1.25,103.8279,1.63
2023-07-14,S60,Sentosa,1.25,103.8279,1.1
2023-07-15,S60,Sentosa,1.25,103.8279,0.75
2023-07-16,S60,Sentosa,1.25,103.8279,2.12
2023-07-17,S60,Sentosa,1.25,103.8279,1.5
2023-07-18,S60,Sentosa,1.25,103.8279,3.81
2023-07-19,S60,Sentosa,1.25,103.8279,1.61
2023-07-20,S60,Sentosa,1.25,103.8279,4.34
2023-07-21,S60,Sentosa,1.25,103.8279,3.67
2023-07-22,S60,Sentosa,1.25,103.8279,3.24
2023-07-23,S60,Sentosa,1.25,103.8279,2.74
2023-07-24,S60,Sentosa,1.25,103.8279,3.29
2023-07-31,S60,Sentosa,1.25,103.8279,3.97
2023-08-01,S60,Sentosa,1.25,103.8279,2.71
2023-08-02,S60,Sentosa,1.25,103.8279,3.22
2023-08-03,S60,Sentosa,1.25,103.8279,2.0
2023-08-04,S60,Sentosa,1.25,103.8279,2.11
2023-08-05,S60,Sentosa,1.25,103.8279,3.72
2023-08-06,S60,Sentosa,1.25,103.8279,1.41
2023-08-07,S60,Sentosa,1.25,103.8279,3.14
2023-08-08,S60,Sentosa,1.25,103.8279,2.73
2023-08-09,S60,Sentosa,1.25,103.8279,3.4
2023-08-10,S60,Sentosa,1.25,103.8279,2.29
2023-08-11,S60,Sentosa,1.25,103.8279,4.16
2023-08-12,S60,Sentosa,1.25,103.8279,3.78
2023-08-13,S60,Sentosa,1.25,103.8279,3.9
2023-08-14,S60,Sentosa,1.25,103.8279,0.96
2023-08-15,S60,Sentosa,1.25,103.8279,2.67
2023-08-16,S60,Sentosa,1.25,103.8279,2.41
2023-08-17,S60,Sentosa,1.25,103.8279,1.83
2023-08-18,S60,Sentosa,1.25,103.8279,2.14
2023-08-19,S60,Sentosa,1.25,103.8279,2.58
2023-08-20,S60,Sentosa,1.25,103.8279,2.19
2023-08-21,S60,Sentosa,1.25,103.8279,1.14
2023-08-22,S60,Sentosa,1.25,103.8279,3.09
2023-08-23,S60,Sentosa,1.25,103.8279,4.71
2023-08-24,S60,Sentosa,1.25,103.8279,2.6
2023-08-25,S60,Sentosa,1.25,103.8279,1.88
2023-08-26,S60,Sentosa,1.25,103.8279,1.05
2023-08-27,S60,Sentosa,1.25,103.8279,2.1
2023-08-28,S60,Sentosa,1.25,103.8279,1.7
2023-08-29,S60,Sentosa,1.25,103.8279,3.42
2023-08-30,S60,Sentosa,1.25,103.8279,3.59
2023-08-31,S60,Sentosa,1.25,103.8279,1.97
2023-09-01,S60,Sentosa,1.25,103.8279,3.36
2023-09-02,S60,Sentosa,1.25,103.8279,3.95
2023-09-03,S60,Sentosa,1.25,103.8279,4.74
2023-09-04,S60,Sentosa,1.25,103.8279,5.44
2023-09-05,S60,Sentosa,1.25,103.8279,3.01
2023-09-06,S60,Sentosa,1.25,103.8279,1.07
2023-09-07,S60,Sentosa,1.25,103.8279,2.08
2023-09-08,S60,Sentosa,1.25,103.8279,2.97
2023-09-09,S60,Sentosa,1.25,103.8279,1.48
2023-09-10,S60,Sentosa,1.25,103.8279,0.93
2023-09-11,S60,Sentosa,1.25,103.8279,2.44
2023-09-12,S60,Sentosa,1.25,103.8279,3.48
2023-09-13,S60,Sentosa,1.25,103.8279,3.31
2023-09-14,S60,Sentosa,1.25,103.8279,3.99
2023-09-15,S60,Sentosa,1.25,103.8279,3.51
2023-09-16,S60,Sentosa,1.25,103.8279,2.86
2023-09-17,S60,Sentosa,1.25,103.8279,2.98
2023-09-18,S60,Sentosa,1.25,103.8279,4.23
2023-09-19,S60,Sentosa,1.25,103.8279,4.03
2023-09-20,S60,Sentosa,1.25,103.8279,1.17
2023-09-21,S60,Sentosa,1.25,103.8279,2.12
2023-09-22,S60,Sentosa,1.25,103.8279,2.73
2023-09-23,S60,Sentosa,1.25,103.8279,2.21
2023-09-24,S60,Sentosa,1.25,103.8279,1.31
2023-09-25,S60,Sentosa,1.25,103.8279,1.91
2023-09-26,S60,Sentosa,1.25,103.8279,1.72
2023-09-27,S60,Sentosa,1.25,103.8279,3.33
2023-09-28,S60,Sentosa,1.25,103.8279,3.06
2023-09-29,S60,Sentosa,1.25,103.8279,1.73
2023-09-30,S60,Sentosa,1.25,103.8279,1.78
2023-10-01,S60,Sentosa,1.25,103.8279,1.43
2023-10-02,S60,Sentosa,1.25,103.8279,3.58
2023-10-03,S60,Sentosa,1.25,103.8279,0.56
2023-10-04,S60,Sentosa,1.25,103.8279,2.54
2023-10-05,S60,Sentosa,1.25,103.8279,3.1
2023-10-06,S60,Sentosa,1.25,103.8279,1.77
2023-10-07,S60,Sentosa,1.25,103.8279,1.93
2023-10-08,S60,Sentosa,1.25,103.8279,2.32
2023-10-09,S60,Sentosa,1.25,103.8279,2.85
2023-10-10,S60,Sentosa,1.25,103.8279,1.27
2023-10-11,S60,Sentosa,1.25,103.8279,2.57
2023-10-12,S60,Sentosa,1.25,103.8279,2.38
2023-10-13,S60,Sentosa,1.25,103.8279,2.1
2023-10-14,S60,Sentosa,1.25,103.8279,1.44
2023-10-15,S60,Sentosa,1.25,103.8279,2.35
2023-10-16,S60,Sentosa,1.25,103.8279,1.94
2023-10-17,S60,Sentosa,1.25,103.8279,1.94
2023-10-18,S60,Sentosa,1.25,103.8279,2.52
2023-10-19,S60,Sentosa,1.25,103.8279,2.05
2023-10-20,S60,Sentosa,1.25,103.8279,1.01
2023-10-21,S60,Sentosa,1.25,103.8279,1.46
2023-10-22,S60,Sentosa,1.25,103.8279,0.98
2023-10-23,S60,Sentosa,1.25,103.8279,1.16
2023-10-24,S60,Sentosa,1.25,103.8279,4.38
2023-10-25,S60,Sentosa,1.25,103.8279,0.93
2023-10-26,S60,Sentosa,1.25,103.8279,1.5
2023-10-27,S60,Sentosa,1.25,103.8279,2.86
2023-10-28,S60,Sentosa,1.25,103.8279,1.68
2023-10-29,S60,Sentosa,1.25,103.8279,2.12
2023-10-30,S60,Sentosa,1.25,103.8279,0.58
2023-10-31,S60,Sentosa,1.25,103.8279,1.08
2023-11-01,S60,Sentosa,1.25,103.8279,1.26
2023-11-02,S60,Sentosa,1.25,103.8279,1.62
2023-11-03,S60,Sentosa,1.25,103.8279,2.04
2023-11-04,S60,Sentosa,1.25,103.8279,0.82
2023-11-05,S60,Sentosa,1.25,103.8279,1.32
2023-11-06,S60,Sentosa,1.25,103.8279,0.97
2023-11-07,S60,Sentosa,1.25,103.8279,1.15
2023-11-08,S60,Sentosa,1.25,103.8279,1.28
2023-11-09,S60,Sentosa,1.25,103.8279,3.15
2023-11-10,S60,Sentosa,1.25,103.8279,1.46
2023-11-11,S60,Sentosa,1.25,103.8279,1.9
2023-11-12,S60,Sentosa,1.25,103.8279,1.47
2023-11-13,S60,Sentosa,1.25,103.8279,0.97
2023-11-14,S60,Sentosa,1.25,103.8279,1.83
2023-11-15,S60,Sentosa,1.25,103.8279,1.95
2023-11-16,S60,Sentosa,1.25,103.8279,2.35
2023-11-17,S60,Sentosa,1.25,103.8279,0.71
2023-11-18,S60,Sentosa,1.25,103.8279,1.64
2023-11-19,S60,Sentosa,1.25,103.8279,1.94
2023-11-20,S60,Sentosa,1.25,103.8279,1.63
2023-11-21,S60,Sentosa,1.25,103.8279,2.6
2023-11-22,S60,Sentosa,1.25,103.8279,3.19
2023-11-23,S60,Sentosa,1.25,103.8279,2.59
2023-11-24,S60,Sentosa,1.25,103.8279,2.68
2023-11-25,S60,Sentosa,1.25,103.8279,2.33
2023-11-26,S60,Sentosa,1.25,103.8279,1.47
2023-11-27,S60,Sentosa,1.25,103.8279,0.78
2023-11-28,S60,Sentosa,1.25,103.8279,2.97
2023-11-29,S60,Sentosa,1.25,103.8279,1.11
2023-11-30,S60,Sentosa,1.25,103.8279,2.55
2023-12-01,S60,Sentosa,1.25,103.8279,1.67
2023-12-02,S60,Sentosa,1.25,103.8279,1.68
2023-12-03,S60,Sentosa,1.25,103.8279,1.02
2023-12-04,S60,Sentosa,1.25,103.8279,1.94
2023-12-05,S60,Sentosa,1.25,103.8279,0.84
2023-12-06,S60,Sentosa,1.25,103.8279,2.53
2023-12-07,S60,Sentosa,1.25,103.8279,1.23
2023-12-08,S60,Sentosa,1.25,103.8279,1.83
2023-12-09,S60,Sentosa,1.25,103.8279,1.96
2023-12-10,S60,Sentosa,1.25,103.8279,1.34
2023-12-11,S60,Sentosa,1.25,103.8279,1.66
2023-12-12,S60,Sentosa,1.25,103.8279,3.95
2023-12-14,S60,Sentosa,1.25,103.8279,1.0
2023-12-15,S60,Sentosa,1.25,103.8279,2.02
2023-12-16,S60,Sentosa,1.25,103.8279,1.37
2023-12-17,S60,Sentosa,1.25,103.8279,2.04
2023-12-18,S60,Sentosa,1.25,103.8279,2.0
2023-12-19,S60,Sentosa,1.25,103.8279,1.93
2023-12-20,S60,Sentosa,1.25,103.8279,1.96
2023-12-21,S60,Sentosa,1.25,103.8279,2.74
2023-12-22,S60,Sentosa,1.25,103.8279,2.79
2023-12-23,S60,Sentosa,1.25,103.8279,1.5
2023-12-24,S60,Sentosa,1.25,103.8279,2.67
2023-12-25,S60,Sentosa,1.25,103.8279,1.64
2023-12-26,S60,Sentosa,1.25,103.8279,2.56
2023-12-27,S60,Sentosa,1.25,103.8279,2.95
2023-12-28,S60,Sentosa,1.25,103.8279,2.29
2023-12-29,S60,Sentosa,1.25,103.8279,2.12
2023-12-30,S60,Sentosa,1.25,103.8279,1.77
2023-12-31,S60,Sentosa,1.25,103.8279,1.79
2024-01-01,S60,Sentosa,1.25,103.8279,2.02
2024-01-10,S60,Sentosa,1.25,103.8279,1.23
2024-01-11,S60,Sentosa,1.25,103.8279,2.3
2024-01-12,S60,Sentosa,1.25,103.8279,0.88
2024-01-13,S60,Sentosa,1.25,103.8279,1.97
2024-01-14,S60,Sentosa,1.25,103.8279,2.39
2024-01-15,S60,Sentosa,1.25,103.8279,2.61
2024-01-16,S60,Sentosa,1.25,103.8279,2.38
2024-01-17,S60,Sentosa,1.25,103.8279,2.12
2024-01-18,S60,Sentosa,1.25,103.8279,2.0
2024-01-19,S60,Sentosa,1.25,103.8279,1.01
2024-01-20,S60,Sentosa,1.25,103.8279,2.21
2024-01-21,S60,Sentosa,1.25,103.8279,1.91
2024-01-22,S60,Sentosa,1.25,103.8279,1.67
2024-01-23,S60,Sentosa,1.25,103.8279,1.95
2024-01-24,S60,Sentosa,1.25,103.8279,2.62
2024-01-25,S60,Sentosa,1.25,103.8279,3.1
2024-01-26,S60,Sentosa,1.25,103.8279,3.28
2024-01-27,S60,Sentosa,1.25,103.8279,3.37
2024-01-28,S60,Sentosa,1.25,103.8279,3.57
2024-01-29,S60,Sentosa,1.25,103.8279,2.88
2024-01-30,S60,Sentosa,1.25,103.8279,2.27
2024-01-31,S60,Sentosa,1.25,103.8279,1.97
2024-02-01,S60,Sentosa,1.25,103.8279,2.54
2024-02-02,S60,Sentosa,1.25,103.8279,3.98
2024-02-03,S60,Sentosa,1.25,103.8279,5.56
2024-02-04,S60,Sentosa,1.25,103.8279,2.2
2024-02-05,S60,Sentosa,1.25,103.8279,1.85
2024-02-06,S60,Sentosa,1.25,103.8279,2.18
2024-02-07,S60,Sentosa,1.25,103.8279,4.47
2024-02-08,S60,Sentosa,1.25,103.8279,2.55
2024-02-09,S60,Sentosa,1.25,103.8279,5.47
2024-02-10,S60,Sentosa,1.25,103.8279,2.32
2024-02-11,S60,Sentosa,1.25,103.8279,2.78
2024-02-12,S60,Sentosa,1.25,103.8279,2.84
2024-02-13,S60,Sentosa,1.25,103.8279,2.77
2024-02-14,S60,Sentosa,1.25,103.8279,3.05
2024-02-15,S60,Sentosa,1.25,103.8279,2.73
2024-02-16,S60,Sentosa,1.25,103.8279,2.22
2024-02-17,S60,Sentosa,1.25,103.8279,2.5
2024-02-18,S60,Sentosa,1.25,103.8279,2.54
2024-02-19,S60,Sentosa,1.25,103.8279,2.38
2024-02-20,S60,Sentosa,1.25,103.8279,2.28
2024-02-21,S60,Sentosa,1.25,103.8279,2.92
2024-02-22,S60,Sentosa,1.25,103.8279,2.3
2024-02-23,S60,Sentosa,1.25,103.8279,2.69
2024-02-24,S60,Sentosa,1.25,103.8279,2.47
2024-02-25,S60,Sentosa,1.25,103.8279,2.56
2024-02-26,S60,Sentosa,1.25,103.8279,2.62
2024-02-27,S60,Sentosa,1.25,103.8279,2.72
2024-02-28,S60,Sentosa,1.25,103.8279,2.81
2024-02-29,S60,Sentosa,1.25,103.8279,2.69
2024-03-01,S60,Sentosa,1.25,103.8279,2.59
2024-03-02,S60,Sentosa,1.25,103.8279,1.6
2024-03-03,S60,Sentosa,1.25,103.8279,2.11
2024-03-04,S60,Sentosa,1.25,103.8279,4.28
2024-03-05,S60,Sentosa,1.25,103.8279,1.28
2024-03-06,S60,Sentosa,1.25,103.8279,1.57
2024-03-07,S60,Sentosa,1.25,103.8279,0.82
2024-03-08,S60,Sentosa,1.25,103.8279,4.63
2024-03-09,S60,Sentosa,1.25,103.8279,2.72
2024-03-10,S60,Sentosa,1.25,103.8279,2.22
2024-03-11,S60,Sentosa,1.25,103.8279,1.96
2024-03-12,S60,Sentosa,1.25,103.8279,2.49
2024-03-13,S60,Sentosa,1.25,103.8279,3.13
2024-03-14,S60,Sentosa,1.25,103.8279,2.62
2024-03-15,S60,Sentosa,1.25,103.8279,18.89
2024-03-16,S60,Sentosa,1.25,103.8279,18.02
2024-04-29,S60,Sentosa,1.25,103.8279,4.02
2024-04-30,S60,Sentosa,1.25,103.8279,3.91
2024-05-01,S60,Sentosa,1.25,103.8279,6.27
2024-05-02,S60,Sentosa,1.25,103.8279,3.83
2024-05-03,S60,Sentosa,1.25,103.8279,3.91
2024-05-04,S60,Sentosa,1.25,103.8279,4.72
2024-05-05,S60,Sentosa,1.25,103.8279,3.76
2024-05-06,S60,Sentosa,1.25,103.8279,3.7
2024-05-07,S60,Sentosa,1.25,103.8279,3.82
2024-05-08,S60,Sentosa,1.25,103.8279,4.07
2024-05-09,S60,Sentosa,1.25,103.8279,4.49
2024-05-10,S60,Sentosa,1.25,103.8279,3.57
2024-05-11,S60,Sentosa,1.25,103.8279,3.89
2024-05-12,S60,Sentosa,1.25,103.8279,3.66
2024-05-13,S60,Sentosa,1.25,103.8279,4.62
2024-05-14,S60,Sentosa,1.25,103.8279,3.6
2024-05-15,S60,Sentosa,1.25,103.8279,4.92
2024-05-16,S60,Sentosa,1.25,103.8279,5.29
2024-05-17,S60,Sentosa,1.25,103.8279,4.72
2024-05-18,S60,Sentosa,1.25,103.8279,4.78
2024-05-19,S60,Sentosa,1.25,103.8279,5.28
2024-05-20,S60,Sentosa,1.25,103.8279,4.84
2024-05-21,S60,Sentosa,1.25,103.8279,4.65
2024-05-22,S60,Sentosa,1.25,103.8279,4.56
2024-05-23,S60,Sentosa,1.25,103.8279,8.11
2024-05-24,S60,Sentosa,1.25,103.8279,6.13
2024-05-25,S60,Sentosa,1.25,103.8279,5.23
2024-05-26,S60,Sentosa,1.25,103.8279,5.11
2024-05-27,S60,Sentosa,1.25,103.8279,4.99
2024-05-28,S60,Sentosa,1.25,103.8279,5.97
2024-05-29,S60,Sentosa,1.25,103.8279,5.04
2024-05-30,S60,Sentosa,1.25,103.8279,5.76
2024-05-31,S60,Sentosa,1.25,103.8279,5.55
2024-06-01,S60,Sentosa,1.25,103.8279,9.32
2024-06-02,S60,Sentosa,1.25,103.8279,4.99
2024-06-03,S60,Sentosa,1.25,103.8279,7.99
2024-06-04,S60,Sentosa,1.25,103.8279,5.27
2024-06-05,S60,Sentosa,1.25,103.8279,4.8
2024-06-06,S60,Sentosa,1.25,103.8279,6.11
2024-06-07,S60,Sentosa,1.25,103.8279,4.25
2024-06-08,S60,Sentosa,1.25,103.8279,5.27
2024-06-09,S60,Sentosa,1.25,103.8279,4.98
2024-06-10,S60,Sentosa,1.25,103.8279,4.77
2024-06-11,S60,Sentosa,1.25,103.8279,5.32
2024-06-12,S60,Sentosa,1.25,103.8279,4.99
2024-06-13,S60,Sentosa,1.25,103.8279,5.11
2024-06-14,S60,Sentosa,1.25,103.8279,4.52
2024-06-15,S60,Sentosa,1.25,103.8279,6.04
2024-06-16,S60,Sentosa,1.25,103.8279,8.52
2024-06-17,S60,Sentosa,1.25,103.8279,7.45
2024-06-18,S60,Sentosa,1.25,103.8279,7.68
2024-06-19,S60,Sentosa,1.25,103.8279,6.06
2024-06-20,S60,Sentosa,1.25,103.8279,8.26
2024-06-21,S60,Sentosa,1.25,103.8279,5.64
2024-06-22,S60,Sentosa,1.25,103.8279,9.09
2024-06-23,S60,Sentosa,1.25,103.8279,5.53
2024-06-24,S60,Sentosa,1.25,103.8279,4.8
2024-06-25,S60,Sentosa,1.25,103.8279,5.75
2024-06-26,S60,Sentosa,1.25,103.8279,5.55
2024-06-27,S60,Sentosa,1.25,103.8279,5.4
2024-06-28,S60,Sentosa,1.25,103.8279,6.01
2024-06-29,S60,Sentosa,1.25,103.8279,4.22
2024-06-30,S60,Sentosa,1.25,103.8279,6.11
2024-07-01,S60,Sentosa,1.25,103.8279,3.83
2024-07-02,S60,Sentosa,1.25,103.8279,4.53
2024-07-03,S60,Sentosa,1.25,103.8279,5.33
2024-07-04,S60,Sentosa,1.25,103.8279,5.75
2024-07-05,S60,Sentosa,1.25,103.8279,7.4
2024-07-06,S60,Sentosa,1.25,103.8279,4.9
2024-07-07,S60,Sentosa,1.25,103.8279,5.62
2024-07-08,S60,Sentosa,1.25,103.8279,6.03
2024-07-09,S60,Sentosa,1.25,103.8279,4.49
2024-07-10,S60,Sentosa,1.25,103.8279,9.71
2024-08-27,S60,Sentosa,1.25,103.8279,1.3
2024-08-28,S60,Sentosa,1.25,103.8279,2.66
2024-08-29,S60,Sentosa,1.25,103.8279,2.64
2024-08-30,S60,Sentosa,1.25,103.8279,3.37
2024-08-31,S60,Sentosa,1.25,103.8279,1.82
2024-09-01,S60,Sentosa,1.25,103.8279,4.01
2024-09-02,S60,Sentosa,1.25,103.8279,3.31
2024-09-03,S60,Sentosa,1.25,103.8279,1.9
2024-09-04,S60,Sentosa,1.25,103.8279,1.81
2024-09-05,S60,Sentosa,1.25,103.8279,1.38
2024-09-06,S60,Sentosa,1.25,103.8279,3.3
2024-09-07,S60,Sentosa,1.25,103.8279,3.11
2024-09-08,S60,Sentosa,1.25,103.8279,2.03
2024-09-09,S60,Sentosa,1.25,103.8279,2.31
2024-09-10,S60,Sentosa,1.25,103.8279,2.24
2024-09-11,S60,Sentosa,1.25,103.8279,1.42
2024-09-12,S60,Sentosa,1.25,103.8279,3.41
2024-09-13,S60,Sentosa,1.25,103.8279,1.33
2024-09-14,S60,Sentosa,1.25,103.8279,1.5
2024-09-15,S60,Sentosa,1.25,103.8279,1.25
2024-09-16,S60,Sentosa,1.25,103.8279,4.0
2024-09-17,S60,Sentosa,1.25,103.8279,4.99
2024-09-18,S60,Sentosa,1.25,103.8279,1.97
2024-09-19,S60,Sentosa,1.25,103.8279,2.27
2024-09-20,S60,Sentosa,1.25,103.8279,4.96
2024-09-21,S60,Sentosa,1.25,103.8279,1.79
2024-09-22,S60,Sentosa,1.25,103.8279,3.57
2024-09-23,S60,Sentosa,1.25,103.8279,1.86
2024-09-24,S60,Sentosa,1.25,103.8279,1.26
2024-09-25,S60,Sentosa,1.25,103.8279,2.13
2024-09-26,S60,Sentosa,1.25,103.8279,0.6
2024-09-27,S60,Sentosa,1.25,103.8279,3.18
2024-09-28,S60,Sentosa,1.25,103.8279,1.96
2024-09-29,S60,Sentosa,1.25,103.8279,2.43
2024-09-30,S60,Sentosa,1.25,103.8279,1.48
2024-10-01,S60,Sentosa,1.25,103.8279,1.46
2024-10-02,S60,Sentosa,1.25,103.8279,1.66
2024-10-03,S60,Sentosa,1.25,103.8279,1.17
2024-10-04,S60,Sentosa,1.25,103.8279,0.81
2024-10-05,S60,Sentosa,1.25,103.8279,1.19
2024-10-06,S60,Sentosa,1.25,103.8279,1.34
2024-10-07,S60,Sentosa,1.25,103.8279,1.39
2024-10-08,S60,Sentosa,1.25,103.8279,1.4
2024-10-09,S60,Sentosa,1.25,103.8279,0.79
2024-10-10,S60,Sentosa,1.25,103.8279,1.42
2024-10-11,S60,Sentosa,1.25,103.8279,2.47
2024-10-12,S60,Sentosa,1.25,103.8279,0.68
2024-10-13,S60,Sentosa,1.25,103.8279,1.77
2024-10-14,S60,Sentosa,1.25,103.8279,1.0
2024-10-15,S60,Sentosa,1.25,103.8279,2.32
2024-10-16,S60,Sentosa,1.25,103.8279,1.47
2024-10-17,S60,Sentosa,1.25,103.8279,1.51
2024-10-18,S60,Sentosa,1.25,103.8279,0.83
2024-10-19,S60,Sentosa,1.25,103.8279,2.75
2024-10-20,S60,Sentosa,1.25,103.8279,1.0
2024-10-23,S60,Sentosa,1.25,103.8279,1.32
2024-10-24,S60,Sentosa,1.25,103.8279,1.12
2024-10-25,S60,Sentosa,1.25,103.8279,2.65
2024-10-26,S60,Sentosa,1.25,103.8279,1.51
2024-10-27,S60,Sentosa,1.25,103.8279,2.27
2024-10-28,S60,Sentosa,1.25,103.8279,0.68
2024-10-29,S60,Sentosa,1.25,103.8279,1.19
2024-10-30,S60,Sentosa,1.25,103.8279,1.11
2024-10-31,S60,Sentosa,1.25,103.8279,2.32
2024-11-01,S60,Sentosa,1.25,103.8279,0.84
2024-11-02,S60,Sentosa,1.25,103.8279,1.82
2024-11-03,S60,Sentosa,1.25,103.8279,0.84
2024-11-04,S60,Sentosa,1.25,103.8279,0.73
2024-11-05,S60,Sentosa,1.25,103.8279,3.31
2024-11-06,S60,Sentosa,1.25,103.8279,1.44
2024-11-07,S60,Sentosa,1.25,103.8279,0.8
2024-11-08,S60,Sentosa,1.25,103.8279,1.24
2024-11-09,S60,Sentosa,1.25,103.8279,0.9
2024-11-10,S60,Sentosa,1.25,103.8279,1.26
2024-11-11,S60,Sentosa,1.25,103.8279,1.6
2024-11-12,S60,Sentosa,1.25,103.8279,0.93
2024-11-13,S60,Sentosa,1.25,103.8279,1.43
2024-11-14,S60,Sentosa,1.25,103.8279,0.85
2024-11-15,S60,Sentosa,1.25,103.8279,1.12
2024-11-16,S60,Sentosa,1.25,103.8279,1.39
2024-11-17,S60,Sentosa,1.25,103.8279,1.56
2024-11-18,S60,Sentosa,1.25,103.8279,1.35
2024-11-19,S60,Sentosa,1.25,103.8279,1.17
2024-11-20,S60,Sentosa,1.25,103.8279,1.83
2024-11-21,S60,Sentosa,1.25,103.8279,1.02
2024-11-22,S60,Sentosa,1.25,103.8279,2.11
2024-11-23,S60,Sentosa,1.25,103.8279,1.09
2024-11-24,S60,Sentosa,1.25,103.8279,1.02
2024-11-25,S60,Sentosa,1.25,103.8279,1.58
2024-11-26,S60,Sentosa,1.25,103.8279,1.18
2024-11-27,S60,Sentosa,1.25,103.8279,1.19
2024-11-28,S60,Sentosa,1.25,103.8279,0.79
2024-11-29,S60,Sentosa,1.25,103.8279,2.2
2024-11-30,S60,Sentosa,1.25,103.8279,1.36
2024-12-01,S60,Sentosa,1.25,103.8279,1.43
2024-12-02,S60,Sentosa,1.25,103.8279,1.73
2024-12-03,S60,Sentosa,1.25,103.8279,0.94
2024-12-04,S60,Sentosa,1.25,103.8279,3.22
2024-12-05,S60,Sentosa,1.25,103.8279,1.89
2024-12-06,S60,Sentosa,1.25,103.8279,0.83
2024-12-07,S60,Sentosa,1.25,103.8279,1.37
2024-12-08,S60,Sentosa,1.25,103.8279,2.18
2024-12-09,S60,Sentosa,1.25,103.8279,3.09
2024-12-10,S60,Sentosa,1.25,103.8279,1.7
2024-12-11,S60,Sentosa,1.25,103.8279,3.69
2024-12-12,S60,Sentosa,1.25,103.8279,2.31
2024-12-13,S60,Sentosa,1.25,103.8279,1.52
2024-12-14,S60,Sentosa,1.25,103.8279,1.58
2024-12-15,S60,Sentosa,1.25,103.8279,1.51
2024-12-16,S60,Sentosa,1.25,103.8279,2.28
2024-12-17,S60,Sentosa,1.25,103.8279,2.71
2024-12-18,S60,Sentosa,1.25,103.8279,2.57
2024-12-19,S60,Sentosa,1.25,103.8279,2.29
2024-12-20,S60,Sentosa,1.25,103.8279,1.86
2024-12-21,S60,Sentosa,1.25,103.8279,2.47
2024-12-22,S60,Sentosa,1.25,103.8279,2.88
2024-12-23,S60,Sentosa,1.25,103.8279,1.3
2024-12-24,S60,Sentosa,1.25,103.8279,2.37
2024-12-25,S60,Sentosa,1.25,103.8279,1.65
2024-12-26,S60,Sentosa,1.25,103.8279,1.52
2024-12-27,S60,Sentosa,1.25,103.8279,1.83
2024-12-28,S60,Sentosa,1.25,103.8279,2.53
2024-12-29,S60,Sentosa,1.25,103.8279,1.38
2024-12-30,S60,Sentosa,1.25,103.8279,2.3
2024-12-31,S60,Sentosa,1.25,103.8279,2.09
2025-01-01,S60,Sentosa,1.25,103.8279,2.1
2025-01-02,S60,Sentosa,1.25,103.8279,2.26
2025-01-03,S60,Sentosa,1.25,103.8279,2.05
2025-01-04,S60,Sentosa,1.25,103.8279,2.71
2025-01-05,S60,Sentosa,1.25,103.8279,3.08
2025-01-06,S60,Sentosa,1.25,103.8279,2.38
2025-01-07,S60,Sentosa,1.25,103.8279,3.04
2025-01-08,S60,Sentosa,1.25,103.8279,2.9
2025-01-09,S60,Sentosa,1.25,103.8279,2.73
2025-01-10,S60,Sentosa,1.25,103.8279,5.58
2025-01-13,S60,Sentosa,1.25,103.8279,1.94
2025-01-14,S60,Sentosa,1.25,103.8279,2.62
2025-01-17,S60,Sentosa,1.25,103.8279,3.4
2025-01-18,S60,Sentosa,1.25,103.8279,2.83
2025-01-19,S60,Sentosa,1.25,103.8279,2.11
2025-01-20,S60,Sentosa,1.25,103.8279,1.97
2025-01-21,S60,Sentosa,1.25,103.8279,3.06
2025-01-22,S60,Sentosa,1.25,103.8279,1.71
2025-01-23,S60,Sentosa,1.25,103.8279,1.96
2025-01-24,S60,Sentosa,1.25,103.8279,1.29
2025-01-25,S60,Sentosa,1.25,103.8279,1.06
2025-01-26,S60,Sentosa,1.25,103.8279,0.86
2025-01-27,S60,Sentosa,1.25,103.8279,2.48
2025-01-28,S60,Sentosa,1.25,103.8279,2.18
2025-01-29,S60,Sentosa,1.25,103.8279,2.6
2025-01-30,S60,Sentosa,1.25,103.8279,2.27
2025-01-31,S60,Sentosa,1.25,103.8279,2.82
2025-02-01,S60,Sentosa,1.25,103.8279,2.24
2025-02-02,S60,Sentosa,1.25,103.8279,1.92
2025-02-03,S60,Sentosa,1.25,103.8279,2.44
2025-02-04,S60,Sentosa,1.25,103.8279,2.35
2025-02-05,S60,Sentosa,1.25,103.8279,3.4
2025-02-06,S60,Sentosa,1.25,103.8279,1.81
2025-02-07,S60,Sentosa,1.25,103.8279,2.84
2025-02-08,S60,Sentosa,1.25,103.8279,2.73
2025-02-09,S60,Sentosa,1.25,103.8279,2.76
2025-02-10,S60,Sentosa,1.25,103.8279,3.29
2025-02-11,S60,Sentosa,1.25,103.8279,2.9
2025-02-12,S60,Sentosa,1.25,103.8279,2.81
2025-02-13,S60,Sentosa,1.25,103.8279,3.33
2025-02-14,S60,Sentosa,1.25,103.8279,2.54
2025-02-15,S60,Sentosa,1.25,103.8279,1.49
2025-02-16,S60,Sentosa,1.25,103.8279,0.86
2025-02-17,S60,Sentosa,1.25,103.8279,1.74
2025-02-18,S60,Sentosa,1.25,103.8279,2.02
2025-02-19,S60,Sentosa,1.25,103.8279,2.25
2025-02-20,S60,Sentosa,1.25,103.8279,2.28
2025-02-21,S60,Sentosa,1.25,103.8279,1.83
2025-02-22,S60,Sentosa,1.25,103.8279,2.06
2025-02-23,S60,Sentosa,1.25,103.8279,1.55
